,token,Total0,Total1,Total2,Total3,Total4,Total5,Total6,Total7
0,'at',0.0,0.0,0.0,0.0,0.0,4.0,0.0,0.0
1,'color',0.0,0.0,0.0,0.0,0.0,1.0,0.0,0.0
2,'google,0.0,0.0,0.0,3.0,0.0,0.0,0.0,0.0
3,'ltr',0.0,0.0,0.0,1.0,0.0,1.0,1.0,1.0
4,'mute',0.0,0.0,0.0,1.0,0.0,0.0,0.0,0.0
5,'object',0.0,0.0,0.0,1.0,0.0,0.0,9.0,9.0
6,'of',0.0,0.0,0.0,0.0,0.0,8.0,0.0,0.0
7,'open,0.0,0.0,0.0,0.0,0.0,0.0,22.0,22.0
8,'paioe',0.0,0.0,0.0,1.0,0.0,0.0,0.0,0.0
9,'partially,0.0,0.0,0.0,8.0,0.0,0.0,0.0,0.0
10,'position',0.0,0.0,0.0,0.0,0.0,1.0,0.0,0.0
11,'product,0.0,0.0,0.0,1.0,0.0,0.0,0.0,0.0
12,'pt,0.0,0.0,0.0,1.0,0.0,0.0,1.0,1.0
13,'speed',0.0,0.0,0.0,0.0,0.0,1.0,0.0,0.0
14,'text,0.0,0.0,0.0,1.0,0.0,1.0,1.0,1.0
15,'timing',0.0,0.0,0.0,1.0,0.0,0.0,9.0,9.0
16,'undefined',0.0,0.0,0.0,42.0,0.0,0.0,0.0,0.0
17,'use,0.0,0.0,0.0,2.0,0.0,0.0,0.0,0.0
18,abide,0.0,0.0,0.0,0.0,0.0,0.0,1.0,1.0
19,able,0.0,0.0,0.0,0.0,0.0,3.0,1.0,1.0
20,abortion,0.0,0.0,0.0,7.0,0.0,0.0,0.0,0.0
21,abortions,0.0,0.0,0.0,16.0,0.0,0.0,0.0,0.0
22,about,0.0,0.0,0.0,6.0,0.0,4.0,6.0,7.0
23,accept,0.0,0.0,0.0,0.0,0.0,2.0,0.0,0.0
24,access,0.0,0.0,0.0,4.0,0.0,1.0,1.0,1.0
25,accessing,0.0,0.0,0.0,0.0,0.0,0.0,1.0,1.0
26,account,0.0,0.0,0.0,48.0,0.0,0.0,3.0,3.0
27,accounting,0.0,0.0,0.0,0.0,0.0,2.0,0.0,0.0
28,accurate,0.0,0.0,0.0,1.0,0.0,0.0,0.0,0.0
29,across,0.0,0.0,0.0,0.0,0.0,2.0,1.0,1.0
30,action,0.0,0.0,0.0,9.0,0.0,0.0,9.0,9.0
31,active,0.0,0.0,0.0,1.0,0.0,0.0,0.0,0.0
32,activity,0.0,0.0,0.0,1.0,0.0,0.0,0.0,0.0
33,addbreadcrumb,0.0,0.0,0.0,8.0,0.0,0.0,0.0,0.0
34,added,0.0,0.0,0.0,1.0,0.0,0.0,0.0,0.0
35,additional,0.0,0.0,0.0,10.0,0.0,0.0,2.0,2.0
36,address,0.0,0.0,0.0,0.0,0.0,1.0,3.0,3.0
37,administration,0.0,0.0,0.0,0.0,0.0,6.0,0.0,0.0
38,advanced,0.0,0.0,0.0,0.0,0.0,2.0,2.0,0.0
39,advances,0.0,0.0,0.0,1.0,0.0,0.0,0.0,0.0
40,advancing,0.0,0.0,0.0,0.0,0.0,2.0,0.0,0.0
41,advantage,0.0,0.0,0.0,0.0,0.0,1.0,0.0,0.0
42,african,0.0,0.0,0.0,0.0,0.0,2.0,0.0,0.0
43,after,0.0,0.0,0.0,248.0,0.0,1.0,2.0,2.0
44,again,0.0,0.0,0.0,1.0,0.0,0.0,0.0,0.0
45,agencies,0.0,0.0,0.0,0.0,0.0,3.0,0.0,0.0
46,agendas,0.0,0.0,0.0,0.0,0.0,1.0,0.0,0.0
47,agent,0.0,0.0,0.0,0.0,0.0,0.0,11.0,11.0
48,ages,0.0,0.0,0.0,1.0,0.0,0.0,0.0,0.0
49,aggregator,0.0,0.0,0.0,0.0,0.0,0.0,1.0,1.0
50,ago,0.0,0.0,0.0,30.0,0.0,0.0,0.0,0.0
51,agree,0.0,0.0,0.0,0.0,0.0,0.0,1.0,1.0
52,agreed,0.0,0.0,0.0,0.0,0.0,0.0,1.0,1.0
53,agricultural,0.0,0.0,0.0,0.0,0.0,1.0,0.0,0.0
54,alabama,0.0,0.0,0.0,0.0,0.0,0.0,1.0,1.0
55,alaska,0.0,0.0,0.0,0.0,0.0,0.0,1.0,1.0
56,algunos,0.0,0.0,0.0,1.0,0.0,0.0,0.0,0.0
57,all,0.0,0.0,0.0,40.0,0.0,7.0,14.0,14.0
58,allow,0.0,0.0,0.0,3.0,0.0,0.0,0.0,0.0
59,along,0.0,0.0,0.0,2.0,0.0,0.0,0.0,0.0
60,already,0.0,0.0,0.0,8.0,0.0,1.0,1.0,1.0
61,also,0.0,0.0,0.0,11.0,0.0,0.0,0.0,0.0
62,alumni,0.0,0.0,0.0,0.0,0.0,1.0,0.0,0.0
63,always,0.0,0.0,0.0,2.0,0.0,0.0,1.0,1.0
64,amazing,0.0,0.0,0.0,1.0,0.0,0.0,0.0,0.0
65,american,0.0,0.0,0.0,0.0,0.0,0.0,2.0,2.0
66,among,0.0,0.0,0.0,0.0,0.0,1.0,0.0,0.0
67,amount,0.0,0.0,0.0,0.0,0.0,0.0,4.0,4.0
68,amtrak,0.0,0.0,0.0,1.0,0.0,0.0,0.0,0.0
69,analytics,0.0,0.0,0.0,8.0,0.0,0.0,0.0,0.0
70,angel,0.0,0.0,0.0,2.0,0.0,0.0,0.0,0.0
71,anger,0.0,0.0,0.0,3.0,0.0,0.0,0.0,0.0
72,ann,0.0,0.0,0.0,0.0,0.0,0.0,6.0,6.0
73,anne,0.0,0.0,0.0,0.0,0.0,0.0,2.0,2.0
74,annually,0.0,0.0,0.0,16.0,0.0,1.0,12.0,8.0
75,anoka,0.0,0.0,0.0,8.0,0.0,0.0,0.0,0.0
76,another,0.0,0.0,0.0,1.0,0.0,0.0,0.0,0.0
77,any,0.0,0.0,0.0,26.0,0.0,1.0,6.0,7.0
78,anyone,0.0,0.0,0.0,1.0,0.0,0.0,0.0,0.0
79,appeals,0.0,0.0,0.0,0.0,0.0,2.0,0.0,0.0
80,appear,0.0,0.0,0.0,0.0,0.0,4.0,0.0,0.0
81,appearing,0.0,0.0,0.0,0.0,0.0,0.0,3.0,3.0
82,appears,0.0,0.0,0.0,0.0,0.0,1.0,0.0,0.0
83,append,0.0,0.0,0.0,1.0,0.0,0.0,9.0,9.0
84,appetite,0.0,0.0,0.0,1.0,0.0,0.0,0.0,0.0
85,apple,0.0,0.0,0.0,0.0,0.0,0.0,0.0,1.0
86,applicable,0.0,0.0,0.0,0.0,0.0,0.0,1.0,1.0
87,appointment,0.0,0.0,0.0,1.0,0.0,0.0,0.0,0.0
88,appointments,0.0,0.0,0.0,1.0,0.0,0.0,0.0,0.0
89,appraisal,0.0,0.0,0.0,0.0,0.0,5.0,0.0,0.0
90,approves,0.0,0.0,0.0,0.0,0.0,0.0,1.0,1.0
91,approximately,0.0,0.0,0.0,1.0,0.0,0.0,0.0,0.0
92,aquí,0.0,0.0,0.0,1.0,0.0,0.0,0.0,0.0
93,arab,0.0,0.0,0.0,0.0,0.0,2.0,0.0,0.0
94,areas,0.0,0.0,0.0,1.0,0.0,0.0,0.0,0.0
95,args,0.0,0.0,0.0,1.0,0.0,0.0,9.0,9.0
96,arising,0.0,0.0,0.0,8.0,0.0,0.0,0.0,0.0
97,arizona,0.0,0.0,0.0,0.0,0.0,0.0,1.0,1.0
98,arkansas,0.0,0.0,0.0,0.0,0.0,0.0,1.0,1.0
99,arms,0.0,0.0,0.0,0.0,0.0,1.0,0.0,0.0
100,around,0.0,0.0,0.0,2.0,0.0,0.0,0.0,0.0
101,arriving,0.0,0.0,0.0,1.0,0.0,0.0,0.0,0.0
102,arrow,0.0,0.0,0.0,2.0,0.0,0.0,0.0,0.0
103,arrwithtrailingcomma,0.0,0.0,0.0,8.0,0.0,0.0,0.0,0.0
104,assessing,0.0,0.0,0.0,0.0,0.0,1.0,0.0,0.0
105,assistance,0.0,0.0,0.0,0.0,0.0,0.0,1.0,1.0
106,assistant,0.0,0.0,0.0,0.0,0.0,0.0,2.0,2.0
107,assisted,0.0,0.0,0.0,0.0,0.0,2.0,0.0,0.0
108,association,0.0,0.0,0.0,0.0,0.0,1.0,0.0,0.0
109,async,0.0,0.0,0.0,24.0,0.0,0.0,0.0,0.0
110,attribute,0.0,0.0,0.0,0.0,0.0,0.0,1.0,1.0
111,author,0.0,0.0,0.0,16.0,0.0,0.0,0.0,0.0
112,authorized,0.0,0.0,0.0,0.0,0.0,0.0,1.0,1.0
113,authors,0.0,0.0,0.0,8.0,0.0,0.0,0.0,0.0
114,auto,0.0,0.0,0.0,6.0,0.0,6.0,54.0,54.0
115,automate,0.0,0.0,0.0,0.0,0.0,3.0,0.0,0.0
116,available,0.0,0.0,0.0,4.0,0.0,0.0,1.0,1.0
117,ave,0.0,0.0,0.0,13.0,0.0,1.0,0.0,0.0
118,avenue,0.0,0.0,0.0,0.0,0.0,0.0,2.0,2.0
119,await,0.0,0.0,0.0,8.0,0.0,0.0,0.0,0.0
120,award,0.0,0.0,0.0,0.0,0.0,0.0,1.0,1.0
121,ayuda,0.0,0.0,0.0,1.0,0.0,0.0,0.0,0.0
122,babies,0.0,0.0,0.0,2.0,0.0,0.0,9.0,8.0
123,baby,0.0,0.0,0.0,2.0,0.0,2.0,5.0,5.0
124,back,0.0,0.0,0.0,1.0,0.0,0.0,0.0,0.0
125,baltimore,0.0,0.0,0.0,8.0,0.0,0.0,1.0,1.0
126,barely,0.0,0.0,0.0,0.0,0.0,0.0,1.0,1.0
127,beach,0.0,0.0,0.0,24.0,0.0,0.0,0.0,0.0
128,became,0.0,0.0,0.0,0.0,0.0,0.0,1.0,1.0
129,because,0.0,0.0,0.0,2.0,0.0,0.0,4.0,3.0
130,becky,0.0,0.0,0.0,0.0,0.0,0.0,3.0,1.0
131,become,0.0,0.0,0.0,1.0,0.0,0.0,25.0,25.0
132,becomes,0.0,0.0,0.0,0.0,0.0,0.0,1.0,1.0
133,been,0.0,0.0,0.0,1.0,0.0,0.0,3.0,3.0
134,before,0.0,0.0,0.0,6.0,0.0,1.0,1.0,1.0
135,begin,0.0,0.0,0.0,1.0,0.0,0.0,0.0,0.0
136,being,0.0,0.0,0.0,1.0,0.0,0.0,0.0,0.0
137,belair,0.0,0.0,0.0,8.0,0.0,0.0,0.0,0.0
138,believe,0.0,0.0,0.0,1.0,0.0,0.0,0.0,0.0
139,below,0.0,0.0,0.0,0.0,0.0,0.0,1.0,1.0
140,bend,0.0,0.0,0.0,56.0,0.0,0.0,2.0,2.0
141,benefits,0.0,0.0,0.0,4.0,0.0,0.0,0.0,0.0
142,bertie,0.0,0.0,0.0,2.0,0.0,0.0,0.0,0.0
143,best,0.0,0.0,0.0,1.0,0.0,0.0,0.0,0.0
144,better,0.0,0.0,0.0,1.0,0.0,0.0,16.0,16.0
145,between,0.0,0.0,0.0,2.0,0.0,0.0,0.0,0.0
146,bill,0.0,0.0,0.0,0.0,0.0,2.0,0.0,0.0
147,billing,0.0,0.0,0.0,0.0,0.0,2.0,0.0,0.0
148,bird,0.0,0.0,0.0,3.0,0.0,0.0,0.0,0.0
149,birds,0.0,0.0,0.0,1.0,0.0,0.0,0.0,0.0
150,birth,0.0,0.0,0.0,1.0,0.0,0.0,0.0,0.0
151,bishop,0.0,0.0,0.0,0.0,0.0,0.0,2.0,2.0
152,bismarck,0.0,0.0,0.0,8.0,0.0,0.0,8.0,1.0
153,bismarck…to,0.0,0.0,0.0,0.0,0.0,0.0,1.0,0.0
154,blessing…i,0.0,0.0,0.0,0.0,0.0,0.0,0.0,2.0
155,bloomington,0.0,0.0,0.0,8.0,0.0,0.0,1.0,1.0
156,blue,0.0,0.0,0.0,3.0,0.0,0.0,0.0,0.0
157,board,0.0,0.0,0.0,0.0,0.0,0.0,1.0,1.0
158,bobby,0.0,0.0,0.0,0.0,0.0,0.0,2.0,2.0
159,body,0.0,0.0,0.0,2.0,0.0,0.0,2.0,2.0
160,bodycacheable,0.0,0.0,0.0,8.0,0.0,0.0,0.0,0.0
161,book,0.0,0.0,0.0,1.0,0.0,1.0,0.0,0.0
162,booties,0.0,0.0,0.0,0.0,0.0,1.0,0.0,0.0
163,border,0.0,0.0,0.0,0.0,0.0,1.0,0.0,0.0
164,born,0.0,0.0,0.0,0.0,0.0,0.0,3.0,2.0
165,both,0.0,0.0,0.0,4.0,0.0,0.0,1.0,1.0
166,bottom,0.0,0.0,0.0,1.0,0.0,0.0,0.0,0.0
167,boulevard,0.0,0.0,0.0,32.0,0.0,0.0,0.0,0.0
168,box,0.0,0.0,0.0,0.0,0.0,2.0,0.0,0.0
169,boys,0.0,0.0,0.0,0.0,0.0,1.0,0.0,0.0
170,brands,0.0,0.0,0.0,0.0,0.0,1.0,0.0,0.0
171,bread,0.0,0.0,0.0,3.0,0.0,0.0,0.0,0.0
172,breasts,0.0,0.0,0.0,1.0,0.0,0.0,0.0,0.0
173,broad,0.0,0.0,0.0,24.0,0.0,0.0,0.0,0.0
174,browser,0.0,0.0,0.0,1.0,0.0,0.0,2.0,2.0
175,browsers,0.0,0.0,0.0,8.0,0.0,0.0,0.0,0.0
176,bsd,0.0,0.0,0.0,8.0,0.0,0.0,0.0,0.0
177,bubble,0.0,0.0,0.0,2.0,0.0,0.0,0.0,0.0
178,bucket,0.0,0.0,0.0,3.0,0.0,0.0,0.0,0.0
179,budget,0.0,0.0,0.0,1.0,0.0,0.0,0.0,0.0
180,budgeting,0.0,0.0,0.0,1.0,0.0,0.0,0.0,0.0
181,build,0.0,0.0,0.0,1.0,0.0,0.0,2.0,2.0
182,building,0.0,0.0,0.0,0.0,0.0,1.0,0.0,0.0
183,built,0.0,0.0,0.0,0.0,0.0,1.0,0.0,0.0
184,burleigh,0.0,0.0,0.0,0.0,0.0,0.0,1.0,0.0
185,bus,0.0,0.0,0.0,2.0,0.0,0.0,0.0,0.0
186,buses,0.0,0.0,0.0,4.0,0.0,0.0,0.0,0.0
187,business,0.0,0.0,0.0,0.0,0.0,1.0,0.0,0.0
188,businesses,0.0,0.0,0.0,0.0,0.0,2.0,0.0,0.0
189,but,0.0,0.0,0.0,2.0,0.0,0.0,4.0,4.0
190,butterfly,0.0,0.0,0.0,3.0,0.0,0.0,0.0,0.0
191,caicos,0.0,0.0,0.0,0.0,0.0,2.0,0.0,0.0
192,cain,0.0,0.0,0.0,0.0,0.0,0.0,1.0,1.0
193,cake,0.0,0.0,0.0,1.0,0.0,0.0,0.0,0.0
194,calendar,0.0,0.0,0.0,0.0,0.0,2.0,0.0,0.0
195,california,0.0,0.0,0.0,0.0,0.0,0.0,1.0,1.0
196,call,0.0,0.0,0.0,250.0,0.0,0.0,1.0,1.0
197,cama,0.0,0.0,0.0,0.0,0.0,6.0,0.0,0.0
198,campbell,0.0,0.0,0.0,0.0,0.0,0.0,1.0,1.0
199,can,0.0,0.0,0.0,16.0,0.0,0.0,1.0,1.0
200,cannot,0.0,0.0,0.0,1.0,0.0,0.0,0.0,0.0
201,captions,0.0,0.0,0.0,2.0,0.0,0.0,0.0,0.0
202,capture,0.0,0.0,0.0,0.0,0.0,0.0,1.0,1.0
203,captureevent,0.0,0.0,0.0,8.0,0.0,0.0,0.0,0.0
204,captureexception,0.0,0.0,0.0,8.0,0.0,0.0,0.0,0.0
205,capturemessage,0.0,0.0,0.0,8.0,0.0,0.0,0.0,0.0
206,card,0.0,0.0,0.0,0.0,0.0,0.0,7.0,7.0
207,care,0.0,0.0,0.0,375.0,0.0,6.0,94.0,92.0
208,carefully,0.0,0.0,0.0,0.0,0.0,1.0,0.0,0.0
209,carolina,0.0,0.0,0.0,0.0,0.0,0.0,2.0,2.0
210,carpenters,0.0,0.0,0.0,0.0,0.0,1.0,0.0,0.0
211,case,0.0,0.0,0.0,0.0,0.0,4.0,0.0,0.0
212,cash,0.0,0.0,0.0,0.0,0.0,1.0,0.0,0.0
213,catalis,0.0,0.0,0.0,0.0,0.0,14.0,0.0,0.0
214,catalis®,0.0,0.0,0.0,0.0,0.0,1.0,0.0,0.0
215,catch,0.0,0.0,0.0,1.0,0.0,0.0,9.0,9.0
216,catholic,0.0,0.0,0.0,0.0,0.0,0.0,2.0,2.0
217,cause,0.0,0.0,0.0,0.0,0.0,0.0,1.0,1.0
218,center,0.0,0.0,0.0,323.0,0.0,3.0,56.0,57.0
219,centercall,0.0,0.0,0.0,8.0,0.0,0.0,0.0,0.0
220,centeremail,0.0,0.0,0.0,1.0,0.0,0.0,0.0,0.0
221,centerfind,0.0,0.0,0.0,1.0,0.0,0.0,0.0,0.0
222,centerfree,0.0,0.0,0.0,1.0,0.0,0.0,0.0,0.0
223,centerif,0.0,0.0,0.0,1.0,0.0,0.0,0.0,0.0
224,centerknow,0.0,0.0,0.0,1.0,0.0,0.0,0.0,0.0
225,centermissing,0.0,0.0,0.0,1.0,0.0,0.0,0.0,0.0
226,centers,0.0,0.0,0.0,16.0,0.0,0.0,7.0,7.0
227,center’s,0.0,0.0,0.0,0.0,0.0,0.0,2.0,2.0
228,certain,0.0,0.0,0.0,2.0,0.0,0.0,0.0,0.0
229,change,0.0,0.0,0.0,1.0,0.0,0.0,0.0,0.0
230,changed,0.0,0.0,0.0,0.0,0.0,0.0,2.0,2.0
231,changes,0.0,0.0,0.0,3.0,0.0,0.0,0.0,0.0
232,channel,0.0,0.0,0.0,1.0,0.0,0.0,0.0,0.0
233,character,0.0,0.0,0.0,1.0,0.0,0.0,10.0,11.0
234,characters,0.0,0.0,0.0,0.0,0.0,2.0,0.0,0.0
235,charitable,0.0,0.0,0.0,0.0,0.0,0.0,1.0,1.0
236,charlie,0.0,0.0,0.0,0.0,0.0,0.0,2.0,2.0
237,check,0.0,0.0,0.0,7.0,0.0,0.0,0.0,0.0
238,checking,0.0,0.0,0.0,0.0,0.0,0.0,1.0,1.0
239,chicago,0.0,0.0,0.0,0.0,0.0,0.0,1.0,1.0
240,chicago–la,0.0,0.0,0.0,0.0,0.0,0.0,1.0,1.0
241,chicken,0.0,0.0,0.0,2.0,0.0,0.0,0.0,0.0
242,child,0.0,0.0,0.0,1.0,0.0,2.0,0.0,0.0
243,child's,0.0,0.0,0.0,1.0,0.0,0.0,0.0,0.0
244,children,0.0,0.0,0.0,14.0,0.0,0.0,0.0,0.0
245,children's,0.0,0.0,0.0,1.0,0.0,0.0,0.0,0.0
246,choice,0.0,0.0,0.0,2.0,0.0,0.0,3.0,3.0
247,choices,0.0,0.0,0.0,0.0,0.0,0.0,2.0,0.0
248,choose,0.0,0.0,0.0,0.0,0.0,0.0,8.0,8.0
249,christmas,0.0,0.0,0.0,2.0,0.0,0.0,0.0,0.0
250,chunk,0.0,0.0,0.0,16.0,0.0,0.0,1.0,1.0
251,cite,0.0,0.0,0.0,0.0,0.0,0.0,1.0,1.0
252,cities,0.0,0.0,0.0,0.0,0.0,0.0,1.0,1.0
253,citizen,0.0,0.0,0.0,0.0,0.0,6.0,0.0,0.0
254,citizens,0.0,0.0,0.0,0.0,0.0,1.0,0.0,0.0
255,citrus,0.0,0.0,0.0,2.0,0.0,0.0,0.0,0.0
256,city,0.0,0.0,0.0,32.0,0.0,13.0,2.0,2.0
257,cityfort,0.0,0.0,0.0,1.0,0.0,0.0,1.0,1.0
258,citynortheast,0.0,0.0,0.0,1.0,0.0,0.0,1.0,1.0
259,class,0.0,0.0,0.0,41.0,0.0,0.0,1.0,1.0
260,classes,0.0,0.0,0.0,33.0,0.0,0.0,10.0,10.0
261,cleaning,0.0,0.0,0.0,2.0,0.0,0.0,0.0,0.0
262,clear,0.0,0.0,0.0,0.0,0.0,0.0,1.0,1.0
263,click,0.0,0.0,0.0,1.0,0.0,1.0,0.0,0.0
264,client,0.0,0.0,0.0,0.0,0.0,1.0,1.0,1.0
265,clients,0.0,0.0,0.0,0.0,0.0,1.0,0.0,0.0
266,clinic,0.0,0.0,0.0,0.0,0.0,0.0,1.0,1.0
267,close,0.0,0.0,0.0,1.0,0.0,0.0,0.0,0.0
268,closed,0.0,0.0,0.0,3.0,0.0,0.0,0.0,0.0
269,cloud,0.0,0.0,0.0,1.0,0.0,0.0,0.0,0.0
270,cob,0.0,0.0,0.0,2.0,0.0,0.0,0.0,0.0
271,code,0.0,0.0,0.0,48.0,0.0,1.0,1.0,1.0
272,coliseum,0.0,0.0,0.0,24.0,0.0,0.0,0.0,0.0
273,collected,0.0,0.0,0.0,0.0,0.0,1.0,0.0,0.0
274,collection,0.0,0.0,0.0,0.0,0.0,3.0,0.0,0.0
275,collections,0.0,0.0,0.0,0.0,0.0,2.0,0.0,0.0
276,college,0.0,0.0,0.0,8.0,0.0,2.0,0.0,0.0
277,colorado,0.0,0.0,0.0,0.0,0.0,0.0,1.0,1.0
278,columbia,0.0,0.0,0.0,0.0,0.0,0.0,1.0,1.0
279,columbus,0.0,0.0,0.0,8.0,0.0,0.0,1.0,1.0
280,come,0.0,0.0,0.0,1.0,0.0,0.0,0.0,0.0
281,comments,0.0,0.0,0.0,1.0,0.0,0.0,0.0,0.0
282,committed,0.0,0.0,0.0,1.0,0.0,0.0,0.0,0.0
283,common,0.0,0.0,0.0,0.0,0.0,1.0,0.0,0.0
284,communications,0.0,0.0,0.0,0.0,0.0,1.0,0.0,0.0
285,communities,0.0,0.0,0.0,0.0,0.0,0.0,7.0,7.0
286,community,0.0,0.0,0.0,0.0,0.0,2.0,0.0,0.0
287,compatibility,0.0,0.0,0.0,1.0,0.0,0.0,9.0,9.0
288,complete,0.0,0.0,0.0,18.0,0.0,0.0,1.0,1.0
289,completely,0.0,0.0,0.0,1.0,0.0,0.0,0.0,0.0
290,complex,0.0,0.0,0.0,0.0,0.0,1.0,0.0,0.0
291,compliance,0.0,0.0,0.0,0.0,0.0,6.0,0.0,0.0
292,compliant,0.0,0.0,0.0,0.0,0.0,1.0,0.0,0.0
293,computer,0.0,0.0,0.0,0.0,0.0,2.0,0.0,0.0
294,concerns,0.0,0.0,0.0,1.0,0.0,0.0,0.0,0.0
295,conditions,0.0,0.0,0.0,5.0,0.0,0.0,1.0,1.0
296,conferring,0.0,0.0,0.0,0.0,0.0,0.0,1.0,1.0
297,confidential,0.0,0.0,0.0,27.0,0.0,0.0,0.0,0.0
298,configurable,0.0,0.0,0.0,0.0,0.0,0.0,2.0,2.0
299,configuration,0.0,0.0,0.0,0.0,0.0,0.0,3.0,3.0
300,configurescope,0.0,0.0,0.0,8.0,0.0,0.0,0.0,0.0
301,confirm,0.0,0.0,0.0,3.0,0.0,0.0,0.0,0.0
302,connect,0.0,0.0,0.0,1.0,0.0,0.0,0.0,0.0
303,connecticut,0.0,0.0,0.0,0.0,0.0,0.0,1.0,1.0
304,connection,0.0,0.0,0.0,11.0,0.0,0.0,0.0,0.0
305,consejos,0.0,0.0,0.0,1.0,0.0,0.0,0.0,0.0
306,consequences,0.0,0.0,0.0,0.0,0.0,0.0,1.0,1.0
307,consequential,0.0,0.0,0.0,8.0,0.0,0.0,0.0,0.0
308,considering,0.0,0.0,0.0,2.0,0.0,0.0,0.0,0.0
309,consist,0.0,0.0,0.0,0.0,0.0,1.0,0.0,0.0
310,const,0.0,0.0,0.0,8.0,0.0,0.0,0.0,0.0
311,constituent,0.0,0.0,0.0,0.0,0.0,1.0,0.0,0.0
312,constituents,0.0,0.0,0.0,0.0,0.0,1.0,0.0,0.0
313,constructed,0.0,0.0,0.0,0.0,0.0,1.0,0.0,0.0
314,construction,0.0,0.0,0.0,1.0,0.0,1.0,0.0,0.0
315,constructor,0.0,0.0,0.0,8.0,0.0,0.0,0.0,0.0
316,construed,0.0,0.0,0.0,0.0,0.0,0.0,1.0,1.0
317,consult,0.0,0.0,0.0,0.0,0.0,2.0,0.0,0.0
318,consultation,0.0,0.0,0.0,0.0,0.0,1.0,0.0,0.0
319,contact,0.0,0.0,0.0,9.0,0.0,5.0,12.0,11.0
320,contain,0.0,0.0,0.0,1.0,0.0,0.0,0.0,0.0
321,contained,0.0,0.0,0.0,0.0,0.0,0.0,1.0,1.0
322,contains,0.0,0.0,0.0,1.0,0.0,0.0,4.0,4.0
323,content,0.0,0.0,0.0,1.0,0.0,4.0,5.0,5.0
324,contentrect,0.0,0.0,0.0,8.0,0.0,0.0,0.0,0.0
325,context,0.0,0.0,0.0,0.0,0.0,0.0,1.0,1.0
326,contextmenu,0.0,0.0,0.0,1.0,0.0,0.0,0.0,0.0
327,continue,0.0,0.0,0.0,10.0,0.0,0.0,0.0,0.0
328,continuing,0.0,0.0,0.0,1.0,0.0,0.0,0.0,0.0
329,contributors,0.0,0.0,0.0,8.0,0.0,0.0,0.0,0.0
330,control,0.0,0.0,0.0,1.0,0.0,0.0,0.0,0.0
331,cookie,0.0,0.0,0.0,1.0,0.0,0.0,9.0,9.0
332,cope,0.0,0.0,0.0,2.0,0.0,0.0,0.0,0.0
333,copy,0.0,0.0,0.0,0.0,0.0,0.0,2.0,2.0
334,copying,0.0,0.0,0.0,1.0,0.0,0.0,0.0,0.0
335,copyright,0.0,0.0,0.0,16.0,0.0,0.0,5.0,5.0
336,cost,0.0,0.0,0.0,1.0,0.0,0.0,0.0,0.0
337,could,0.0,0.0,0.0,2.0,0.0,0.0,1.0,1.0
338,council,0.0,0.0,0.0,0.0,0.0,2.0,0.0,0.0
339,counseling,0.0,0.0,0.0,3.0,0.0,0.0,9.0,9.0
340,counselor,0.0,0.0,0.0,250.0,0.0,0.0,0.0,0.0
341,counselorcall,0.0,0.0,0.0,1.0,0.0,0.0,0.0,0.0
342,counselorfind,0.0,0.0,0.0,12.0,0.0,0.0,0.0,0.0
343,counselorfree,0.0,0.0,0.0,1.0,0.0,0.0,0.0,0.0
344,counselorif,0.0,0.0,0.0,1.0,0.0,0.0,0.0,0.0
345,counselors,0.0,0.0,0.0,2.0,0.0,0.0,0.0,0.0
346,country,0.0,0.0,0.0,0.0,0.0,1.0,0.0,0.0
347,county,0.0,0.0,0.0,0.0,0.0,2.0,2.0,1.0
348,countyyorkregister,0.0,0.0,0.0,0.0,0.0,0.0,1.0,1.0
349,court,0.0,0.0,0.0,0.0,0.0,6.0,0.0,0.0
350,courts,0.0,0.0,0.0,0.0,0.0,5.0,0.0,0.0
351,cover,0.0,0.0,0.0,0.0,0.0,0.0,2.0,2.0
352,craft,0.0,0.0,0.0,7.0,0.0,0.0,0.0,0.0
353,crafted,0.0,0.0,0.0,0.0,0.0,1.0,0.0,0.0
354,create,0.0,0.0,0.0,4.0,0.0,0.0,10.0,12.0
355,creating,0.0,0.0,0.0,0.0,0.0,1.0,0.0,0.0
356,credit,0.0,0.0,0.0,0.0,0.0,0.0,4.0,4.0
357,crib,0.0,0.0,0.0,0.0,0.0,0.0,1.0,1.0
358,crosse,0.0,0.0,0.0,1.0,0.0,0.0,0.0,0.0
359,crucial,0.0,0.0,0.0,1.0,0.0,0.0,0.0,0.0
360,css,0.0,0.0,0.0,8.0,0.0,8.0,0.0,0.0
361,cuestionados,0.0,0.0,0.0,1.0,0.0,0.0,0.0,0.0
362,culture,0.0,0.0,0.0,0.0,0.0,0.0,1.0,3.0
363,current,0.0,0.0,0.0,1.0,0.0,0.0,0.0,0.0
364,custom,0.0,0.0,0.0,0.0,0.0,8.0,0.0,0.0
365,cute,0.0,0.0,0.0,2.0,0.0,0.0,0.0,0.0
366,cvvrequired,0.0,0.0,0.0,0.0,0.0,0.0,1.0,1.0
367,cómo,0.0,0.0,0.0,1.0,0.0,0.0,0.0,0.0
368,dakota,0.0,0.0,0.0,26.0,0.0,0.0,12.0,14.0
369,dakotabismarck,0.0,0.0,0.0,0.0,0.0,0.0,1.0,0.0
370,dakotadevils,0.0,0.0,0.0,0.0,0.0,0.0,0.0,1.0
371,dakotafargo,0.0,0.0,0.0,1.0,0.0,0.0,0.0,0.0
372,damages,0.0,0.0,0.0,16.0,0.0,0.0,0.0,0.0
373,dame,0.0,0.0,0.0,16.0,0.0,0.0,4.0,4.0
374,danger,0.0,0.0,0.0,1.0,0.0,0.0,0.0,0.0
375,dashboard,0.0,0.0,0.0,0.0,0.0,2.0,0.0,0.0
376,data,0.0,0.0,0.0,8.0,0.0,2.0,0.0,0.0
377,daterequired,0.0,0.0,0.0,0.0,0.0,0.0,1.0,1.0
378,dates,0.0,0.0,0.0,16.0,0.0,0.0,0.0,0.0
379,david,0.0,0.0,0.0,0.0,0.0,0.0,2.0,0.0
380,day,0.0,0.0,0.0,6.0,0.0,0.0,0.0,0.0
381,daycare,0.0,0.0,0.0,0.0,0.0,1.0,0.0,0.0
382,dead,0.0,0.0,0.0,1.0,0.0,0.0,0.0,0.0
383,debbie,0.0,0.0,0.0,0.0,0.0,0.0,4.0,4.0
384,dec,0.0,0.0,0.0,1.0,0.0,0.0,9.0,9.0
385,decide,0.0,0.0,0.0,2.0,0.0,0.0,2.0,2.0
386,decisions,0.0,0.0,0.0,1.0,0.0,0.0,0.0,0.0
387,dedicated,0.0,0.0,0.0,0.0,0.0,1.0,0.0,0.0
388,define,0.0,0.0,0.0,1.0,0.0,0.0,0.0,0.0
389,delaware,0.0,0.0,0.0,8.0,0.0,0.0,1.0,1.0
390,delete,0.0,0.0,0.0,8.0,0.0,0.0,0.0,0.0
391,deleted,0.0,0.0,0.0,2.0,0.0,0.0,0.0,0.0
392,delicious,0.0,0.0,0.0,4.0,0.0,0.0,0.0,0.0
393,delimeter,0.0,0.0,0.0,3.0,0.0,0.0,27.0,27.0
394,delivers,0.0,0.0,0.0,0.0,0.0,1.0,0.0,0.0
395,departments,0.0,0.0,0.0,0.0,0.0,2.0,0.0,0.0
396,dependent,0.0,0.0,0.0,0.0,0.0,0.0,1.0,1.0
397,desarrolo,0.0,0.0,0.0,1.0,0.0,0.0,0.0,0.0
398,designpath,0.0,0.0,0.0,0.0,0.0,2.0,0.0,0.0
399,dessert,0.0,0.0,0.0,1.0,0.0,0.0,0.0,0.0
400,details,0.0,0.0,0.0,1.0,0.0,0.0,0.0,0.0
401,detect,0.0,0.0,0.0,9.0,0.0,0.0,9.0,9.0
402,detected,0.0,0.0,0.0,0.0,0.0,0.0,1.0,1.0
403,determine,0.0,0.0,0.0,19.0,0.0,0.0,0.0,0.0
404,determines,0.0,0.0,0.0,1.0,0.0,0.0,0.0,0.0
405,development,0.0,0.0,0.0,2.0,0.0,2.0,5.0,7.0
406,device,0.0,0.0,0.0,1.0,0.0,0.0,0.0,0.0
407,devils,0.0,0.0,0.0,16.0,0.0,0.0,2.0,9.0
408,difference,0.0,0.0,0.0,2.0,0.0,0.0,2.0,2.0
409,different,0.0,0.0,0.0,2.0,0.0,0.0,0.0,0.0
410,difficult,0.0,0.0,0.0,2.0,0.0,0.0,0.0,0.0
411,digital,0.0,0.0,0.0,0.0,0.0,1.0,0.0,0.0
412,digitally,0.0,0.0,0.0,0.0,0.0,1.0,0.0,0.0
413,diocese,0.0,0.0,0.0,0.0,0.0,0.0,2.0,2.0
414,directions,0.0,0.0,0.0,1.0,0.0,0.0,0.0,0.0
415,director,0.0,0.0,0.0,0.0,0.0,0.0,29.0,31.0
416,directors,0.0,0.0,0.0,0.0,0.0,0.0,1.0,1.0
417,disable,0.0,0.0,0.0,1.0,0.0,0.0,9.0,9.0
418,disabled,0.0,0.0,0.0,0.0,0.0,0.0,1.0,1.0
419,disablestrs,0.0,0.0,0.0,1.0,0.0,0.0,9.0,9.0
420,discernible,0.0,0.0,0.0,0.0,0.0,0.0,1.0,1.0
421,disclaims,0.0,0.0,0.0,8.0,0.0,0.0,0.0,0.0
422,disclose,0.0,0.0,0.0,1.0,0.0,0.0,0.0,0.0
423,discusses,0.0,0.0,0.0,1.0,0.0,0.0,0.0,0.0
424,display,0.0,0.0,0.0,0.0,0.0,18.0,0.0,0.0
425,dispute,0.0,0.0,0.0,0.0,0.0,2.0,0.0,0.0
426,distribute,0.0,0.0,0.0,8.0,0.0,0.0,1.0,1.0
427,distributed,0.0,0.0,0.0,8.0,0.0,0.0,0.0,0.0
428,district,0.0,0.0,0.0,0.0,0.0,0.0,1.0,1.0
429,div,0.0,0.0,0.0,5.0,0.0,0.0,21.0,21.0
430,dive,0.0,0.0,0.0,1.0,0.0,0.0,0.0,0.0
431,division,0.0,0.0,0.0,3.0,0.0,0.0,0.0,0.0
432,diy,0.0,0.0,0.0,2.0,0.0,0.0,0.0,0.0
433,doctor's,0.0,0.0,0.0,1.0,0.0,0.0,0.0,0.0
434,document,0.0,0.0,0.0,0.0,0.0,1.0,2.0,2.0
435,documents,0.0,0.0,0.0,0.0,0.0,0.0,1.0,1.0
436,does,0.0,0.0,0.0,0.0,0.0,0.0,1.0,1.0
437,doesn't,0.0,0.0,0.0,3.0,0.0,0.0,0.0,0.0
438,doesn’t,0.0,0.0,0.0,0.0,0.0,0.0,1.0,1.0
439,doing,0.0,0.0,0.0,0.0,0.0,0.0,0.0,2.0
440,dollar,0.0,0.0,0.0,3.0,0.0,0.0,0.0,0.0
441,dolly,0.0,0.0,0.0,1.0,0.0,0.0,0.0,0.0
442,donate,0.0,0.0,0.0,2.0,0.0,0.0,21.0,21.0
443,donation,0.0,0.0,0.0,3.0,0.0,0.0,8.0,7.0
444,donor,0.0,0.0,0.0,0.0,0.0,0.0,6.0,6.0
445,donors,0.0,0.0,0.0,2.0,0.0,0.0,2.0,2.0
446,door,0.0,0.0,0.0,0.0,0.0,0.0,2.0,2.0
447,down,0.0,0.0,0.0,1.0,0.0,0.0,1.0,1.0
448,downloaded,0.0,0.0,0.0,1.0,0.0,0.0,0.0,0.0
449,downtown,0.0,0.0,0.0,1.0,0.0,0.0,1.0,1.0
450,dressing,0.0,0.0,0.0,1.0,0.0,0.0,0.0,0.0
451,drink,0.0,0.0,0.0,0.0,0.0,1.0,0.0,0.0
452,drive,0.0,0.0,0.0,1.0,0.0,0.0,0.0,0.0
453,driving,0.0,0.0,0.0,1.0,0.0,0.0,0.0,0.0
454,dua,0.0,0.0,0.0,1.0,0.0,0.0,0.0,0.0
455,due,0.0,0.0,0.0,1.0,0.0,1.0,2.0,2.0
456,duluth,0.0,0.0,0.0,8.0,0.0,0.0,1.0,1.0
457,during,0.0,0.0,0.0,1.0,0.0,0.0,0.0,0.0
458,each,0.0,0.0,0.0,1.0,0.0,2.0,1.0,1.0
459,earliest,0.0,0.0,0.0,3.0,0.0,0.0,0.0,0.0
460,early,0.0,0.0,0.0,1.0,0.0,0.0,0.0,0.0
461,ease,0.0,0.0,0.0,161.0,0.0,0.0,0.0,0.0
462,east,0.0,0.0,0.0,8.0,0.0,0.0,0.0,0.0
463,eastpark,0.0,0.0,0.0,0.0,0.0,1.0,0.0,0.0
464,easy,0.0,0.0,0.0,4.0,0.0,0.0,0.0,0.0
465,eating,0.0,0.0,0.0,1.0,0.0,0.0,0.0,0.0
466,economic,0.0,0.0,0.0,0.0,0.0,2.0,0.0,0.0
467,education,0.0,0.0,0.0,24.0,0.0,0.0,0.0,0.0
468,educational,0.0,0.0,0.0,1.0,0.0,0.0,1.0,1.0
469,effect,0.0,0.0,0.0,1.0,0.0,0.0,0.0,0.0
470,effectively,0.0,0.0,0.0,1.0,0.0,0.0,0.0,0.0
471,efficient,0.0,0.0,0.0,0.0,0.0,1.0,0.0,0.0
472,eggert,0.0,0.0,0.0,0.0,0.0,0.0,2.0,2.0
473,elementorfrontendconfig,0.0,0.0,0.0,0.0,0.0,1.0,0.0,0.0
474,eliminated,0.0,0.0,0.0,1.0,0.0,0.0,0.0,0.0
475,elkhart,0.0,0.0,0.0,8.0,0.0,0.0,1.0,1.0
476,ellingsen,0.0,0.0,0.0,0.0,0.0,0.0,1.0,1.0
477,else,0.0,0.0,0.0,6.0,0.0,1.0,40.0,40.0
478,email,0.0,0.0,0.0,251.0,0.0,3.0,34.0,36.0
479,emergency,0.0,0.0,0.0,1.0,0.0,0.0,0.0,0.0
480,emotions,0.0,0.0,0.0,1.0,0.0,0.0,0.0,0.0
481,empowering,0.0,0.0,0.0,0.0,0.0,1.0,0.0,0.0
482,empty,0.0,0.0,0.0,1.0,0.0,0.0,0.0,0.0
483,enable,0.0,0.0,0.0,1.0,0.0,0.0,0.0,0.0
484,enabled,0.0,0.0,0.0,0.0,0.0,0.0,1.0,1.0
485,encourage,0.0,0.0,0.0,1.0,0.0,1.0,0.0,0.0
486,encouraging,0.0,0.0,0.0,1.0,0.0,0.0,0.0,0.0
487,encrypted,0.0,0.0,0.0,0.0,0.0,0.0,1.0,1.0
488,end,0.0,0.0,0.0,28.0,0.0,4.0,0.0,0.0
489,engage,0.0,0.0,0.0,0.0,0.0,3.0,0.0,0.0
490,engagement,0.0,0.0,0.0,0.0,0.0,6.0,0.0,0.0
491,engaging,0.0,0.0,0.0,0.0,0.0,1.0,0.0,0.0
492,enhanced,0.0,0.0,0.0,0.0,0.0,1.0,0.0,0.0
493,enjoy,0.0,0.0,0.0,1.0,0.0,0.0,0.0,0.0
494,enough,0.0,0.0,0.0,1.0,0.0,0.0,0.0,0.0
495,ensuring,0.0,0.0,0.0,0.0,0.0,1.0,0.0,0.0
496,enter,0.0,0.0,0.0,0.0,0.0,1.0,0.0,0.0
497,entered,0.0,0.0,0.0,0.0,0.0,1.0,0.0,0.0
498,enterprise,0.0,0.0,0.0,0.0,0.0,2.0,0.0,0.0
499,entertain,0.0,0.0,0.0,1.0,0.0,0.0,0.0,0.0
500,entertained,0.0,0.0,0.0,1.0,0.0,0.0,0.0,0.0
501,entertainment,0.0,0.0,0.0,0.0,0.0,1.0,0.0,0.0
502,entire,0.0,0.0,0.0,0.0,0.0,2.0,0.0,0.0
503,equal,0.0,0.0,0.0,0.0,0.0,2.0,0.0,0.0
504,error,0.0,0.0,0.0,0.0,0.0,1.0,4.0,4.0
505,escrow,0.0,0.0,0.0,0.0,0.0,2.0,0.0,0.0
506,estate,0.0,0.0,0.0,0.0,0.0,1.0,0.0,0.0
507,esteem,0.0,0.0,0.0,4.0,0.0,0.0,0.0,0.0
508,esther,0.0,0.0,0.0,0.0,0.0,0.0,2.0,2.0
509,estimated,0.0,0.0,0.0,1.0,0.0,0.0,0.0,0.0
510,ethics,0.0,0.0,0.0,0.0,0.0,0.0,1.0,1.0
511,european,0.0,0.0,0.0,0.0,0.0,1.0,0.0,0.0
512,eustatius,0.0,0.0,0.0,0.0,0.0,2.0,0.0,0.0
513,evangelium,0.0,0.0,0.0,0.0,0.0,0.0,1.0,1.0
514,even,0.0,0.0,0.0,3.0,0.0,0.0,0.0,0.0
515,event,0.0,0.0,0.0,8.0,0.0,0.0,2.0,2.0
516,eventluxury,0.0,0.0,0.0,0.0,0.0,0.0,1.0,1.0
517,events,0.0,0.0,0.0,1.0,0.0,2.0,11.0,11.0
518,evergreen,0.0,0.0,0.0,2.0,0.0,0.0,0.0,0.0
519,every,0.0,0.0,0.0,4.0,0.0,1.0,2.0,2.0
520,exactly,0.0,0.0,0.0,0.0,0.0,1.0,0.0,0.0
521,example,0.0,0.0,0.0,0.0,0.0,1.0,0.0,0.0
522,exceed,0.0,0.0,0.0,0.0,0.0,1.0,0.0,0.0
523,exceeds,0.0,0.0,0.0,1.0,0.0,0.0,1.0,1.0
524,excellent,0.0,0.0,0.0,1.0,0.0,0.0,0.0,0.0
525,except,0.0,0.0,0.0,0.0,0.0,0.0,1.0,1.0
526,exclusionreason,0.0,0.0,0.0,8.0,0.0,0.0,0.0,0.0
527,exclusive,0.0,0.0,0.0,1.0,0.0,0.0,0.0,0.0
528,executive,0.0,0.0,0.0,0.0,0.0,0.0,5.0,3.0
529,exit,0.0,0.0,0.0,5.0,0.0,0.0,0.0,0.0
530,expand,0.0,0.0,0.0,0.0,0.0,1.0,0.0,0.0
531,expect,0.0,0.0,0.0,1.0,0.0,0.0,0.0,0.0
532,expected,0.0,0.0,0.0,0.0,0.0,1.0,0.0,0.0
533,experiencing,0.0,0.0,0.0,3.0,0.0,0.0,0.0,0.0
534,experiment,0.0,0.0,0.0,1.0,0.0,0.0,0.0,0.0
535,expiration,0.0,0.0,0.0,0.0,0.0,0.0,1.0,1.0
536,expired,0.0,0.0,0.0,0.0,0.0,0.0,1.0,1.0
537,exponentially,0.0,0.0,0.0,0.0,0.0,0.0,2.0,0.0
538,express,0.0,0.0,0.0,0.0,0.0,0.0,1.0,1.0
539,expressly,0.0,0.0,0.0,0.0,0.0,0.0,1.0,1.0
540,extends,0.0,0.0,0.0,72.0,0.0,0.0,10.0,10.0
541,extremely,0.0,0.0,0.0,0.0,0.0,1.0,0.0,0.0
542,face,0.0,0.0,0.0,3.0,0.0,0.0,0.0,0.0
543,facts,0.0,0.0,0.0,1.0,0.0,0.0,0.0,0.0
544,failed,0.0,0.0,0.0,1.0,0.0,0.0,0.0,0.0
545,family,0.0,0.0,0.0,3.0,0.0,0.0,0.0,0.0
546,faq,0.0,0.0,0.0,0.0,0.0,2.0,0.0,0.0
547,far,0.0,0.0,0.0,2.0,0.0,0.0,0.0,0.0
548,fare,0.0,0.0,0.0,1.0,0.0,0.0,0.0,0.0
549,fargo,0.0,0.0,0.0,8.0,0.0,0.0,1.0,3.0
550,farwell,0.0,0.0,0.0,24.0,0.0,0.0,0.0,0.0
551,fathers,0.0,0.0,0.0,0.0,0.0,0.0,1.0,1.0
552,feature,0.0,0.0,0.0,0.0,0.0,0.0,1.0,1.0
553,features,0.0,0.0,0.0,0.0,0.0,0.0,1.0,1.0
554,featuresnfl,0.0,0.0,0.0,1.0,0.0,0.0,0.0,0.0
555,federal,0.0,0.0,0.0,0.0,0.0,3.0,0.0,0.0
556,fee,0.0,0.0,0.0,8.0,0.0,0.0,0.0,0.0
557,feedbacklink,0.0,0.0,0.0,0.0,0.0,1.0,0.0,0.0
558,feeder,0.0,0.0,0.0,1.0,0.0,0.0,0.0,0.0
559,ferdinand,0.0,0.0,0.0,2.0,0.0,0.0,0.0,0.0
560,fetal,0.0,0.0,0.0,2.0,0.0,0.0,0.0,0.0
561,field,0.0,0.0,0.0,0.0,0.0,0.0,1.0,1.0
562,file,0.0,0.0,0.0,4.0,0.0,1.0,12.0,12.0
563,files,0.0,0.0,0.0,1.0,0.0,0.0,1.0,1.0
564,fill,0.0,0.0,0.0,0.0,0.0,1.0,0.0,0.0
565,find,0.0,0.0,0.0,4.0,0.0,0.0,10.0,10.0
566,first,0.0,0.0,0.0,3.0,0.0,1.0,19.0,19.0
567,firstchoice,0.0,0.0,0.0,0.0,0.0,0.0,1.0,1.0
568,firstpageid,0.0,0.0,0.0,8.0,0.0,0.0,0.0,0.0
569,fixed,0.0,0.0,0.0,0.0,0.0,2.0,1.0,1.0
570,florida,0.0,0.0,0.0,0.0,0.0,0.0,4.0,4.0
571,flow,0.0,0.0,0.0,0.0,0.0,1.0,0.0,0.0
572,flowers,0.0,0.0,0.0,0.0,0.0,1.0,0.0,0.0
573,folder,0.0,0.0,0.0,0.0,0.0,2.0,0.0,0.0
574,follow,0.0,0.0,0.0,2.0,0.0,0.0,0.0,0.0
575,following,0.0,0.0,0.0,0.0,0.0,0.0,1.0,1.0
576,font,0.0,0.0,0.0,2.0,0.0,0.0,0.0,0.0
577,fonts,0.0,0.0,0.0,0.0,0.0,8.0,0.0,0.0
578,food,0.0,0.0,0.0,2.0,0.0,1.0,0.0,0.0
579,footer,0.0,0.0,0.0,0.0,0.0,1.0,0.0,0.0
580,footerhtml,0.0,0.0,0.0,0.0,0.0,1.0,0.0,0.0
581,forefront,0.0,0.0,0.0,0.0,0.0,1.0,0.0,0.0
582,forest,0.0,0.0,0.0,2.0,0.0,0.0,0.0,0.0
583,fork,0.0,0.0,0.0,13.0,0.0,0.0,0.0,0.0
584,form,0.0,0.0,0.0,1.0,0.0,0.0,1.0,1.0
585,format,0.0,0.0,0.0,0.0,0.0,1.0,0.0,0.0
586,former,0.0,0.0,0.0,0.0,0.0,0.0,1.0,1.0
587,forms,0.0,0.0,0.0,24.0,0.0,0.0,0.0,0.0
588,formula,0.0,0.0,0.0,0.0,0.0,0.0,1.0,1.0
589,fort,0.0,0.0,0.0,48.0,0.0,0.0,4.0,4.0
590,forth,0.0,0.0,0.0,0.0,0.0,0.0,1.0,1.0
591,forward,0.0,0.0,0.0,1.0,0.0,0.0,0.0,0.0
592,found,0.0,0.0,0.0,40.0,0.0,0.0,1.0,1.0
593,foundation,0.0,0.0,0.0,0.0,0.0,0.0,3.0,3.0
594,founded,0.0,0.0,0.0,0.0,0.0,0.0,7.0,7.0
595,founder's,0.0,0.0,0.0,1.0,0.0,0.0,1.0,1.0
596,frame,0.0,0.0,0.0,2.0,0.0,0.0,0.0,0.0
597,free,0.0,0.0,0.0,31.0,0.0,0.0,0.0,0.0
598,frequent,0.0,0.0,0.0,1.0,0.0,0.0,0.0,0.0
599,fruits,0.0,0.0,0.0,4.0,0.0,0.0,0.0,0.0
600,full,0.0,0.0,0.0,2.0,0.0,1.0,1.0,0.0
601,fully,0.0,0.0,0.0,0.0,0.0,2.0,0.0,0.0
602,fun,0.0,0.0,0.0,4.0,0.0,0.0,0.0,0.0
603,function,0.0,0.0,0.0,68.0,0.0,4.0,147.0,147.0
604,funding,0.0,0.0,0.0,0.0,0.0,0.0,1.0,1.0
605,funeral,0.0,0.0,0.0,0.0,0.0,1.0,0.0,0.0
606,further,0.0,0.0,0.0,1.0,0.0,0.0,0.0,0.0
607,gamap,0.0,0.0,0.0,1.0,0.0,0.0,9.0,9.0
608,game,0.0,0.0,0.0,1.0,0.0,0.0,0.0,0.0
609,gather,0.0,0.0,0.0,1.0,0.0,0.0,0.0,0.0
610,general,0.0,0.0,0.0,1.0,0.0,0.0,0.0,0.0
611,generally,0.0,0.0,0.0,0.0,0.0,1.0,0.0,0.0
612,generous,0.0,0.0,0.0,0.0,0.0,0.0,2.0,2.0
613,genuine,0.0,0.0,0.0,0.0,0.0,0.0,1.0,1.0
614,geographic,0.0,0.0,0.0,0.0,0.0,2.0,0.0,0.0
615,georgia,0.0,0.0,0.0,0.0,0.0,0.0,1.0,1.0
616,get,0.0,0.0,0.0,59.0,0.0,0.0,0.0,0.0
617,gift,0.0,0.0,0.0,2.0,0.0,0.0,2.0,2.0
618,gifts,0.0,0.0,0.0,0.0,0.0,0.0,2.0,2.0
619,give,0.0,0.0,0.0,1.0,0.0,0.0,0.0,0.0
620,gives,0.0,0.0,0.0,4.0,0.0,0.0,0.0,0.0
621,global,0.0,0.0,0.0,16.0,0.0,0.0,2.0,2.0
622,god,0.0,0.0,0.0,0.0,0.0,0.0,0.0,2.0
623,going,0.0,0.0,0.0,1.0,0.0,0.0,0.0,0.0
624,golf,0.0,0.0,0.0,0.0,0.0,1.0,2.0,2.0
625,good,0.0,0.0,0.0,1.0,0.0,0.0,0.0,0.0
626,google,0.0,0.0,0.0,77.0,0.0,0.0,1.0,1.0
627,gothic,0.0,0.0,0.0,8.0,0.0,0.0,0.0,0.0
628,governed,0.0,0.0,0.0,0.0,0.0,0.0,1.0,1.0
629,government,0.0,0.0,0.0,0.0,0.0,21.0,0.0,0.0
630,governments,0.0,0.0,0.0,0.0,0.0,3.0,0.0,0.0
631,grab,0.0,0.0,0.0,2.0,0.0,0.0,9.0,9.0
632,grade,0.0,0.0,0.0,3.0,0.0,0.0,0.0,0.0
633,grange,0.0,0.0,0.0,16.0,0.0,0.0,1.0,1.0
634,grant,0.0,0.0,0.0,8.0,0.0,2.0,0.0,0.0
635,granted,0.0,0.0,0.0,0.0,0.0,0.0,1.0,1.0
636,gratitude,0.0,0.0,0.0,0.0,0.0,0.0,1.0,1.0
637,grc,0.0,0.0,0.0,0.0,0.0,2.0,0.0,0.0
638,great,0.0,0.0,0.0,1.0,0.0,0.0,0.0,2.0
639,greater,0.0,0.0,0.0,0.0,0.0,1.0,0.0,0.0
640,grilled,0.0,0.0,0.0,3.0,0.0,0.0,0.0,0.0
641,grinch,0.0,0.0,0.0,3.0,0.0,0.0,0.0,0.0
642,grobbel,0.0,0.0,0.0,0.0,0.0,0.0,1.0,1.0
643,grocery,0.0,0.0,0.0,1.0,0.0,0.0,0.0,0.0
644,grown,0.0,0.0,0.0,0.0,0.0,0.0,6.0,6.0
645,guam,0.0,0.0,0.0,0.0,0.0,0.0,1.0,1.0
646,halsted,0.0,0.0,0.0,3.0,0.0,0.0,0.0,0.0
647,hammond,0.0,0.0,0.0,0.0,0.0,0.0,1.0,1.0
648,hampshire,0.0,0.0,0.0,0.0,0.0,0.0,1.0,1.0
649,hard,0.0,0.0,0.0,2.0,0.0,0.0,0.0,0.0
650,hardware,0.0,0.0,0.0,0.0,0.0,1.0,0.0,0.0
651,harmful,0.0,0.0,0.0,1.0,0.0,0.0,0.0,0.0
652,hasjetblogplaylist,0.0,0.0,0.0,0.0,0.0,1.0,0.0,0.0
653,have,0.0,0.0,0.0,11.0,0.0,0.0,15.0,14.0
654,having,0.0,0.0,0.0,2.0,0.0,0.0,0.0,0.0
655,hawaii,0.0,0.0,0.0,0.0,0.0,0.0,1.0,1.0
656,hay,0.0,0.0,0.0,1.0,0.0,0.0,0.0,0.0
657,header,0.0,0.0,0.0,1.0,0.0,0.0,1.0,1.0
658,health,0.0,0.0,0.0,0.0,0.0,4.0,0.0,0.0
659,healthier,0.0,0.0,0.0,0.0,0.0,0.0,8.0,8.0
660,healthy,0.0,0.0,0.0,9.0,0.0,0.0,1.0,1.0
661,hear,0.0,0.0,0.0,1.0,0.0,0.0,4.0,4.0
662,heart,0.0,0.0,0.0,0.0,0.0,1.0,0.0,0.0
663,hearts,0.0,0.0,0.0,0.0,0.0,0.0,1.0,1.0
664,height,0.0,0.0,0.0,0.0,0.0,0.0,3.0,3.0
665,help,0.0,0.0,0.0,21.0,0.0,6.0,8.0,8.0
666,helped,0.0,0.0,0.0,0.0,0.0,0.0,1.0,1.0
667,helping,0.0,0.0,0.0,0.0,0.0,0.0,2.0,0.0
668,helpline,0.0,0.0,0.0,1.0,0.0,0.0,0.0,0.0
669,helplineif,0.0,0.0,0.0,1.0,0.0,0.0,0.0,0.0
670,helps,0.0,0.0,0.0,1.0,0.0,0.0,2.0,2.0
671,her,0.0,0.0,0.0,1.0,0.0,0.0,1.0,1.0
672,here,0.0,0.0,0.0,7.0,0.0,1.0,3.0,3.0
673,hereby,0.0,0.0,0.0,8.0,0.0,0.0,1.0,1.0
674,herein,0.0,0.0,0.0,0.0,0.0,0.0,1.0,1.0
675,hidemobile,0.0,0.0,0.0,0.0,0.0,1.0,0.0,0.0
676,hidetrigger,0.0,0.0,0.0,0.0,0.0,1.0,0.0,0.0
677,highly,0.0,0.0,0.0,0.0,0.0,1.0,1.0,1.0
678,hijos,0.0,0.0,0.0,1.0,0.0,0.0,0.0,0.0
679,historic,0.0,0.0,0.0,24.0,0.0,0.0,0.0,0.0
680,history,0.0,0.0,0.0,0.0,0.0,2.0,0.0,0.0
681,hit,0.0,0.0,0.0,1.0,0.0,0.0,9.0,9.0
682,hitconverted,0.0,0.0,0.0,1.0,0.0,0.0,9.0,9.0
683,hitobject,0.0,0.0,0.0,5.0,0.0,0.0,45.0,45.0
684,home,0.0,0.0,0.0,0.0,0.0,4.0,1.0,1.0
685,homemade,0.0,0.0,0.0,2.0,0.0,0.0,0.0,0.0
686,homes,0.0,0.0,0.0,0.0,0.0,1.0,0.0,0.0
687,honest,0.0,0.0,0.0,0.0,0.0,0.0,2.0,2.0
688,honor,0.0,0.0,0.0,3.0,0.0,0.0,4.0,3.0
689,honored,0.0,0.0,0.0,0.0,0.0,0.0,1.0,1.0
690,honoree,0.0,0.0,0.0,0.0,0.0,0.0,1.0,0.0
691,hope,0.0,0.0,0.0,1.0,0.0,0.0,0.0,0.0
692,hopeful,0.0,0.0,0.0,2.0,0.0,0.0,0.0,0.0
693,hormonal,0.0,0.0,0.0,1.0,0.0,0.0,0.0,0.0
694,hosting,0.0,0.0,0.0,0.0,0.0,0.0,1.0,1.0
695,how,0.0,0.0,0.0,18.0,0.0,1.0,2.0,2.0
696,href,0.0,0.0,0.0,1.0,0.0,0.0,9.0,9.0
697,hundreds,0.0,0.0,0.0,0.0,0.0,0.0,1.0,1.0
698,hunsberger,0.0,0.0,0.0,0.0,0.0,0.0,1.0,1.0
699,hyperlink,0.0,0.0,0.0,0.0,0.0,1.0,0.0,0.0
700,idaho,0.0,0.0,0.0,0.0,0.0,0.0,1.0,1.0
701,illinois,0.0,0.0,0.0,16.0,0.0,0.0,5.0,5.0
702,illness,0.0,0.0,0.0,1.0,0.0,0.0,0.0,0.0
703,imagination,0.0,0.0,0.0,4.0,0.0,0.0,0.0,0.0
704,imaginative,0.0,0.0,0.0,3.0,0.0,0.0,0.0,0.0
705,img,0.0,0.0,0.0,1.0,0.0,0.0,0.0,0.0
706,immediate,0.0,0.0,0.0,0.0,0.0,0.0,1.0,1.0
707,implied,0.0,0.0,0.0,8.0,0.0,0.0,0.0,0.0
708,imply,0.0,0.0,0.0,0.0,0.0,0.0,1.0,1.0
709,import,0.0,0.0,0.0,0.0,0.0,0.0,1.0,1.0
710,importance,0.0,0.0,0.0,5.0,0.0,0.0,0.0,0.0
711,important,0.0,0.0,0.0,4.0,0.0,0.0,2.0,2.0
712,importante,0.0,0.0,0.0,1.0,0.0,0.0,0.0,0.0
713,improve,0.0,0.0,0.0,0.0,0.0,3.0,0.0,0.0
714,improved,0.0,0.0,0.0,0.0,0.0,1.0,0.0,0.0
715,improving,0.0,0.0,0.0,0.0,0.0,1.0,0.0,0.0
716,include,0.0,0.0,0.0,0.0,0.0,0.0,1.0,1.0
717,includes,0.0,0.0,0.0,0.0,0.0,0.0,1.0,1.0
718,including,0.0,0.0,0.0,25.0,0.0,0.0,6.0,6.0
719,increase,0.0,0.0,0.0,0.0,0.0,1.0,0.0,0.0
720,increased,0.0,0.0,0.0,0.0,0.0,1.0,0.0,0.0
721,incredible,0.0,0.0,0.0,1.0,0.0,0.0,0.0,0.0
722,independent,0.0,0.0,0.0,0.0,0.0,0.0,1.0,1.0
723,independently,0.0,0.0,0.0,0.0,0.0,0.0,1.0,1.0
724,index,0.0,0.0,0.0,6.0,0.0,0.0,54.0,54.0
725,indian,0.0,0.0,0.0,0.0,0.0,2.0,0.0,0.0
726,indiana,0.0,0.0,0.0,33.0,0.0,0.0,16.0,16.0
727,indianapolis,0.0,0.0,0.0,24.0,0.0,0.0,1.0,1.0
728,individual,0.0,0.0,0.0,0.0,0.0,1.0,0.0,0.0
729,info,0.0,0.0,0.0,0.0,0.0,0.0,2.0,2.0
730,information,0.0,0.0,0.0,4.0,0.0,2.0,3.0,4.0
731,informational,0.0,0.0,0.0,0.0,0.0,0.0,1.0,1.0
732,infrastructure,0.0,0.0,0.0,0.0,0.0,3.0,0.0,0.0
733,ingredient,0.0,0.0,0.0,1.0,0.0,0.0,1.0,1.0
734,inherit,0.0,0.0,0.0,0.0,0.0,0.0,1.0,1.0
735,initial,0.0,0.0,0.0,0.0,0.0,0.0,1.0,1.0
736,initialize,0.0,0.0,0.0,0.0,0.0,0.0,1.0,1.0
737,inline,0.0,0.0,0.0,1.0,0.0,1.0,9.0,9.0
738,inn,0.0,0.0,0.0,0.0,0.0,1.0,0.0,0.0
739,input,0.0,0.0,0.0,1.0,0.0,0.0,0.0,0.0
740,insight,0.0,0.0,0.0,1.0,0.0,0.0,0.0,0.0
741,instanceof,0.0,0.0,0.0,16.0,0.0,0.0,17.0,17.0
742,instances,0.0,0.0,0.0,0.0,0.0,1.0,0.0,0.0
743,instead,0.0,0.0,0.0,0.0,0.0,1.0,0.0,0.0
744,instilling,0.0,0.0,0.0,1.0,0.0,0.0,0.0,0.0
745,instructions,0.0,0.0,0.0,1.0,0.0,0.0,0.0,0.0
746,instrument,0.0,0.0,0.0,0.0,0.0,0.0,1.0,1.0
747,insurance,0.0,0.0,0.0,0.0,0.0,3.0,0.0,0.0
748,integrated,0.0,0.0,0.0,0.0,0.0,6.0,0.0,0.0
749,intellectual,0.0,0.0,0.0,0.0,0.0,0.0,4.0,4.0
750,intercepting,0.0,0.0,0.0,0.0,0.0,0.0,1.0,1.0
751,interesting,0.0,0.0,0.0,0.0,0.0,2.0,0.0,0.0
752,intermodal,0.0,0.0,0.0,1.0,0.0,0.0,0.0,0.0
753,international,0.0,0.0,0.0,0.0,0.0,0.0,1.0,1.0
754,internet,0.0,0.0,0.0,3.0,0.0,0.0,0.0,0.0
755,interpret,0.0,0.0,0.0,0.0,0.0,1.0,0.0,0.0
756,into,0.0,0.0,0.0,3.0,0.0,2.0,0.0,0.0
757,intuitive,0.0,0.0,0.0,0.0,0.0,1.0,0.0,0.0
758,invalid,0.0,0.0,0.0,0.0,0.0,1.0,2.0,2.0
759,iowa,0.0,0.0,0.0,0.0,0.0,0.0,1.0,1.0
760,ironwood,0.0,0.0,0.0,16.0,0.0,0.0,0.0,0.0
761,island,0.0,0.0,0.0,0.0,0.0,0.0,1.0,1.0
762,islands,0.0,0.0,0.0,0.0,0.0,0.0,2.0,2.0
763,isn't,0.0,0.0,0.0,0.0,0.0,0.0,1.0,1.0
764,it's,0.0,0.0,0.0,1.0,0.0,0.0,0.0,0.0
765,item,0.0,0.0,0.0,0.0,0.0,1.0,0.0,0.0
766,items,0.0,0.0,0.0,1.0,0.0,0.0,0.0,0.0
767,jagla,0.0,0.0,0.0,0.0,0.0,0.0,1.0,1.0
768,janet,0.0,0.0,0.0,0.0,0.0,0.0,6.0,6.0
769,javascript,0.0,0.0,0.0,1.0,0.0,0.0,0.0,0.0
770,jefferson,0.0,0.0,0.0,24.0,0.0,0.0,0.0,0.0
771,jenny,0.0,0.0,0.0,0.0,0.0,0.0,4.0,4.0
772,jersey,0.0,0.0,0.0,0.0,0.0,0.0,1.0,1.0
773,jetblogsettings,0.0,0.0,0.0,0.0,0.0,1.0,0.0,0.0
774,jetelements,0.0,0.0,0.0,0.0,0.0,1.0,0.0,0.0
775,jetpopupdata,0.0,0.0,0.0,0.0,0.0,1.0,0.0,0.0
776,jettabssettings,0.0,0.0,0.0,0.0,0.0,1.0,0.0,0.0
777,job,0.0,0.0,0.0,0.0,0.0,1.0,0.0,0.0
778,john,0.0,0.0,0.0,0.0,0.0,0.0,0.0,2.0
779,join,0.0,0.0,0.0,8.0,0.0,0.0,0.0,0.0
780,joseph,0.0,0.0,0.0,0.0,0.0,0.0,2.0,2.0
781,jupiterxoptions,0.0,0.0,0.0,0.0,0.0,1.0,0.0,0.0
782,jury,0.0,0.0,0.0,0.0,0.0,2.0,0.0,0.0
783,just,0.0,0.0,0.0,3.0,0.0,0.0,0.0,0.0
784,justice,0.0,0.0,0.0,0.0,0.0,3.0,0.0,0.0
785,kaku,0.0,0.0,0.0,8.0,0.0,0.0,0.0,0.0
786,kansas,0.0,0.0,0.0,0.0,0.0,0.0,1.0,1.0
787,karen,0.0,0.0,0.0,0.0,0.0,0.0,2.0,2.0
788,katherine,0.0,0.0,0.0,0.0,0.0,0.0,12.0,12.0
789,keep,0.0,0.0,0.0,2.0,0.0,0.0,0.0,0.0
790,kelly,0.0,0.0,0.0,0.0,0.0,0.0,6.0,6.0
791,kentucky,0.0,0.0,0.0,0.0,0.0,0.0,4.0,4.0
792,kept,0.0,0.0,0.0,1.0,0.0,0.0,1.0,1.0
793,key,0.0,0.0,0.0,1.0,0.0,0.0,0.0,0.0
794,keypress,0.0,0.0,0.0,1.0,0.0,0.0,0.0,0.0
795,keys,0.0,0.0,0.0,2.0,0.0,1.0,0.0,0.0
796,kids,0.0,0.0,0.0,5.0,0.0,0.0,1.0,1.0
797,kitchen,0.0,0.0,0.0,5.0,0.0,0.0,0.0,0.0
798,kitts,0.0,0.0,0.0,0.0,0.0,2.0,0.0,0.0
799,know,0.0,0.0,0.0,3.0,0.0,0.0,0.0,1.0
800,knowing,0.0,0.0,0.0,1.0,0.0,0.0,0.0,0.0
801,knowledge,0.0,0.0,0.0,1.0,0.0,0.0,0.0,0.0
802,knoxville,0.0,0.0,0.0,8.0,0.0,0.0,0.0,0.0
803,kristan,0.0,0.0,0.0,17.0,0.0,0.0,0.0,0.0
804,kube,0.0,0.0,0.0,0.0,0.0,0.0,1.0,1.0
805,label,0.0,0.0,0.0,1.0,0.0,0.0,1.0,1.0
806,labels,0.0,0.0,0.0,2.0,0.0,0.0,0.0,0.0
807,lainhart,0.0,0.0,0.0,0.0,0.0,0.0,1.0,1.0
808,laird,0.0,0.0,0.0,0.0,0.0,0.0,1.0,1.0
809,lake,0.0,0.0,0.0,32.0,0.0,0.0,1.0,7.0
810,lake…to,0.0,0.0,0.0,0.0,0.0,0.0,0.0,1.0
811,land,0.0,0.0,0.0,0.0,0.0,5.0,0.0,0.0
812,landing,0.0,0.0,0.0,16.0,0.0,0.0,0.0,0.0
813,lanes,0.0,0.0,0.0,2.0,0.0,0.0,0.0,0.0
814,language,0.0,0.0,0.0,0.0,0.0,1.0,0.0,0.0
815,large,0.0,0.0,0.0,0.0,0.0,0.0,1.0,1.0
816,largest,0.0,0.0,0.0,0.0,0.0,0.0,1.0,1.0
817,lasagna,0.0,0.0,0.0,3.0,0.0,0.0,0.0,0.0
818,last,0.0,0.0,0.0,0.0,0.0,0.0,9.0,9.0
819,late,0.0,0.0,0.0,1.0,0.0,0.0,0.0,0.0
820,law,0.0,0.0,0.0,0.0,0.0,0.0,1.0,1.0
821,layettes,0.0,0.0,0.0,0.0,0.0,1.0,0.0,0.0
822,lead,0.0,0.0,0.0,1.0,0.0,0.0,0.0,0.0
823,leadcolor,0.0,0.0,0.0,0.0,0.0,1.0,0.0,0.0
824,leadership,0.0,0.0,0.0,0.0,0.0,3.0,0.0,0.0
825,leading,0.0,0.0,0.0,0.0,0.0,1.0,0.0,0.0
826,learn,0.0,0.0,0.0,2.0,0.0,7.0,1.0,1.0
827,learning,0.0,0.0,0.0,1.0,0.0,0.0,0.0,0.0
828,least,0.0,0.0,0.0,1.0,0.0,0.0,0.0,0.0
829,left,0.0,0.0,0.0,4.0,0.0,0.0,0.0,0.0
830,len,0.0,0.0,0.0,1.0,0.0,0.0,9.0,9.0
831,length,0.0,0.0,0.0,1.0,0.0,0.0,0.0,0.0
832,less,0.0,0.0,0.0,0.0,0.0,1.0,0.0,0.0
833,level,0.0,0.0,0.0,0.0,0.0,1.0,0.0,0.0
834,levels,0.0,0.0,0.0,0.0,0.0,2.0,0.0,0.0
835,lexington,0.0,0.0,0.0,8.0,0.0,0.0,0.0,0.0
836,liable,0.0,0.0,0.0,8.0,0.0,0.0,0.0,0.0
837,library,0.0,0.0,0.0,4.0,0.0,2.0,0.0,0.0
838,license,0.0,0.0,0.0,8.0,0.0,0.0,1.0,1.0
839,licensing,0.0,0.0,0.0,0.0,0.0,2.0,0.0,0.0
840,life,0.0,0.0,0.0,2.0,0.0,0.0,11.0,17.0
841,like,0.0,0.0,0.0,3.0,0.0,0.0,6.0,6.0
842,limit,0.0,0.0,0.0,0.0,0.0,0.0,0.0,1.0
843,limited,0.0,0.0,0.0,0.0,0.0,1.0,0.0,0.0
844,lincoln,0.0,0.0,0.0,40.0,0.0,0.0,1.0,1.0
845,lincolnway,0.0,0.0,0.0,8.0,0.0,0.0,0.0,0.0
846,line,0.0,0.0,0.0,3.0,0.0,1.0,0.0,0.0
847,link,0.0,0.0,0.0,1.0,0.0,0.0,2.0,2.0
848,linkedin,0.0,0.0,0.0,0.0,0.0,1.0,0.0,0.0
849,links,0.0,0.0,0.0,0.0,0.0,2.0,1.0,1.0
850,lisa,0.0,0.0,0.0,0.0,0.0,0.0,4.0,8.0
851,list,0.0,0.0,0.0,1.0,0.0,0.0,0.0,0.0
852,listen,0.0,0.0,0.0,1.0,0.0,0.0,0.0,0.0
853,lives,0.0,0.0,0.0,0.0,0.0,0.0,2.0,1.0
854,llcif,0.0,0.0,0.0,1.0,0.0,0.0,0.0,0.0
855,local,0.0,0.0,0.0,2.0,0.0,4.0,1.0,1.0
856,locate,0.0,0.0,0.0,0.0,0.0,0.0,1.0,1.0
857,locating,0.0,0.0,0.0,0.0,0.0,1.0,0.0,0.0
858,location,0.0,0.0,0.0,1.0,0.0,0.0,1.0,1.0
859,locationpick,0.0,0.0,0.0,1.0,0.0,0.0,1.0,1.0
860,locations,0.0,0.0,0.0,1.0,0.0,0.0,17.0,17.0
861,logo,0.0,0.0,0.0,0.0,0.0,0.0,1.0,1.0
862,londyn,0.0,0.0,0.0,0.0,0.0,0.0,2.0,2.0
863,long,0.0,0.0,0.0,1.0,0.0,0.0,1.0,1.0
864,loss,0.0,0.0,0.0,8.0,0.0,0.0,0.0,0.0
865,lot,0.0,0.0,0.0,1.0,0.0,0.0,0.0,0.0
866,louisiana,0.0,0.0,0.0,0.0,0.0,0.0,1.0,1.0
867,love,0.0,0.0,0.0,0.0,0.0,2.0,10.0,10.0
868,lte,0.0,0.0,0.0,0.0,0.0,0.0,4.0,4.0
869,lyric,0.0,0.0,0.0,0.0,0.0,2.0,0.0,0.0
870,límites,0.0,0.0,0.0,2.0,0.0,0.0,0.0,0.0
871,madeline,0.0,0.0,0.0,0.0,0.0,0.0,2.0,2.0
872,madison,0.0,0.0,0.0,8.0,0.0,0.0,1.0,1.0
873,mailing,0.0,0.0,0.0,0.0,0.0,0.0,2.0,2.0
874,main,0.0,0.0,0.0,34.0,0.0,2.0,2.0,2.0
875,maine,0.0,0.0,0.0,0.0,0.0,0.0,1.0,1.0
876,make,0.0,0.0,0.0,20.0,0.0,1.0,9.0,6.0
877,makes,0.0,0.0,0.0,2.0,0.0,0.0,2.0,2.0
878,making,0.0,0.0,0.0,1.0,0.0,0.0,0.0,0.0
879,manage,0.0,0.0,0.0,2.0,0.0,1.0,0.0,0.0
880,management,0.0,0.0,0.0,0.0,0.0,27.0,0.0,0.0
881,manager,0.0,0.0,0.0,48.0,0.0,1.0,1.0,1.0
882,manion,0.0,0.0,0.0,0.0,0.0,0.0,1.0,1.0
883,many,0.0,0.0,0.0,5.0,0.0,0.0,3.0,1.0
884,map,0.0,0.0,0.0,32.0,0.0,2.0,0.0,0.0
885,maple,0.0,0.0,0.0,8.0,0.0,0.0,0.0,0.0
886,mapping,0.0,0.0,0.0,0.0,0.0,2.0,0.0,0.0
887,maps,0.0,0.0,0.0,2.0,0.0,0.0,0.0,0.0
888,mariana,0.0,0.0,0.0,0.0,0.0,2.0,1.0,1.0
889,marion,0.0,0.0,0.0,8.0,0.0,0.0,0.0,0.0
890,mark,0.0,0.0,0.0,0.0,0.0,0.0,1.0,1.0
891,marked,0.0,0.0,0.0,0.0,0.0,0.0,1.0,1.0
892,maryland,0.0,0.0,0.0,8.0,0.0,0.0,4.0,4.0
893,mask,0.0,0.0,0.0,2.0,0.0,0.0,0.0,0.0
894,mass,0.0,0.0,0.0,0.0,0.0,6.0,0.0,0.0
895,massachusetts,0.0,0.0,0.0,0.0,0.0,0.0,1.0,1.0
896,matches,0.0,0.0,0.0,1.0,0.0,0.0,9.0,9.0
897,matching,0.0,0.0,0.0,0.0,0.0,0.0,1.0,1.0
898,maternity,0.0,0.0,0.0,0.0,0.0,1.0,0.0,0.0
899,matters,0.0,0.0,0.0,1.0,0.0,0.0,0.0,0.0
900,may,0.0,0.0,0.0,28.0,0.0,1.0,4.0,4.0
901,mayor,0.0,0.0,0.0,0.0,0.0,1.0,0.0,0.0
902,meal,0.0,0.0,0.0,1.0,0.0,0.0,0.0,0.0
903,meals,0.0,0.0,0.0,1.0,0.0,0.0,0.0,0.0
904,mean,0.0,0.0,0.0,2.0,0.0,0.0,0.0,0.0
905,meaningful,0.0,0.0,0.0,0.0,0.0,1.0,0.0,0.0
906,means,0.0,0.0,0.0,1.0,0.0,0.0,0.0,0.0
907,medical,0.0,0.0,0.0,21.0,0.0,0.0,0.0,0.0
908,medication,0.0,0.0,0.0,1.0,0.0,0.0,0.0,0.0
909,meet,0.0,0.0,0.0,0.0,0.0,0.0,1.0,1.0
910,meeting,0.0,0.0,0.0,16.0,0.0,2.0,0.0,0.0
911,meetings,0.0,0.0,0.0,16.0,0.0,0.0,0.0,0.0
912,meg,0.0,0.0,0.0,0.0,0.0,0.0,0.0,4.0
913,members,0.0,0.0,0.0,24.0,0.0,0.0,0.0,0.0
914,membership,0.0,0.0,0.0,3.0,0.0,0.0,0.0,0.0
915,memories,0.0,0.0,0.0,1.0,0.0,0.0,0.0,0.0
916,memory,0.0,0.0,0.0,3.0,0.0,0.0,4.0,3.0
917,mentions,0.0,0.0,0.0,1.0,0.0,0.0,0.0,0.0
918,menu,0.0,0.0,0.0,8.0,0.0,0.0,0.0,0.0
919,merchantability,0.0,0.0,0.0,8.0,0.0,0.0,0.0,0.0
920,merge,0.0,0.0,0.0,2.0,0.0,0.0,0.0,0.0
921,merrillville,0.0,0.0,0.0,8.0,0.0,0.0,1.0,1.0
922,mexico,0.0,0.0,0.0,0.0,0.0,0.0,1.0,1.0
923,michigan,0.0,0.0,0.0,40.0,0.0,0.0,6.0,6.0
924,microphone,0.0,0.0,0.0,2.0,0.0,0.0,0.0,0.0
925,microsoft,0.0,0.0,0.0,8.0,0.0,0.0,0.0,0.0
926,middleton,0.0,0.0,0.0,0.0,0.0,0.0,1.0,1.0
927,midnight,0.0,0.0,0.0,1.0,0.0,0.0,0.0,0.0
928,might,0.0,0.0,0.0,4.0,0.0,0.0,0.0,0.0
929,miller,0.0,0.0,0.0,0.0,0.0,0.0,1.0,1.0
930,milwaukee,0.0,0.0,0.0,16.0,0.0,0.0,1.0,1.0
931,min,0.0,0.0,0.0,2.0,0.0,0.0,0.0,0.0
932,miniplayer,0.0,0.0,0.0,1.0,0.0,0.0,0.0,0.0
933,ministry,0.0,0.0,0.0,0.0,0.0,1.0,0.0,0.0
934,minneapolis,0.0,0.0,0.0,0.0,0.0,0.0,1.0,1.0
935,minnesota,0.0,0.0,0.0,0.0,0.0,0.0,5.0,5.0
936,minors,0.0,0.0,0.0,1.0,0.0,0.0,0.0,0.0
937,minus,0.0,0.0,0.0,1.0,0.0,0.0,0.0,0.0
938,minutes,0.0,0.0,0.0,1.0,0.0,1.0,0.0,0.0
939,mishawaka,0.0,0.0,0.0,8.0,0.0,0.0,1.0,1.0
940,missed,0.0,0.0,0.0,1.0,0.0,0.0,0.0,0.0
941,missing,0.0,0.0,0.0,0.0,0.0,1.0,2.0,2.0
942,mission,0.0,0.0,0.0,0.0,0.0,0.0,20.0,18.0
943,mississippi,0.0,0.0,0.0,0.0,0.0,0.0,1.0,1.0
944,missouri,0.0,0.0,0.0,0.0,0.0,0.0,1.0,1.0
945,mitchell,0.0,0.0,0.0,16.0,0.0,0.0,0.0,0.0
946,mmm,0.0,0.0,0.0,0.0,0.0,6.0,0.0,0.0
947,mmmm,0.0,0.0,0.0,0.0,0.0,2.0,0.0,0.0
948,mobile,0.0,0.0,0.0,0.0,0.0,1.0,1.0,1.0
949,model,0.0,0.0,0.0,0.0,0.0,0.0,2.0,2.0
950,modernizing,0.0,0.0,0.0,0.0,0.0,1.0,0.0,0.0
951,module,0.0,0.0,0.0,0.0,0.0,0.0,1.0,1.0
952,mom,0.0,0.0,0.0,1.0,0.0,0.0,3.0,3.0
953,moms,0.0,0.0,0.0,2.0,0.0,0.0,3.0,3.0
954,montana,0.0,0.0,0.0,0.0,0.0,0.0,1.0,1.0
955,monthly,0.0,0.0,0.0,0.0,0.0,0.0,1.0,1.0
956,months,0.0,0.0,0.0,0.0,0.0,1.0,0.0,0.0
957,more,0.0,0.0,0.0,5.0,0.0,13.0,15.0,15.0
958,most,0.0,0.0,0.0,2.0,0.0,0.0,8.0,8.0
959,mother,0.0,0.0,0.0,1.0,0.0,0.0,0.0,0.0
960,mother's,0.0,0.0,0.0,1.0,0.0,0.0,0.0,0.0
961,mousedown,0.0,0.0,0.0,1.0,0.0,0.0,0.0,0.0
962,municipal,0.0,0.0,0.0,0.0,0.0,2.0,0.0,0.0
963,municipalities,0.0,0.0,0.0,0.0,0.0,1.0,0.0,0.0
964,munro,0.0,0.0,0.0,1.0,0.0,0.0,0.0,0.0
965,must,0.0,0.0,0.0,2.0,0.0,14.0,1.0,1.0
966,nail,0.0,0.0,0.0,0.0,0.0,0.0,1.0,1.0
967,name,0.0,0.0,0.0,4.0,0.0,0.0,40.0,39.0
968,names,0.0,0.0,0.0,0.0,0.0,0.0,1.0,1.0
969,natalie,0.0,0.0,0.0,0.0,0.0,0.0,2.0,2.0
970,national,0.0,0.0,0.0,0.0,0.0,0.0,6.0,6.0
971,natural,0.0,0.0,0.0,3.0,0.0,0.0,0.0,0.0
972,nausea,0.0,0.0,0.0,1.0,0.0,0.0,0.0,0.0
973,navigate,0.0,0.0,0.0,8.0,0.0,0.0,0.0,0.0
974,navigation,0.0,0.0,0.0,16.0,0.0,0.0,0.0,0.0
975,near,0.0,0.0,0.0,1.0,0.0,0.0,0.0,0.0
976,nearest,0.0,0.0,0.0,3.0,0.0,0.0,0.0,0.0
977,nebraska,0.0,0.0,0.0,0.0,0.0,0.0,4.0,4.0
978,necessarily,0.0,0.0,0.0,1.0,0.0,0.0,0.0,0.0
979,need,0.0,0.0,0.0,6.0,0.0,1.0,1.0,1.0
980,needed,0.0,0.0,0.0,0.0,0.0,0.0,1.0,1.0
981,needpick,0.0,0.0,0.0,1.0,0.0,0.0,1.0,1.0
982,needs,0.0,0.0,0.0,0.0,0.0,0.0,3.0,3.0
983,negligence,0.0,0.0,0.0,8.0,0.0,0.0,0.0,0.0
984,nevada,0.0,0.0,0.0,0.0,0.0,0.0,1.0,1.0
985,never,0.0,0.0,0.0,0.0,0.0,0.0,4.0,4.0
986,new,0.0,0.0,0.0,129.0,0.0,7.0,60.0,61.0
987,news,0.0,0.0,0.0,1.0,0.0,3.0,0.0,0.0
988,newsletter,0.0,0.0,0.0,0.0,0.0,0.0,1.0,1.0
989,newstring,0.0,0.0,0.0,2.0,0.0,0.0,18.0,18.0
990,newtracker,0.0,0.0,0.0,1.0,0.0,0.0,9.0,9.0
991,next,0.0,0.0,0.0,4.0,0.0,3.0,2.0,2.0
992,nicola,0.0,0.0,0.0,0.0,0.0,0.0,1.0,1.0
993,nightingale,0.0,0.0,0.0,0.0,0.0,0.0,1.0,1.0
994,niles,0.0,0.0,0.0,8.0,0.0,0.0,1.0,1.0
995,none,0.0,0.0,0.0,6.0,0.0,3.0,52.0,52.0
996,noop,0.0,0.0,0.0,8.0,0.0,0.0,0.0,0.0
997,noopfn,0.0,0.0,0.0,1.0,0.0,0.0,9.0,9.0
998,normal,0.0,0.0,0.0,263.0,0.0,0.0,0.0,0.0
999,north,0.0,0.0,0.0,109.0,0.0,2.0,21.0,26.0
1000,northeast,0.0,0.0,0.0,8.0,0.0,0.0,2.0,2.0
1001,northern,0.0,0.0,0.0,0.0,0.0,0.0,1.0,1.0
1002,not,0.0,0.0,0.0,57.0,0.0,5.0,12.0,12.0
1003,nothing,0.0,0.0,0.0,0.0,0.0,0.0,2.0,2.0
1004,notice,0.0,0.0,0.0,1.0,0.0,0.0,0.0,0.0
1005,notification,0.0,0.0,0.0,0.0,0.0,2.0,0.0,0.0
1006,notre,0.0,0.0,0.0,16.0,0.0,0.0,10.0,10.0
1007,now,0.0,0.0,0.0,17.0,0.0,3.0,3.0,2.0
1008,nowfort,0.0,0.0,0.0,0.0,0.0,0.0,1.0,1.0
1009,nowoffset,0.0,0.0,0.0,16.0,0.0,0.0,0.0,0.0
1010,nowregister,0.0,0.0,0.0,0.0,0.0,0.0,16.0,16.0
1011,now©,0.0,0.0,0.0,8.0,0.0,0.0,0.0,0.0
1012,nuestros,0.0,0.0,0.0,1.0,0.0,0.0,0.0,0.0
1013,null,0.0,0.0,0.0,1.0,0.0,0.0,9.0,9.0
1014,number,0.0,0.0,0.0,4.0,0.0,16.0,4.0,4.0
1015,numberrequired,0.0,0.0,0.0,0.0,0.0,0.0,3.0,3.0
1016,numbers,0.0,0.0,0.0,0.0,0.0,1.0,0.0,0.0
1017,numpad,0.0,0.0,0.0,2.0,0.0,0.0,0.0,0.0
1018,nurtures,0.0,0.0,0.0,0.0,0.0,0.0,1.0,1.0
1019,nurturing,0.0,0.0,0.0,1.0,0.0,0.0,10.0,10.0
1020,nutrition,0.0,0.0,0.0,2.0,0.0,0.0,0.0,0.0
1021,nutritious,0.0,0.0,0.0,1.0,0.0,0.0,0.0,0.0
1022,nyla,0.0,0.0,0.0,0.0,0.0,0.0,2.0,2.0
1023,obfuscation,0.0,0.0,0.0,0.0,0.0,0.0,3.0,3.0
1024,object,0.0,0.0,0.0,0.0,0.0,0.0,2.0,2.0
1025,objects,0.0,0.0,0.0,0.0,0.0,0.0,9.0,9.0
1026,objwithtrailingcomma,0.0,0.0,0.0,8.0,0.0,0.0,0.0,0.0
1027,obrigewitch,0.0,0.0,0.0,0.0,0.0,0.0,2.0,1.0
1028,occured,0.0,0.0,0.0,0.0,0.0,0.0,3.0,3.0
1029,occurrence,0.0,0.0,0.0,0.0,0.0,1.0,0.0,0.0
1030,ocean,0.0,0.0,0.0,0.0,0.0,2.0,0.0,0.0
1031,offer,0.0,0.0,0.0,1.0,0.0,0.0,1.0,1.0
1032,offers,0.0,0.0,0.0,2.0,0.0,0.0,9.0,9.0
1033,office,0.0,0.0,0.0,1.0,0.0,0.0,0.0,0.0
1034,offices,0.0,0.0,0.0,0.0,0.0,1.0,0.0,0.0
1035,official,0.0,0.0,0.0,0.0,0.0,3.0,0.0,0.0
1036,officials,0.0,0.0,0.0,0.0,0.0,1.0,0.0,0.0
1037,often,0.0,0.0,0.0,1.0,0.0,0.0,0.0,0.0
1038,ohio,0.0,0.0,0.0,16.0,0.0,0.0,4.0,4.0
1039,oklahoma,0.0,0.0,0.0,0.0,0.0,0.0,1.0,1.0
1040,old,0.0,0.0,0.0,1.0,0.0,0.0,0.0,0.0
1041,olivia,0.0,0.0,0.0,0.0,0.0,0.0,2.0,2.0
1042,once,0.0,0.0,0.0,1.0,0.0,0.0,0.0,0.0
1043,one,0.0,0.0,0.0,1.0,0.0,2.0,8.0,8.0
1044,onewhere,0.0,0.0,0.0,2.0,0.0,0.0,2.0,2.0
1045,oneyou,0.0,0.0,0.0,0.0,0.0,0.0,2.0,2.0
1046,one“to,0.0,0.0,0.0,0.0,0.0,0.0,2.0,2.0
1047,online,0.0,0.0,0.0,1.0,0.0,2.0,0.0,0.0
1048,only,0.0,0.0,0.0,9.0,0.0,2.0,3.0,3.0
1049,onpolymerready,0.0,0.0,0.0,1.0,0.0,0.0,0.0,0.0
1050,onto,0.0,0.0,0.0,18.0,0.0,0.0,0.0,0.0
1051,opacity,0.0,0.0,0.0,2.0,0.0,1.0,6.0,6.0
1052,open,0.0,0.0,0.0,1.0,0.0,0.0,0.0,0.0
1053,openings,0.0,0.0,0.0,0.0,0.0,1.0,0.0,0.0
1054,operate,0.0,0.0,0.0,1.0,0.0,0.0,0.0,0.0
1055,operations,0.0,0.0,0.0,0.0,0.0,1.0,0.0,0.0
1056,opportunity,0.0,0.0,0.0,1.0,0.0,0.0,0.0,0.0
1057,opted,0.0,0.0,0.0,1.0,0.0,0.0,9.0,9.0
1058,options,0.0,0.0,0.0,0.0,0.0,0.0,1.0,1.0
1059,orange,0.0,0.0,0.0,3.0,0.0,0.0,0.0,0.0
1060,order,0.0,0.0,0.0,8.0,0.0,0.0,0.0,0.0
1061,ordinances,0.0,0.0,0.0,0.0,0.0,1.0,0.0,0.0
1062,oregon,0.0,0.0,0.0,0.0,0.0,0.0,1.0,1.0
1063,organization,0.0,0.0,0.0,0.0,0.0,0.0,1.0,1.0
1064,organizations,0.0,0.0,0.0,0.0,0.0,1.0,0.0,0.0
1065,originally,0.0,0.0,0.0,0.0,0.0,0.0,1.0,1.0
1066,orin,0.0,0.0,0.0,8.0,0.0,0.0,0.0,0.0
1067,other,0.0,0.0,0.0,11.0,0.0,0.0,8.0,9.0
1068,otherwise,0.0,0.0,0.0,0.0,0.0,0.0,3.0,3.0
1069,our,0.0,0.0,0.0,15.0,0.0,8.0,39.0,39.0
1070,ourselves,0.0,0.0,0.0,1.0,0.0,0.0,0.0,0.0
1071,out,0.0,0.0,0.0,12.0,0.0,1.0,9.0,9.0
1072,outingregister,0.0,0.0,0.0,0.0,0.0,0.0,2.0,2.0
1073,outingsgiving,0.0,0.0,0.0,0.0,0.0,0.0,1.0,1.0
1074,outreach,0.0,0.0,0.0,0.0,0.0,0.0,13.0,13.0
1075,over,0.0,0.0,0.0,0.0,0.0,0.0,2.0,2.0
1076,overnight,0.0,0.0,0.0,3.0,0.0,0.0,0.0,0.0
1077,oversees,0.0,0.0,0.0,0.0,0.0,0.0,1.0,1.0
1078,oversight,0.0,0.0,0.0,0.0,0.0,2.0,0.0,0.0
1079,own,0.0,0.0,0.0,0.0,0.0,0.0,1.0,1.0
1080,o’hare,0.0,0.0,0.0,6.0,0.0,0.0,0.0,0.0
1081,pad,0.0,0.0,0.0,2.0,0.0,0.0,0.0,0.0
1082,page,0.0,0.0,0.0,8.0,0.0,0.0,1.0,1.0
1083,param,0.0,0.0,0.0,1.0,0.0,0.0,9.0,9.0
1084,parameter,0.0,0.0,0.0,1.0,0.0,0.0,9.0,9.0
1085,parameters,0.0,0.0,0.0,1.0,0.0,0.0,9.0,9.0
1086,parent,0.0,0.0,0.0,0.0,0.0,0.0,1.0,1.0
1087,parental,0.0,0.0,0.0,1.0,0.0,0.0,0.0,0.0
1088,parenting,0.0,0.0,0.0,35.0,0.0,1.0,1.0,1.0
1089,parents,0.0,0.0,0.0,1.0,0.0,0.0,15.0,15.0
1090,park,0.0,0.0,0.0,1.0,0.0,10.0,0.0,0.0
1091,part,0.0,0.0,0.0,8.0,0.0,1.0,0.0,0.0
1092,particular,0.0,0.0,0.0,0.0,0.0,1.0,0.0,0.0
1093,partner,0.0,0.0,0.0,0.0,0.0,1.0,0.0,0.0
1094,partners,0.0,0.0,0.0,0.0,0.0,0.0,1.0,1.0
1095,partnership,0.0,0.0,0.0,0.0,0.0,0.0,0.0,1.0
1096,parton's,0.0,0.0,0.0,1.0,0.0,0.0,0.0,0.0
1097,passing,0.0,0.0,0.0,1.0,0.0,0.0,9.0,9.0
1098,pay,0.0,0.0,0.0,0.0,0.0,2.0,1.0,3.0
1099,payable,0.0,0.0,0.0,0.0,0.0,0.0,2.0,2.0
1100,payload,0.0,0.0,0.0,0.0,0.0,2.0,0.0,0.0
1101,payment,0.0,0.0,0.0,0.0,0.0,7.0,4.0,4.0
1102,payments,0.0,0.0,0.0,0.0,0.0,11.0,0.0,0.0
1103,peaches,0.0,0.0,0.0,2.0,0.0,0.0,0.0,0.0
1104,pennsylvania,0.0,0.0,0.0,24.0,0.0,0.0,10.0,10.0
1105,people,0.0,0.0,0.0,0.0,0.0,0.0,3.0,3.0
1106,peoria,0.0,0.0,0.0,8.0,0.0,0.0,1.0,1.0
1107,performance,0.0,0.0,0.0,8.0,0.0,0.0,0.0,0.0
1108,period,0.0,0.0,0.0,3.0,0.0,0.0,0.0,0.0
1109,perks,0.0,0.0,0.0,1.0,0.0,0.0,0.0,0.0
1110,permission,0.0,0.0,0.0,9.0,0.0,0.0,1.0,1.0
1111,permit,0.0,0.0,0.0,0.0,0.0,2.0,0.0,0.0
1112,permitting,0.0,0.0,0.0,0.0,0.0,2.0,0.0,0.0
1113,personal,0.0,0.0,0.0,0.0,0.0,1.0,0.0,0.0
1114,pesavento,0.0,0.0,0.0,0.0,0.0,0.0,1.0,1.0
1115,pest,0.0,0.0,0.0,0.0,0.0,2.0,0.0,0.0
1116,phone,0.0,0.0,0.0,0.0,0.0,2.0,0.0,0.0
1117,phrase,0.0,0.0,0.0,0.0,0.0,1.0,0.0,0.0
1118,physical,0.0,0.0,0.0,1.0,0.0,0.0,0.0,0.0
1119,picnic,0.0,0.0,0.0,0.0,0.0,3.0,0.0,0.0
1120,pierce,0.0,0.0,0.0,8.0,0.0,0.0,1.0,1.0
1121,piercefort,0.0,0.0,0.0,0.0,0.0,0.0,1.0,1.0
1122,pierre,0.0,0.0,0.0,0.0,0.0,2.0,0.0,0.0
1123,pineapple,0.0,0.0,0.0,2.0,0.0,0.0,0.0,0.0
1124,place,0.0,0.0,0.0,0.0,0.0,0.0,1.0,1.0
1125,placeholders,0.0,0.0,0.0,1.0,0.0,0.0,1.0,1.0
1126,placement,0.0,0.0,0.0,1.0,0.0,0.0,0.0,0.0
1127,plan,0.0,0.0,0.0,1.0,0.0,4.0,0.0,0.0
1128,planning,0.0,0.0,0.0,1.0,0.0,2.0,0.0,0.0
1129,platform,0.0,0.0,0.0,8.0,0.0,0.0,0.0,0.0
1130,play,0.0,0.0,0.0,18.0,0.0,1.0,0.0,0.0
1131,playback,0.0,0.0,0.0,2.0,0.0,0.0,0.0,0.0
1132,please,0.0,0.0,0.0,2.0,0.0,0.0,5.0,4.0
1133,plymouth,0.0,0.0,0.0,8.0,0.0,0.0,1.0,1.0
1134,pmparenting,0.0,0.0,0.0,1.0,0.0,0.0,0.0,0.0
1135,point,0.0,0.0,0.0,1.0,0.0,0.0,0.0,0.0
1136,policy,0.0,0.0,0.0,2.0,0.0,3.0,1.0,1.0
1137,polyfills,0.0,0.0,0.0,8.0,0.0,0.0,0.0,0.0
1138,polymer,0.0,0.0,0.0,16.0,0.0,0.0,0.0,0.0
1139,porte,0.0,0.0,0.0,0.0,0.0,0.0,2.0,2.0
1140,portion,0.0,0.0,0.0,0.0,0.0,0.0,1.0,1.0
1141,position,0.0,0.0,0.0,0.0,0.0,1.0,0.0,0.0
1142,positive,0.0,0.0,0.0,1.0,0.0,0.0,0.0,0.0
1143,possible,0.0,0.0,0.0,0.0,0.0,0.0,4.0,4.0
1144,possibly,0.0,0.0,0.0,0.0,0.0,0.0,1.0,1.0
1145,posts,0.0,0.0,0.0,1.0,0.0,0.0,0.0,0.0
1146,potato,0.0,0.0,0.0,3.0,0.0,0.0,0.0,0.0
1147,powering,0.0,0.0,0.0,0.0,0.0,2.0,0.0,0.0
1148,precious,0.0,0.0,0.0,0.0,0.0,0.0,1.0,1.0
1149,predictions,0.0,0.0,0.0,2.0,0.0,0.0,0.0,0.0
1150,pregnancies,0.0,0.0,0.0,4.0,0.0,0.0,0.0,0.0
1151,pregnancy,0.0,0.0,0.0,43.0,0.0,3.0,8.0,8.0
1152,pregnant,0.0,0.0,0.0,27.0,0.0,0.0,7.0,7.0
1153,premium,0.0,0.0,0.0,0.0,0.0,1.0,0.0,0.0
1154,prenatal,0.0,0.0,0.0,5.0,0.0,0.0,0.0,0.0
1155,president,0.0,0.0,0.0,0.0,0.0,0.0,3.0,3.0
1156,preview,0.0,0.0,0.0,2.0,0.0,0.0,0.0,0.0
1157,previous,0.0,0.0,0.0,1.0,0.0,0.0,0.0,0.0
1158,primary,0.0,0.0,0.0,0.0,0.0,2.0,0.0,0.0
1159,print,0.0,0.0,0.0,0.0,0.0,0.0,1.0,1.0
1160,privacy,0.0,0.0,0.0,9.0,0.0,3.0,1.0,1.0
1161,pro,0.0,0.0,0.0,72.0,0.0,0.0,0.0,0.0
1162,problem,0.0,0.0,0.0,1.0,0.0,0.0,1.0,1.0
1163,procedure,0.0,0.0,0.0,2.0,0.0,0.0,0.0,0.0
1164,procedures,0.0,0.0,0.0,1.0,0.0,0.0,0.0,0.0
1165,process,0.0,0.0,0.0,0.0,0.0,2.0,3.0,3.0
1166,processed,0.0,0.0,0.0,0.0,0.0,1.0,0.0,0.0
1167,processes,0.0,0.0,0.0,0.0,0.0,1.0,0.0,0.0
1168,processing,0.0,0.0,0.0,0.0,0.0,3.0,1.0,1.0
1169,professional,0.0,0.0,0.0,1.0,0.0,0.0,0.0,0.0
1170,professor,0.0,0.0,0.0,0.0,0.0,0.0,13.0,13.0
1171,profile,0.0,0.0,0.0,1.0,0.0,0.0,0.0,0.0
1172,program,0.0,0.0,0.0,1.0,0.0,0.0,0.0,0.0
1173,project,0.0,0.0,0.0,16.0,0.0,0.0,0.0,0.0
1174,promise,0.0,0.0,0.0,8.0,0.0,0.0,0.0,0.0
1175,promises,0.0,0.0,0.0,0.0,0.0,0.0,1.0,1.0
1176,prompt,0.0,0.0,0.0,0.0,0.0,1.0,0.0,0.0
1177,promueve,0.0,0.0,0.0,1.0,0.0,0.0,0.0,0.0
1178,property,0.0,0.0,0.0,2.0,0.0,4.0,5.0,5.0
1179,protected,0.0,0.0,0.0,0.0,0.0,0.0,1.0,1.0
1180,protecting,0.0,0.0,0.0,1.0,0.0,0.0,0.0,0.0
1181,proven,0.0,0.0,0.0,0.0,0.0,0.0,1.0,1.0
1182,provide,0.0,0.0,0.0,1.0,0.0,0.0,0.0,0.0
1183,provided,0.0,0.0,0.0,10.0,0.0,0.0,1.0,1.0
1184,provider,0.0,0.0,0.0,0.0,0.0,1.0,0.0,0.0
1185,provides,0.0,0.0,0.0,25.0,0.0,0.0,0.0,0.0
1186,práctica,0.0,0.0,0.0,1.0,0.0,0.0,0.0,0.0
1187,public,0.0,0.0,0.0,0.0,0.0,7.0,0.0,0.0
1188,publish,0.0,0.0,0.0,0.0,0.0,0.0,3.0,3.0
1189,puerto,0.0,0.0,0.0,0.0,0.0,0.0,1.0,1.0
1190,pumpkin,0.0,0.0,0.0,3.0,0.0,0.0,0.0,0.0
1191,purchase,0.0,0.0,0.0,1.0,0.0,0.0,1.0,1.0
1192,purpose,0.0,0.0,0.0,8.0,0.0,0.0,1.0,1.0
1193,purposes,0.0,0.0,0.0,1.0,0.0,0.0,2.0,2.0
1194,que,0.0,0.0,0.0,1.0,0.0,0.0,0.0,0.0
1195,questions,0.0,0.0,0.0,2.0,0.0,0.0,0.0,0.0
1196,queue,0.0,0.0,0.0,2.0,0.0,0.0,0.0,0.0
1197,quick,0.0,0.0,0.0,2.0,0.0,0.0,0.0,0.0
1198,quickly,0.0,0.0,0.0,0.0,0.0,0.0,1.0,1.0
1199,raising,0.0,0.0,0.0,0.0,0.0,0.0,2.0,2.0
1200,random,0.0,0.0,0.0,0.0,0.0,1.0,0.0,0.0
1201,rather,0.0,0.0,0.0,0.0,0.0,1.0,0.0,0.0
1202,ratio,0.0,0.0,0.0,0.0,0.0,0.0,2.0,2.0
1203,ravenformstranslations,0.0,0.0,0.0,0.0,0.0,1.0,0.0,0.0
1204,raventools,0.0,0.0,0.0,0.0,0.0,1.0,0.0,0.0
1205,reached,0.0,0.0,0.0,4.0,0.0,0.0,0.0,0.0
1206,read,0.0,0.0,0.0,4.0,0.0,4.0,1.0,1.0
1207,reading,0.0,0.0,0.0,2.0,0.0,0.0,0.0,0.0
1208,reads,0.0,0.0,0.0,2.0,0.0,0.0,0.0,0.0
1209,really,0.0,0.0,0.0,3.0,0.0,0.0,0.0,0.0
1210,reasons,0.0,0.0,0.0,1.0,0.0,0.0,0.0,0.0
1211,rebecca,0.0,0.0,0.0,0.0,0.0,0.0,4.0,1.0
1212,recaptcha,0.0,0.0,0.0,0.0,0.0,0.0,1.0,1.0
1213,receiving,0.0,0.0,0.0,0.0,0.0,2.0,0.0,0.0
1214,recipe,0.0,0.0,0.0,6.0,0.0,0.0,0.0,0.0
1215,records,0.0,0.0,0.0,0.0,0.0,7.0,0.0,0.0
1216,recurring,0.0,0.0,0.0,0.0,0.0,0.0,1.0,1.0
1217,redefining,0.0,0.0,0.0,0.0,0.0,0.0,1.0,1.0
1218,redundant,0.0,0.0,0.0,0.0,0.0,1.0,0.0,0.0
1219,refer,0.0,0.0,0.0,0.0,0.0,0.0,1.0,1.0
1220,reference,0.0,0.0,0.0,0.0,0.0,0.0,1.0,1.0
1221,regard,0.0,0.0,0.0,8.0,0.0,0.0,0.0,0.0
1222,regex,0.0,0.0,0.0,1.0,0.0,0.0,9.0,9.0
1223,registered,0.0,0.0,0.0,0.0,0.0,1.0,0.0,0.0
1224,registration,0.0,0.0,0.0,1.0,0.0,0.0,0.0,0.0
1225,regulations,0.0,0.0,0.0,0.0,0.0,1.0,0.0,0.0
1226,regulatory,0.0,0.0,0.0,0.0,0.0,5.0,0.0,0.0
1227,relic,0.0,0.0,0.0,0.0,0.0,0.0,1.0,1.0
1228,relied,0.0,0.0,0.0,1.0,0.0,0.0,0.0,0.0
1229,relocated,0.0,0.0,0.0,0.0,0.0,0.0,1.0,1.0
1230,remain,0.0,0.0,0.0,2.0,0.0,1.0,0.0,0.0
1231,remainder,0.0,0.0,0.0,1.0,0.0,0.0,0.0,0.0
1232,remains,0.0,0.0,0.0,1.0,0.0,0.0,0.0,0.0
1233,renaissance,0.0,0.0,0.0,0.0,0.0,1.0,0.0,0.0
1234,renee,0.0,0.0,0.0,0.0,0.0,0.0,2.0,2.0
1235,replace,0.0,0.0,0.0,1.0,0.0,0.0,9.0,9.0
1236,replacement,0.0,0.0,0.0,0.0,0.0,0.0,3.0,3.0
1237,replicable,0.0,0.0,0.0,0.0,0.0,0.0,1.0,1.0
1238,report,0.0,0.0,0.0,0.0,0.0,0.0,1.0,1.0
1239,reports,0.0,0.0,0.0,0.0,0.0,0.0,4.0,4.0
1240,reposition,0.0,0.0,0.0,2.0,0.0,0.0,0.0,0.0
1241,republic,0.0,0.0,0.0,0.0,0.0,2.0,0.0,0.0
1242,request,0.0,0.0,0.0,0.0,0.0,4.0,0.0,0.0
1243,require,0.0,0.0,0.0,0.0,0.0,0.0,9.0,9.0
1244,requires,0.0,0.0,0.0,0.0,0.0,0.0,3.0,3.0
1245,rerouted,0.0,0.0,0.0,1.0,0.0,0.0,0.0,0.0
1246,reserved,0.0,0.0,0.0,0.0,0.0,1.0,0.0,0.0
1247,resolution,0.0,0.0,0.0,0.0,0.0,2.0,0.0,0.0
1248,resolve,0.0,0.0,0.0,2.0,0.0,0.0,0.0,0.0
1249,resource,0.0,0.0,0.0,0.0,0.0,2.0,6.0,6.0
1250,resources,0.0,0.0,0.0,0.0,0.0,1.0,0.0,0.0
1251,respective,0.0,0.0,0.0,0.0,0.0,0.0,1.0,1.0
1252,response,0.0,0.0,0.0,0.0,0.0,0.0,1.0,1.0
1253,result,0.0,0.0,0.0,0.0,0.0,1.0,0.0,0.0
1254,resulting,0.0,0.0,0.0,8.0,0.0,0.0,0.0,0.0
1255,results,0.0,0.0,0.0,1.0,0.0,5.0,0.0,0.0
1256,resume,0.0,0.0,0.0,1.0,0.0,0.0,0.0,0.0
1257,retrieve,0.0,0.0,0.0,0.0,0.0,0.0,1.0,1.0
1258,return,0.0,0.0,0.0,26.0,0.0,4.0,82.0,82.0
1259,returned,0.0,0.0,0.0,1.0,0.0,0.0,9.0,9.0
1260,returns,0.0,0.0,0.0,0.0,0.0,1.0,0.0,0.0
1261,revenue,0.0,0.0,0.0,0.0,0.0,1.0,0.0,0.0
1262,rhode,0.0,0.0,0.0,0.0,0.0,0.0,1.0,1.0
1263,richland,0.0,0.0,0.0,8.0,0.0,0.0,0.0,0.0
1264,richmond,0.0,0.0,0.0,8.0,0.0,0.0,1.0,1.0
1265,rick,0.0,0.0,0.0,1.0,0.0,0.0,0.0,0.0
1266,rico,0.0,0.0,0.0,0.0,0.0,0.0,1.0,1.0
1267,riders,0.0,0.0,0.0,1.0,0.0,0.0,0.0,0.0
1268,right,0.0,0.0,0.0,8.0,0.0,0.0,3.0,3.0
1269,rightclick,0.0,0.0,0.0,1.0,0.0,0.0,0.0,0.0
1270,rights,0.0,0.0,0.0,24.0,0.0,1.0,7.0,7.0
1271,river,0.0,0.0,0.0,0.0,0.0,8.0,0.0,0.0
1272,road,0.0,0.0,0.0,1.0,0.0,0.0,0.0,0.0
1273,role,0.0,0.0,0.0,16.0,0.0,0.0,0.0,0.0
1274,root,0.0,0.0,0.0,0.0,0.0,1.0,0.0,0.0
1275,rosemont,0.0,0.0,0.0,2.0,0.0,0.0,0.0,0.0
1276,round,0.0,0.0,0.0,1.0,0.0,0.0,0.0,0.0
1277,route,0.0,0.0,0.0,2.0,0.0,0.0,0.0,0.0
1278,routes,0.0,0.0,0.0,2.0,0.0,0.0,0.0,0.0
1279,routine,0.0,0.0,0.0,1.0,0.0,0.0,0.0,0.0
1280,routing,0.0,0.0,0.0,0.0,0.0,0.0,1.0,1.0
1281,row,0.0,0.0,0.0,1.0,0.0,0.0,1.0,1.0
1282,rule,0.0,0.0,0.0,0.0,0.0,0.0,3.0,3.0
1283,run,0.0,0.0,0.0,3.0,0.0,0.0,0.0,0.0
1284,runtime,0.0,0.0,0.0,0.0,0.0,0.0,2.0,2.0
1285,rural,0.0,0.0,0.0,0.0,0.0,1.0,0.0,0.0
1286,saas,0.0,0.0,0.0,0.0,0.0,1.0,0.0,0.0
1287,safe,0.0,0.0,0.0,1.0,0.0,0.0,0.0,0.0
1288,safetyhow,0.0,0.0,0.0,1.0,0.0,0.0,0.0,0.0
1289,salad,0.0,0.0,0.0,2.0,0.0,0.0,0.0,0.0
1290,same,0.0,0.0,0.0,1.0,0.0,0.0,0.0,0.0
1291,samoa,0.0,0.0,0.0,0.0,0.0,0.0,1.0,1.0
1292,sans,0.0,0.0,0.0,2.0,0.0,0.0,1.0,1.0
1293,sarah,0.0,0.0,0.0,0.0,0.0,0.0,2.0,2.0
1294,save,0.0,0.0,0.0,1.0,0.0,1.0,2.0,2.0
1295,saved,0.0,0.0,0.0,0.0,0.0,0.0,9.0,9.0
1296,saves,0.0,0.0,0.0,0.0,0.0,0.0,1.0,1.0
1297,saving,0.0,0.0,0.0,1.0,0.0,0.0,3.0,2.0
1298,savings,0.0,0.0,0.0,0.0,0.0,4.0,1.0,1.0
1299,says,0.0,0.0,0.0,0.0,0.0,0.0,2.0,2.0
1300,schedule,0.0,0.0,0.0,3.0,0.0,0.0,0.0,0.0
1301,school,0.0,0.0,0.0,1.0,0.0,0.0,0.0,0.0
1302,screen,0.0,0.0,0.0,0.0,0.0,0.0,2.0,2.0
1303,search,0.0,0.0,0.0,5.0,0.0,17.0,0.0,0.0
1304,searching,0.0,0.0,0.0,0.0,0.0,2.0,0.0,0.0
1305,searchval,0.0,0.0,0.0,0.0,0.0,2.0,0.0,0.0
1306,secondary,0.0,0.0,0.0,0.0,0.0,1.0,0.0,0.0
1307,seconds,0.0,0.0,0.0,29.0,0.0,0.0,0.0,0.0
1308,section,0.0,0.0,0.0,0.0,0.0,2.0,0.0,0.0
1309,secure,0.0,0.0,0.0,0.0,0.0,0.0,1.0,1.0
1310,see,0.0,0.0,0.0,3.0,0.0,1.0,9.0,9.0
1311,seem,0.0,0.0,0.0,1.0,0.0,0.0,0.0,0.0
1312,segoe,0.0,0.0,0.0,0.0,0.0,4.0,0.0,0.0
1313,select,0.0,0.0,0.0,1.0,0.0,0.0,3.0,3.0
1314,selected,0.0,0.0,0.0,1.0,0.0,0.0,3.0,3.0
1315,selection,0.0,0.0,0.0,0.0,0.0,0.0,1.0,1.0
1316,self,0.0,0.0,0.0,5.0,0.0,0.0,0.0,0.0
1317,send,0.0,0.0,0.0,8.0,0.0,0.0,0.0,0.0
1318,sends,0.0,0.0,0.0,1.0,0.0,0.0,0.0,0.0
1319,sensación,0.0,0.0,0.0,1.0,0.0,0.0,0.0,0.0
1320,seo,0.0,0.0,0.0,16.0,0.0,0.0,0.0,0.0
1321,serices,0.0,0.0,0.0,0.0,0.0,1.0,0.0,0.0
1322,serve,0.0,0.0,0.0,16.0,0.0,0.0,9.0,9.0
1323,served,0.0,0.0,0.0,0.0,0.0,0.0,2.0,2.0
1324,service,0.0,0.0,0.0,46.0,0.0,1.0,0.0,0.0
1325,services,0.0,0.0,0.0,2.0,0.0,12.0,0.0,0.0
1326,serving,0.0,0.0,0.0,0.0,0.0,0.0,1.0,1.0
1327,set,0.0,0.0,0.0,24.0,0.0,0.0,3.0,3.0
1328,setting,0.0,0.0,0.0,0.0,0.0,0.0,3.0,3.0
1329,settings,0.0,0.0,0.0,2.0,0.0,0.0,0.0,0.0
1330,setwidth,0.0,0.0,0.0,0.0,0.0,0.0,1.0,1.0
1331,sexton,0.0,0.0,0.0,0.0,0.0,0.0,1.0,1.0
1332,shall,0.0,0.0,0.0,8.0,0.0,0.0,1.0,1.0
1333,share,0.0,0.0,0.0,1.0,0.0,0.0,0.0,0.0
1334,shared,0.0,0.0,0.0,0.0,0.0,1.0,0.0,0.0
1335,shares,0.0,0.0,0.0,1.0,0.0,0.0,0.0,0.0
1336,she,0.0,0.0,0.0,8.0,0.0,0.0,6.0,6.0
1337,shelter,0.0,0.0,0.0,0.0,0.0,3.0,0.0,0.0
1338,sheryl,0.0,0.0,0.0,0.0,0.0,0.0,2.0,2.0
1339,shift,0.0,0.0,0.0,2.0,0.0,0.0,0.0,0.0
1340,should,0.0,0.0,0.0,1.0,0.0,1.0,0.0,1.0
1341,show,0.0,0.0,0.0,0.0,0.0,1.0,3.0,3.0
1342,showing,0.0,0.0,0.0,3.0,0.0,0.0,0.0,0.0
1343,shows,0.0,0.0,0.0,4.0,0.0,0.0,0.0,0.0
1344,shutting,0.0,0.0,0.0,0.0,0.0,0.0,1.0,1.0
1345,shuttle,0.0,0.0,0.0,2.0,0.0,0.0,0.0,0.0
1346,sign,0.0,0.0,0.0,1.0,0.0,0.0,0.0,0.0
1347,signs,0.0,0.0,0.0,3.0,0.0,0.0,0.0,0.0
1348,simple,0.0,0.0,0.0,4.0,0.0,0.0,0.0,0.0
1349,simply,0.0,0.0,0.0,0.0,0.0,1.0,0.0,0.0
1350,sint,0.0,0.0,0.0,0.0,0.0,2.0,0.0,0.0
1351,site,0.0,0.0,0.0,24.0,0.0,6.0,0.0,0.0
1352,site's,0.0,0.0,0.0,0.0,0.0,2.0,0.0,0.0
1353,size,0.0,0.0,0.0,1.0,0.0,0.0,1.0,1.0
1354,sizes,0.0,0.0,0.0,2.0,0.0,1.0,0.0,0.0
1355,sketching,0.0,0.0,0.0,0.0,0.0,2.0,0.0,0.0
1356,skilled,0.0,0.0,0.0,0.0,0.0,0.0,1.0,1.0
1357,skills,0.0,0.0,0.0,0.0,0.0,0.0,1.0,1.0
1358,skip,0.0,0.0,0.0,0.0,0.0,3.0,0.0,0.0
1359,slide,0.0,0.0,0.0,2.0,0.0,0.0,16.0,16.0
1360,small,0.0,0.0,0.0,0.0,0.0,1.0,0.0,0.0
1361,smith,0.0,0.0,0.0,0.0,0.0,0.0,6.0,6.0
1362,snake,0.0,0.0,0.0,1.0,0.0,0.0,0.0,0.0
1363,sobre,0.0,0.0,0.0,1.0,0.0,0.0,0.0,0.0
1364,software,0.0,0.0,0.0,24.0,0.0,17.0,0.0,0.0
1365,sole,0.0,0.0,0.0,0.0,0.0,0.0,1.0,1.0
1366,solid,0.0,0.0,0.0,116.0,0.0,2.0,15.0,16.0
1367,solution,0.0,0.0,0.0,0.0,0.0,2.0,0.0,0.0
1368,solutions,0.0,0.0,0.0,0.0,0.0,26.0,0.0,0.0
1369,some,0.0,0.0,0.0,7.0,0.0,2.0,0.0,0.0
1370,someone,0.0,0.0,0.0,2.0,0.0,0.0,0.0,0.0
1371,someone's,0.0,0.0,0.0,0.0,0.0,0.0,1.0,0.0
1372,sometimes,0.0,0.0,0.0,2.0,0.0,0.0,0.0,0.0
1373,sound,0.0,0.0,0.0,1.0,0.0,0.0,0.0,0.0
1374,soup,0.0,0.0,0.0,3.0,0.0,0.0,0.0,0.0
1375,south,0.0,0.0,0.0,32.0,0.0,0.0,7.0,7.0
1376,southbound,0.0,0.0,0.0,1.0,0.0,0.0,0.0,0.0
1377,spa,0.0,0.0,0.0,0.0,0.0,1.0,0.0,0.0
1378,speak,0.0,0.0,0.0,1.0,0.0,0.0,0.0,0.0
1379,specific,0.0,0.0,0.0,1.0,0.0,0.0,0.0,0.0
1380,specify,0.0,0.0,0.0,0.0,0.0,1.0,0.0,0.0
1381,sponsorship,0.0,0.0,0.0,0.0,0.0,0.0,1.0,1.0
1382,sponsorships,0.0,0.0,0.0,0.0,0.0,0.0,1.0,1.0
1383,spread,0.0,0.0,0.0,0.0,0.0,1.0,0.0,0.0
1384,spring,0.0,0.0,0.0,0.0,0.0,0.0,1.0,1.0
1385,ssl,0.0,0.0,0.0,0.0,0.0,0.0,1.0,1.0
1386,ssr,0.0,0.0,0.0,0.0,0.0,2.0,0.0,0.0
1387,ssrinfo,0.0,0.0,0.0,8.0,0.0,0.0,0.0,0.0
1388,staff,0.0,0.0,0.0,0.0,0.0,1.0,0.0,0.0
1389,standard,0.0,0.0,0.0,1.0,0.0,0.0,0.0,0.0
1390,start,0.0,0.0,0.0,1.0,0.0,4.0,2.0,1.0
1391,starts,0.0,0.0,0.0,0.0,0.0,1.0,1.0,1.0
1392,state,0.0,0.0,0.0,0.0,0.0,2.0,2.0,2.0
1393,statementlink,0.0,0.0,0.0,0.0,0.0,1.0,0.0,0.0
1394,states,0.0,0.0,0.0,0.0,0.0,2.0,0.0,0.0
1395,stateyour,0.0,0.0,0.0,0.0,0.0,0.0,1.0,1.0
1396,station,0.0,0.0,0.0,1.0,0.0,0.0,0.0,0.0
1397,stay,0.0,0.0,0.0,10.0,0.0,0.0,0.0,0.0
1398,ste,0.0,0.0,0.0,0.0,0.0,2.0,0.0,0.0
1399,step,0.0,0.0,0.0,2.0,0.0,0.0,0.0,0.0
1400,stephen,0.0,0.0,0.0,0.0,0.0,0.0,2.0,2.0
1401,steps,0.0,0.0,0.0,0.0,0.0,0.0,7.0,7.0
1402,still,0.0,0.0,0.0,2.0,0.0,0.0,0.0,0.0
1403,stole,0.0,0.0,0.0,3.0,0.0,0.0,0.0,0.0
1404,storage,0.0,0.0,0.0,1.0,0.0,0.0,0.0,0.0
1405,store,0.0,0.0,0.0,0.0,0.0,0.0,1.0,1.0
1406,stories,0.0,0.0,0.0,0.0,0.0,0.0,1.0,1.0
1407,story,0.0,0.0,0.0,1.0,0.0,3.0,0.0,0.0
1408,streamline,0.0,0.0,0.0,0.0,0.0,2.0,0.0,0.0
1409,streamlined,0.0,0.0,0.0,0.0,0.0,1.0,0.0,0.0
1410,street,0.0,0.0,0.0,24.0,0.0,0.0,0.0,2.0
1411,strengths,0.0,0.0,0.0,1.0,0.0,0.0,0.0,0.0
1412,stretch,0.0,0.0,0.0,1.0,0.0,0.0,0.0,0.0
1413,strictly,0.0,0.0,0.0,1.0,0.0,0.0,0.0,0.0
1414,string,0.0,0.0,0.0,3.0,0.0,0.0,28.0,28.0
1415,strong,0.0,0.0,0.0,1.0,0.0,0.0,2.0,2.0
1416,stuck,0.0,0.0,0.0,1.0,0.0,0.0,0.0,0.0
1417,style,0.0,0.0,0.0,8.0,0.0,0.0,0.0,0.0
1418,subject,0.0,0.0,0.0,8.0,0.0,0.0,0.0,0.0
1419,submit,0.0,0.0,0.0,0.0,0.0,0.0,1.0,1.0
1420,subscribe,0.0,0.0,0.0,2.0,0.0,0.0,0.0,0.0
1421,subscribing,0.0,0.0,0.0,0.0,0.0,1.0,0.0,0.0
1422,substitute,0.0,0.0,0.0,1.0,0.0,0.0,0.0,0.0
1423,success,0.0,0.0,0.0,1.0,0.0,0.0,9.0,9.0
1424,successful,0.0,0.0,0.0,0.0,0.0,0.0,7.0,7.0
1425,such,0.0,0.0,0.0,0.0,0.0,1.0,3.0,3.0
1426,suite,0.0,0.0,0.0,24.0,0.0,0.0,0.0,0.0
1427,summary,0.0,0.0,0.0,0.0,0.0,1.0,0.0,0.0
1428,summer,0.0,0.0,0.0,3.0,0.0,0.0,0.0,0.0
1429,sunday,0.0,0.0,0.0,1.0,0.0,0.0,0.0,0.0
1430,suppliers,0.0,0.0,0.0,0.0,0.0,1.0,0.0,0.0
1431,supplies,0.0,0.0,0.0,1.0,0.0,0.0,0.0,0.0
1432,support,0.0,0.0,0.0,29.0,0.0,6.0,28.0,28.0
1433,supports,0.0,0.0,0.0,1.0,0.0,0.0,0.0,0.0
1434,sure,0.0,0.0,0.0,7.0,0.0,1.0,0.0,0.0
1435,surgical,0.0,0.0,0.0,1.0,0.0,0.0,0.0,0.0
1436,sustainability,0.0,0.0,0.0,0.0,0.0,0.0,1.0,1.0
1437,svg,0.0,0.0,0.0,8.0,0.0,0.0,0.0,0.0
1438,symbol,0.0,0.0,0.0,8.0,0.0,1.0,0.0,0.0
1439,symptoms,0.0,0.0,0.0,5.0,0.0,0.0,0.0,0.0
1440,syntax,0.0,0.0,0.0,1.0,0.0,0.0,0.0,0.0
1441,system,0.0,0.0,0.0,0.0,0.0,3.0,0.0,0.0
1442,tab,0.0,0.0,0.0,8.0,0.0,0.0,0.0,0.0
1443,table,0.0,0.0,0.0,32.0,0.0,0.0,0.0,0.0
1444,taco,0.0,0.0,0.0,2.0,0.0,0.0,0.0,0.0
1445,tacos,0.0,0.0,0.0,1.0,0.0,0.0,0.0,0.0
1446,tag,0.0,0.0,0.0,73.0,0.0,0.0,0.0,0.0
1447,take,0.0,0.0,0.0,5.0,0.0,0.0,7.0,7.0
1448,taking,0.0,0.0,0.0,1.0,0.0,0.0,0.0,0.0
1449,talk,0.0,0.0,0.0,2.0,0.0,0.0,0.0,0.0
1450,tattooing,0.0,0.0,0.0,0.0,0.0,1.0,0.0,0.0
1451,tax,0.0,0.0,0.0,0.0,0.0,14.0,0.0,0.0
1452,taxes,0.0,0.0,0.0,0.0,0.0,1.0,0.0,0.0
1453,teaches,0.0,0.0,0.0,5.0,0.0,0.0,0.0,0.0
1454,team,0.0,0.0,0.0,0.0,0.0,1.0,1.0,1.0
1455,tech,0.0,0.0,0.0,0.0,0.0,1.0,0.0,0.0
1456,technologies,0.0,0.0,0.0,0.0,0.0,1.0,0.0,0.0
1457,technology,0.0,0.0,0.0,0.0,0.0,3.0,0.0,0.0
1458,tell,0.0,0.0,0.0,2.0,0.0,0.0,0.0,0.0
1459,tennessee,0.0,0.0,0.0,0.0,0.0,0.0,1.0,1.0
1460,tenses,0.0,0.0,0.0,0.0,0.0,1.0,0.0,0.0
1461,terms,0.0,0.0,0.0,9.0,0.0,0.0,12.0,12.0
1462,test,0.0,0.0,0.0,13.0,0.0,0.0,0.0,0.0
1463,testing,0.0,0.0,0.0,16.0,0.0,0.0,0.0,0.0
1464,texas,0.0,0.0,0.0,0.0,0.0,0.0,1.0,1.0
1465,text,0.0,0.0,0.0,1.0,0.0,1.0,0.0,0.0
1466,than,0.0,0.0,0.0,2.0,0.0,5.0,1.0,1.0
1467,thank,0.0,0.0,0.0,1.0,0.0,0.0,2.0,4.0
1468,thanks,0.0,0.0,0.0,0.0,0.0,0.0,1.0,1.0
1469,that's,0.0,0.0,0.0,1.0,0.0,0.0,2.0,2.0
1470,theater,0.0,0.0,0.0,1.0,0.0,0.0,0.0,0.0
1471,theatre,0.0,0.0,0.0,0.0,0.0,2.0,0.0,0.0
1472,their,0.0,0.0,0.0,2.0,0.0,0.0,12.0,10.0
1473,themselves,0.0,0.0,0.0,0.0,0.0,0.0,2.0,0.0
1474,then,0.0,0.0,0.0,1.0,0.0,0.0,0.0,0.0
1475,there,0.0,0.0,0.0,4.0,0.0,2.0,9.0,9.0
1476,these,0.0,0.0,0.0,4.0,0.0,1.0,0.0,0.0
1477,they,0.0,0.0,0.0,1.0,0.0,1.0,0.0,0.0
1478,things,0.0,0.0,0.0,1.0,0.0,0.0,0.0,0.0
1479,think,0.0,0.0,0.0,2.0,0.0,0.0,0.0,0.0
1480,thinking,0.0,0.0,0.0,1.0,0.0,0.0,0.0,0.0
1481,third,0.0,0.0,0.0,0.0,0.0,0.0,1.0,1.0
1482,this,0.0,0.0,0.0,51.0,0.0,5.0,34.0,34.0
1483,thousands,0.0,0.0,0.0,0.0,0.0,2.0,1.0,1.0
1484,three,0.0,0.0,0.0,1.0,0.0,0.0,0.0,0.0
1485,through,0.0,0.0,0.0,13.0,0.0,0.0,3.0,3.0
1486,ticket©,0.0,0.0,0.0,1.0,0.0,0.0,0.0,0.0
1487,time,0.0,0.0,0.0,1.0,0.0,1.0,1.0,1.0
1488,times,0.0,0.0,0.0,1.0,0.0,0.0,0.0,0.0
1489,tiny,0.0,0.0,0.0,0.0,0.0,0.0,1.0,1.0
1490,tips,0.0,0.0,0.0,5.0,0.0,3.0,0.0,0.0
1491,tiredness,0.0,0.0,0.0,1.0,0.0,0.0,0.0,0.0
1492,title,0.0,0.0,0.0,1.0,0.0,3.0,0.0,0.0
1493,today,0.0,0.0,0.0,1.0,0.0,0.0,4.0,4.0
1494,todayabortion,0.0,0.0,0.0,1.0,0.0,0.0,0.0,0.0
1495,todaycontact,0.0,0.0,0.0,1.0,0.0,0.0,0.0,0.0
1496,todayfargo,0.0,0.0,0.0,1.0,0.0,0.0,0.0,0.0
1497,todaygift,0.0,0.0,0.0,1.0,0.0,0.0,1.0,1.0
1498,todaypregnancy,0.0,0.0,0.0,1.0,0.0,0.0,0.0,0.0
1499,todayprivacy,0.0,0.0,0.0,1.0,0.0,0.0,0.0,0.0
1500,todayterms,0.0,0.0,0.0,1.0,0.0,0.0,0.0,0.0
1501,todayultrasound,0.0,0.0,0.0,1.0,0.0,0.0,0.0,0.0
1502,toddlers,0.0,0.0,0.0,2.0,0.0,0.0,0.0,0.0
1503,together,0.0,0.0,0.0,1.0,0.0,0.0,0.0,0.0
1504,toggle,0.0,0.0,0.0,1.0,0.0,0.0,0.0,0.0
1505,toll,0.0,0.0,0.0,0.0,0.0,1.0,0.0,0.0
1506,tome,0.0,0.0,0.0,0.0,0.0,2.0,0.0,0.0
1507,tonya,0.0,0.0,0.0,0.0,0.0,0.0,2.0,2.0
1508,too,0.0,0.0,0.0,0.0,0.0,2.0,0.0,0.0
1509,tool,0.0,0.0,0.0,0.0,0.0,2.0,0.0,0.0
1510,tools,0.0,0.0,0.0,0.0,0.0,2.0,0.0,0.0
1511,top,0.0,0.0,0.0,2.0,0.0,0.0,0.0,0.0
1512,tops,0.0,0.0,0.0,0.0,0.0,1.0,0.0,0.0
1513,tortious,0.0,0.0,0.0,8.0,0.0,0.0,0.0,0.0
1514,total,0.0,0.0,0.0,0.0,0.0,0.0,1.0,1.0
1515,touches,0.0,0.0,0.0,0.0,0.0,0.0,1.0,1.0
1516,touching,0.0,0.0,0.0,0.0,0.0,0.0,1.0,0.0
1517,tourist,0.0,0.0,0.0,0.0,0.0,2.0,0.0,0.0
1518,toward,0.0,0.0,0.0,6.0,0.0,0.0,0.0,0.0
1519,town,0.0,0.0,0.0,0.0,0.0,1.0,0.0,0.0
1520,track,0.0,0.0,0.0,1.0,0.0,0.0,0.0,0.0
1521,tracker,0.0,0.0,0.0,1.0,0.0,0.0,9.0,9.0
1522,tracking,0.0,0.0,0.0,1.0,0.0,0.0,9.0,9.0
1523,trademark,0.0,0.0,0.0,0.0,0.0,1.0,0.0,0.0
1524,trademarks,0.0,0.0,0.0,0.0,0.0,0.0,1.0,1.0
1525,train,0.0,0.0,0.0,2.0,0.0,0.0,0.0,0.0
1526,training,0.0,0.0,0.0,16.0,0.0,0.0,0.0,0.0
1527,trains,0.0,0.0,0.0,4.0,0.0,0.0,0.0,0.0
1528,transactions,0.0,0.0,0.0,0.0,0.0,1.0,0.0,0.0
1529,transform,0.0,0.0,0.0,0.0,0.0,1.0,0.0,0.0
1530,transformation,0.0,0.0,0.0,0.0,0.0,1.0,0.0,0.0
1531,transformational,0.0,0.0,0.0,0.0,0.0,1.0,0.0,0.0
1532,transit,0.0,0.0,0.0,5.0,0.0,0.0,0.0,0.0
1533,transmit,0.0,0.0,0.0,0.0,0.0,0.0,1.0,1.0
1534,transparency,0.0,0.0,0.0,0.0,0.0,1.0,0.0,0.0
1535,trees,0.0,0.0,0.0,0.0,0.0,1.0,0.0,0.0
1536,trigger,0.0,0.0,0.0,1.0,0.0,0.0,0.0,0.0
1537,triggercolor,0.0,0.0,0.0,0.0,0.0,1.0,0.0,0.0
1538,triggericon,0.0,0.0,0.0,0.0,0.0,1.0,0.0,0.0
1539,triggeroffsetx,0.0,0.0,0.0,0.0,0.0,2.0,0.0,0.0
1540,triggeroffsety,0.0,0.0,0.0,0.0,0.0,2.0,0.0,0.0
1541,triggerpositionx,0.0,0.0,0.0,0.0,0.0,2.0,0.0,0.0
1542,triggerpositiony,0.0,0.0,0.0,0.0,0.0,2.0,0.0,0.0
1543,triggerradius,0.0,0.0,0.0,0.0,0.0,2.0,0.0,0.0
1544,triggersize,0.0,0.0,0.0,0.0,0.0,2.0,0.0,0.0
1545,trips,0.0,0.0,0.0,3.0,0.0,0.0,0.0,0.0
1546,true,0.0,0.0,0.0,0.0,0.0,1.0,0.0,0.0
1547,trust,0.0,0.0,0.0,0.0,0.0,2.0,0.0,0.0
1548,try,0.0,0.0,0.0,6.0,0.0,1.0,9.0,9.0
1549,turned,0.0,0.0,0.0,2.0,0.0,0.0,0.0,0.0
1550,twelve,0.0,0.0,0.0,0.0,0.0,0.0,6.0,6.0
1551,twitter,0.0,0.0,0.0,0.0,0.0,1.0,0.0,0.0
1552,type,0.0,0.0,0.0,3.0,0.0,4.0,6.0,6.0
1553,typeof,0.0,0.0,0.0,46.0,0.0,0.0,45.0,45.0
1554,types,0.0,0.0,0.0,1.0,0.0,0.0,0.0,0.0
1555,ultrasound,0.0,0.0,0.0,14.0,0.0,0.0,0.0,0.0
1556,ultrasounds,0.0,0.0,0.0,16.0,0.0,0.0,0.0,0.0
1557,una,0.0,0.0,0.0,2.0,0.0,0.0,0.0,0.0
1558,unable,0.0,0.0,0.0,0.0,0.0,0.0,2.0,2.0
1559,unconditional,0.0,0.0,0.0,0.0,0.0,0.0,1.0,1.0
1560,under,0.0,0.0,0.0,9.0,0.0,0.0,1.0,1.0
1561,understand,0.0,0.0,0.0,1.0,0.0,0.0,0.0,0.0
1562,unemployment,0.0,0.0,0.0,0.0,0.0,2.0,0.0,0.0
1563,unexpected,0.0,0.0,0.0,1.0,0.0,1.0,0.0,0.0
1564,unintended,0.0,0.0,0.0,0.0,0.0,0.0,1.0,1.0
1565,union,0.0,0.0,0.0,1.0,0.0,1.0,0.0,0.0
1566,united,0.0,0.0,0.0,0.0,0.0,1.0,1.0,1.0
1567,university,0.0,0.0,0.0,33.0,0.0,0.0,8.0,8.0
1568,unless,0.0,0.0,0.0,1.0,0.0,0.0,1.0,1.0
1569,until,0.0,0.0,0.0,1.0,0.0,0.0,0.0,0.0
1570,uploading,0.0,0.0,0.0,1.0,0.0,0.0,1.0,1.0
1571,uploadpath,0.0,0.0,0.0,0.0,0.0,2.0,0.0,0.0
1572,upon,0.0,0.0,0.0,1.0,0.0,0.0,0.0,0.0
1573,upsetting,0.0,0.0,0.0,1.0,0.0,0.0,0.0,0.0
1574,urban,0.0,0.0,0.0,0.0,0.0,1.0,0.0,0.0
1575,urination,0.0,0.0,0.0,1.0,0.0,0.0,0.0,0.0
1576,url,0.0,0.0,0.0,0.0,0.0,0.0,1.0,1.0
1577,use,0.0,0.0,0.0,18.0,0.0,0.0,5.0,5.0
1578,used,0.0,0.0,0.0,10.0,0.0,0.0,3.0,3.0
1579,usematchviewport,0.0,0.0,0.0,0.0,0.0,1.0,0.0,0.0
1580,user,0.0,0.0,0.0,0.0,0.0,0.0,1.0,1.0
1581,users,0.0,0.0,0.0,1.0,0.0,0.0,9.0,9.0
1582,uses,0.0,0.0,0.0,1.0,0.0,0.0,0.0,0.0
1583,using,0.0,0.0,0.0,2.0,0.0,0.0,1.0,1.0
1584,usmoreuse,0.0,0.0,0.0,8.0,0.0,0.0,0.0,0.0
1585,utah,0.0,0.0,0.0,0.0,0.0,0.0,1.0,1.0
1586,utilities,0.0,0.0,0.0,0.0,0.0,1.0,0.0,0.0
1587,utility,0.0,0.0,0.0,0.0,0.0,4.0,0.0,0.0
1588,valid,0.0,0.0,0.0,0.0,0.0,3.0,0.0,0.0
1589,valuation,0.0,0.0,0.0,0.0,0.0,2.0,0.0,0.0
1590,value,0.0,0.0,0.0,8.0,0.0,3.0,3.0,3.0
1591,var,0.0,0.0,0.0,98.0,0.0,23.0,209.0,209.0
1592,variables,0.0,0.0,0.0,0.0,0.0,0.0,1.0,1.0
1593,variations,0.0,0.0,0.0,0.0,0.0,1.0,0.0,0.0
1594,variety,0.0,0.0,0.0,2.0,0.0,0.0,0.0,0.0
1595,vegetables,0.0,0.0,0.0,2.0,0.0,0.0,0.0,0.0
1596,veggies,0.0,0.0,0.0,1.0,0.0,0.0,0.0,0.0
1597,verification,0.0,0.0,0.0,0.0,0.0,0.0,2.0,2.0
1598,verify,0.0,0.0,0.0,1.0,0.0,0.0,0.0,0.0
1599,vermont,0.0,0.0,0.0,0.0,0.0,0.0,1.0,1.0
1600,vero,0.0,0.0,0.0,16.0,0.0,0.0,0.0,0.0
1601,version,0.0,0.0,0.0,0.0,0.0,3.0,0.0,0.0
1602,very,0.0,0.0,0.0,1.0,0.0,1.0,0.0,0.0
1603,veterinary,0.0,0.0,0.0,0.0,0.0,2.0,0.0,0.0
1604,via,0.0,0.0,0.0,1.0,0.0,0.0,0.0,0.0
1605,viability,0.0,0.0,0.0,16.0,0.0,0.0,0.0,0.0
1606,viable,0.0,0.0,0.0,1.0,0.0,0.0,0.0,0.0
1607,vice,0.0,0.0,0.0,0.0,0.0,0.0,1.0,1.0
1608,victoria,0.0,0.0,0.0,0.0,0.0,0.0,2.0,2.0
1609,video,0.0,0.0,0.0,3.0,0.0,1.0,0.0,0.0
1610,videos,0.0,0.0,0.0,4.0,0.0,1.0,0.0,0.0
1611,view,0.0,0.0,0.0,1.0,0.0,2.0,0.0,0.0
1612,vincent,0.0,0.0,0.0,0.0,0.0,2.0,0.0,0.0
1613,virgin,0.0,0.0,0.0,0.0,0.0,4.0,1.0,1.0
1614,virginia,0.0,0.0,0.0,0.0,0.0,0.0,2.0,2.0
1615,visa,0.0,0.0,0.0,0.0,0.0,0.0,1.0,1.0
1616,visit,0.0,0.0,0.0,2.0,0.0,0.0,0.0,0.0
1617,visualization,0.0,0.0,0.0,0.0,0.0,2.0,0.0,0.0
1618,vitae,0.0,0.0,0.0,0.0,0.0,0.0,1.0,1.0
1619,vitally,0.0,0.0,0.0,0.0,0.0,0.0,1.0,1.0
1620,void,0.0,0.0,0.0,40.0,0.0,0.0,0.0,0.0
1621,volunteer,0.0,0.0,0.0,0.0,0.0,0.0,1.0,1.0
1622,wabash,0.0,0.0,0.0,16.0,0.0,0.0,0.0,0.0
1623,wait,0.0,0.0,0.0,1.0,0.0,1.0,1.0,1.0
1624,walking,0.0,0.0,0.0,3.0,0.0,0.0,0.0,0.0
1625,walks,0.0,0.0,0.0,0.0,0.0,0.0,3.0,3.0
1626,want,0.0,0.0,0.0,1.0,0.0,1.0,0.0,0.0
1627,warranties,0.0,0.0,0.0,16.0,0.0,0.0,0.0,0.0
1628,washington,0.0,0.0,0.0,0.0,0.0,0.0,1.0,1.0
1629,watch,0.0,0.0,0.0,1.0,0.0,0.0,0.0,0.0
1630,watchdog,0.0,0.0,0.0,1.0,0.0,0.0,0.0,0.0
1631,watching,0.0,0.0,0.0,1.0,0.0,0.0,0.0,0.0
1632,waves,0.0,0.0,0.0,1.0,0.0,0.0,0.0,0.0
1633,way,0.0,0.0,0.0,29.0,0.0,0.0,0.0,0.0
1634,wayne,0.0,0.0,0.0,72.0,0.0,0.0,2.0,2.0
1635,ways,0.0,0.0,0.0,4.0,0.0,0.0,0.0,0.0
1636,wcc,0.0,0.0,0.0,0.0,0.0,0.0,1.0,1.0
1637,we'll,0.0,0.0,0.0,1.0,0.0,0.0,0.0,0.0
1638,we're,0.0,0.0,0.0,0.0,0.0,1.0,0.0,0.0
1639,web,0.0,0.0,0.0,8.0,0.0,2.0,0.0,0.0
1640,website,0.0,0.0,0.0,1.0,0.0,2.0,4.0,4.0
1641,websites,0.0,0.0,0.0,0.0,0.0,1.0,0.0,0.0
1642,weed,0.0,0.0,0.0,0.0,0.0,2.0,0.0,0.0
1643,week,0.0,0.0,0.0,1.0,0.0,0.0,4.0,4.0
1644,weeks,0.0,0.0,0.0,2.0,0.0,0.0,0.0,0.0
1645,welcome,0.0,0.0,0.0,1.0,0.0,2.0,0.0,0.0
1646,welcomeabout,0.0,0.0,0.0,5.0,0.0,0.0,0.0,0.0
1647,welcomeemail,0.0,0.0,0.0,1.0,0.0,0.0,0.0,0.0
1648,well,0.0,0.0,0.0,0.0,0.0,1.0,0.0,0.0
1649,went,0.0,0.0,0.0,1.0,0.0,0.0,0.0,0.0
1650,wesdock,0.0,0.0,0.0,0.0,0.0,0.0,1.0,1.0
1651,west,0.0,0.0,0.0,0.0,0.0,0.0,1.0,1.0
1652,we’d,0.0,0.0,0.0,0.0,0.0,0.0,2.0,2.0
1653,we’ve,0.0,0.0,0.0,0.0,0.0,0.0,2.0,2.0
1654,what,0.0,0.0,0.0,2.0,0.0,0.0,3.0,3.0
1655,whatever,0.0,0.0,0.0,1.0,0.0,0.0,0.0,0.0
1656,whatsoever,0.0,0.0,0.0,8.0,0.0,0.0,0.0,0.0
1657,when,0.0,0.0,0.0,3.0,0.0,0.0,6.0,6.0
1658,where,0.0,0.0,0.0,1.0,0.0,0.0,1.0,1.0
1659,whether,0.0,0.0,0.0,8.0,0.0,0.0,0.0,0.0
1660,which,0.0,0.0,0.0,15.0,0.0,2.0,1.0,1.0
1661,while,0.0,0.0,0.0,4.0,0.0,0.0,4.0,4.0
1662,white,0.0,0.0,0.0,0.0,0.0,0.0,2.0,2.0
1663,who,0.0,0.0,0.0,0.0,0.0,0.0,7.0,7.0
1664,wide,0.0,0.0,0.0,16.0,0.0,0.0,0.0,0.0
1665,width,0.0,0.0,0.0,0.0,0.0,0.0,3.0,3.0
1666,williams,0.0,0.0,0.0,0.0,0.0,0.0,3.0,3.0
1667,win,0.0,0.0,0.0,0.0,0.0,0.0,1.0,1.0
1668,window,0.0,0.0,0.0,11.0,0.0,0.0,0.0,0.0
1669,windward,0.0,0.0,0.0,0.0,0.0,1.0,0.0,0.0
1670,wing,0.0,0.0,0.0,1.0,0.0,0.0,0.0,0.0
1671,wisconsin,0.0,0.0,0.0,0.0,0.0,0.0,5.0,5.0
1672,within,0.0,0.0,0.0,1.0,0.0,0.0,0.0,0.0
1673,without,0.0,0.0,0.0,10.0,0.0,0.0,7.0,7.0
1674,withscope,0.0,0.0,0.0,8.0,0.0,0.0,0.0,0.0
1675,womain,0.0,0.0,0.0,2.0,0.0,0.0,2.0,2.0
1676,woman,0.0,0.0,0.0,0.0,0.0,0.0,5.0,5.0
1677,womanchoose,0.0,0.0,0.0,1.0,0.0,0.0,1.0,1.0
1678,women,0.0,0.0,0.0,17.0,0.0,0.0,32.0,30.0
1679,women's,0.0,0.0,0.0,76.0,0.0,0.0,20.0,18.0
1680,womens,0.0,0.0,0.0,0.0,0.0,0.0,1.0,0.0
1681,women’s,0.0,0.0,0.0,5.0,0.0,0.0,32.0,31.0
1682,women…and,0.0,0.0,0.0,0.0,0.0,0.0,1.0,0.0
1683,word,0.0,0.0,0.0,0.0,0.0,9.0,0.0,0.0
1684,words,0.0,0.0,0.0,0.0,0.0,4.0,0.0,0.0
1685,work,0.0,0.0,0.0,1.0,0.0,0.0,0.0,2.0
1686,workflows,0.0,0.0,0.0,0.0,0.0,1.0,0.0,0.0
1687,working,0.0,0.0,0.0,8.0,0.0,0.0,0.0,0.0
1688,works,0.0,0.0,0.0,1.0,0.0,5.0,0.0,0.0
1689,workstest,0.0,0.0,0.0,1.0,0.0,0.0,0.0,0.0
1690,would,0.0,0.0,0.0,1.0,0.0,1.0,6.0,6.0
1691,wouldn’t,0.0,0.0,0.0,0.0,0.0,0.0,1.0,1.0
1692,wyoming,0.0,0.0,0.0,0.0,0.0,0.0,1.0,1.0
1693,year,0.0,0.0,0.0,0.0,0.0,0.0,9.0,9.0
1694,years,0.0,0.0,0.0,61.0,0.0,0.0,0.0,0.0
1695,yield,0.0,0.0,0.0,8.0,0.0,0.0,0.0,0.0
1696,york,0.0,0.0,0.0,8.0,0.0,0.0,2.0,2.0
1697,you,0.0,0.0,0.0,90.0,0.0,4.0,13.0,14.0
1698,you're,0.0,0.0,0.0,1.0,0.0,0.0,0.0,0.0
1699,young,0.0,0.0,0.0,0.0,0.0,0.0,8.0,8.0
1700,your,0.0,0.0,0.0,52.0,0.0,3.0,16.0,17.0
1701,youtube,0.0,0.0,0.0,2.0,0.0,0.0,0.0,0.0
1702,youtubefree,0.0,0.0,0.0,1.0,0.0,0.0,0.0,0.0
1703,you’re,0.0,0.0,0.0,4.0,0.0,0.0,0.0,0.0
1704,ytinitialdata,0.0,0.0,0.0,1.0,0.0,0.0,0.0,0.0
1705,zip,0.0,0.0,0.0,16.0,0.0,0.0,0.0,1.0
1706,ziprequired,0.0,0.0,0.0,0.0,0.0,0.0,1.0,0.0
1707,zone,0.0,0.0,0.0,0.0,0.0,1.0,0.0,0.0
1708,“exit,0.0,0.0,0.0,1.0,0.0,0.0,0.0,0.0
1709,“partnership,0.0,0.0,0.0,0.0,0.0,0.0,2.0,0.0
1710,“women’s,0.0,0.0,0.0,0.0,0.0,0.0,0.0,2.0
