,token,Total0,Total1,Total2,Total3,Total4,Total5
0,pearson,85.0,0.0,0.0,85.0,0.0,0.0
1,place,102.0,0.0,0.0,102.0,0.0,0.0
2,pregnancy,98.0,0.0,0.0,98.0,0.0,0.0
3,resource,29.0,0.0,0.0,29.0,0.0,0.0
4,center,60.0,0.0,0.0,60.0,0.0,0.0
5,abortion,30.0,0.0,0.0,30.0,0.0,0.0
6,alternatives,2.0,0.0,0.0,2.0,0.0,0.0
7,provide,19.0,0.0,0.0,19.0,0.0,0.0
8,care,14.0,0.0,0.0,14.0,0.0,0.0
9,you,128.0,0.0,0.0,128.0,0.0,0.0
10,can,35.0,0.0,0.0,35.0,0.0,0.0
11,depend,4.0,0.0,0.0,4.0,0.0,0.0
12,this,50.0,0.0,0.0,50.0,0.0,0.0
13,includes,2.0,0.0,0.0,2.0,0.0,0.0
14,counseling,8.0,0.0,0.0,8.0,0.0,0.0
15,real,2.0,0.0,0.0,2.0,0.0,0.0
16,information,72.0,0.0,0.0,72.0,0.0,0.0
17,here,28.0,0.0,0.0,28.0,0.0,0.0
18,file,13.0,0.0,0.0,13.0,0.0,0.0
19,inline,11.0,0.0,0.0,11.0,0.0,0.0
20,none,33.0,0.0,0.0,33.0,0.0,0.0
21,auto,66.0,0.0,0.0,66.0,0.0,0.0
22,'open,44.0,0.0,0.0,44.0,0.0,0.0
23,new,22.0,0.0,0.0,22.0,0.0,0.0
24,add,11.0,0.0,0.0,11.0,0.0,0.0
25,your,94.0,0.0,0.0,94.0,0.0,0.0
26,own,18.0,0.0,0.0,18.0,0.0,0.0
27,css,11.0,0.0,0.0,11.0,0.0,0.0
28,click,11.0,0.0,0.0,11.0,0.0,0.0
29,help,27.0,0.0,0.0,27.0,0.0,0.0
30,icon,11.0,0.0,0.0,11.0,0.0,0.0
31,above,13.0,0.0,0.0,13.0,0.0,0.0
32,learn,18.0,0.0,0.0,18.0,0.0,0.0
33,screen,11.0,0.0,0.0,11.0,0.0,0.0
34,solid,18.0,0.0,0.0,18.0,0.0,0.0
35,background,11.0,0.0,0.0,11.0,0.0,0.0
36,awesome,11.0,0.0,0.0,11.0,0.0,0.0
37,free,46.0,0.0,0.0,46.0,0.0,0.0
38,confidential,18.0,0.0,0.0,18.0,0.0,0.0
39,tests,13.0,0.0,0.0,13.0,0.0,0.0
40,menu,11.0,0.0,0.0,11.0,0.0,0.0
41,home,13.0,0.0,0.0,13.0,0.0,0.0
42,about,38.0,0.0,0.0,38.0,0.0,0.0
43,services,38.0,0.0,0.0,38.0,0.0,0.0
44,testimonials,15.0,0.0,0.0,15.0,0.0,0.0
45,blog,14.0,0.0,0.0,14.0,0.0,0.0
46,donate,25.0,0.0,0.0,25.0,0.0,0.0
47,contact,30.0,0.0,0.0,30.0,0.0,0.0
48,woman,7.0,0.0,0.0,7.0,0.0,0.0
49,should,10.0,0.0,0.0,10.0,0.0,0.0
50,have,28.0,0.0,0.0,28.0,0.0,0.0
51,face,2.0,0.0,0.0,2.0,0.0,0.0
52,decision,4.0,0.0,0.0,4.0,0.0,0.0
53,alone,2.0,0.0,0.0,2.0,0.0,0.0
54,schedule,24.0,0.0,0.0,24.0,0.0,0.0
55,appointment,43.0,0.0,0.0,43.0,0.0,0.0
56,time,15.0,0.0,0.0,15.0,0.0,0.0
57,get,9.0,0.0,0.0,9.0,0.0,0.0
58,informed,6.0,0.0,0.0,6.0,0.0,0.0
59,testing,5.0,0.0,0.0,5.0,0.0,0.0
60,empowering,2.0,0.0,0.0,2.0,0.0,0.0
61,women,15.0,0.0,0.0,15.0,0.0,0.0
62,through,14.0,0.0,0.0,14.0,0.0,0.0
63,education,8.0,0.0,0.0,8.0,0.0,0.0
64,compassionate,6.0,0.0,0.0,6.0,0.0,0.0
65,support,12.0,0.0,0.0,12.0,0.0,0.0
66,std,3.0,0.0,0.0,3.0,0.0,0.0
67,more,10.0,0.0,0.0,10.0,0.0,0.0
68,pre,2.0,0.0,0.0,2.0,0.0,0.0
69,post,4.0,0.0,0.0,4.0,0.0,0.0
70,healing,2.0,0.0,0.0,2.0,0.0,0.0
71,address,23.0,0.0,0.0,23.0,0.0,0.0
72,mailing,11.0,0.0,0.0,11.0,0.0,0.0
73,box,11.0,0.0,0.0,11.0,0.0,0.0
74,ewa,11.0,0.0,0.0,11.0,0.0,0.0
75,hours,11.0,0.0,0.0,11.0,0.0,0.0
76,please,23.0,0.0,0.0,23.0,0.0,0.0
77,call,14.0,0.0,0.0,14.0,0.0,0.0
78,online,15.0,0.0,0.0,15.0,0.0,0.0
79,terms,26.0,0.0,0.0,26.0,0.0,0.0
80,use,39.0,0.0,0.0,39.0,0.0,0.0
81,privacy,26.0,0.0,0.0,26.0,0.0,0.0
82,policy,19.0,0.0,0.0,19.0,0.0,0.0
83,disclaimer,12.0,0.0,0.0,12.0,0.0,0.0
84,notice,15.0,0.0,0.0,15.0,0.0,0.0
85,you're,1.0,0.0,0.0,1.0,0.0,0.0
86,facing,1.0,0.0,0.0,1.0,0.0,0.0
87,unplanned,5.0,0.0,0.0,5.0,0.0,0.0
88,take,5.0,0.0,0.0,5.0,0.0,0.0
89,advantage,1.0,0.0,0.0,1.0,0.0,0.0
90,our,68.0,0.0,0.0,68.0,0.0,0.0
91,resources,6.0,0.0,0.0,6.0,0.0,0.0
92,judgement,2.0,0.0,0.0,2.0,0.0,0.0
93,layout,1.0,0.0,0.0,1.0,0.0,0.0
94,supplies,1.0,0.0,0.0,1.0,0.0,0.0
95,test,5.0,0.0,0.0,5.0,0.0,0.0
96,well,1.0,0.0,0.0,1.0,0.0,0.0
97,both,6.0,0.0,0.0,6.0,0.0,0.0
98,individuals,2.0,0.0,0.0,2.0,0.0,0.0
99,awareness,1.0,0.0,0.0,1.0,0.0,0.0
100,welcome,1.0,0.0,0.0,1.0,0.0,0.0
101,visit,3.0,0.0,0.0,3.0,0.0,0.0
102,experience,11.0,0.0,0.0,11.0,0.0,0.0
103,non,3.0,0.0,0.0,3.0,0.0,0.0
104,judgmental,2.0,0.0,0.0,2.0,0.0,0.0
105,setting,1.0,0.0,0.0,1.0,0.0,0.0
106,feel,4.0,0.0,0.0,4.0,0.0,0.0
107,safe,3.0,0.0,0.0,3.0,0.0,0.0
108,comfortable,4.0,0.0,0.0,4.0,0.0,0.0
109,open,4.0,0.0,0.0,4.0,0.0,0.0
110,men,6.0,0.0,0.0,6.0,0.0,0.0
111,bishop,21.0,0.0,0.0,21.0,0.0,0.0
112,because,4.0,0.0,0.0,4.0,0.0,0.0
113,community,2.0,0.0,0.0,2.0,0.0,0.0
114,donates,2.0,0.0,0.0,2.0,0.0,0.0
115,center's,1.0,0.0,0.0,1.0,0.0,0.0
116,bringing,1.0,0.0,0.0,1.0,0.0,0.0
117,'fredoka,1.0,0.0,0.0,1.0,0.0,0.0
118,'news,4.0,0.0,0.0,4.0,0.0,0.0
119,all,103.0,0.0,0.0,103.0,0.0,0.0
120,'architects,1.0,0.0,0.0,1.0,0.0,0.0
121,'playfair,6.0,0.0,0.0,6.0,0.0,0.0
122,'alfa,2.0,0.0,0.0,2.0,0.0,0.0
123,slab,2.0,0.0,0.0,2.0,0.0,0.0
124,'roboto,1.0,0.0,0.0,1.0,0.0,0.0
125,'balsamiq,1.0,0.0,0.0,1.0,0.0,0.0
126,how,18.0,0.0,0.0,18.0,0.0,0.0
127,hide,5.0,0.0,0.0,5.0,0.0,0.0
128,bump,5.0,0.0,0.0,5.0,0.0,0.0
129,months,6.0,0.0,0.0,6.0,0.0,0.0
130,tips,2.0,0.0,0.0,2.0,0.0,0.0
131,illustrations,2.0,0.0,0.0,2.0,0.0,0.0
132,there,11.0,0.0,0.0,11.0,0.0,0.0
133,myriad,1.0,0.0,0.0,1.0,0.0,0.0
134,reasons,1.0,0.0,0.0,1.0,0.0,0.0
135,wonder,1.0,0.0,0.0,1.0,0.0,0.0
136,could,3.0,0.0,0.0,3.0,0.0,0.0
137,she,6.0,0.0,0.0,6.0,0.0,0.0
138,values,1.0,0.0,0.0,1.0,0.0,0.0
139,her,7.0,0.0,0.0,7.0,0.0,0.0
140,continued,10.0,0.0,0.0,10.0,0.0,0.0
141,important,4.0,0.0,0.0,4.0,0.0,0.0
142,questions,5.0,0.0,0.0,5.0,0.0,0.0
143,planned,3.0,0.0,0.0,3.0,0.0,0.0
144,parenthood,4.0,0.0,0.0,4.0,0.0,0.0
145,really,5.0,0.0,0.0,5.0,0.0,0.0
146,built,1.0,0.0,0.0,1.0,0.0,0.0
147,according,1.0,0.0,0.0,1.0,0.0,0.0
148,york,3.0,0.0,0.0,3.0,0.0,0.0
149,margaret,1.0,0.0,0.0,1.0,0.0,0.0
150,sanger,1.0,0.0,0.0,1.0,0.0,0.0
151,said,2.0,0.0,0.0,2.0,0.0,0.0
152,“birth,1.0,0.0,0.0,1.0,0.0,0.0
153,control,5.0,0.0,0.0,5.0,0.0,0.0
154,not,59.0,0.0,0.0,59.0,0.0,0.0
155,contraception,1.0,0.0,0.0,1.0,0.0,0.0
156,indiscriminately,1.0,0.0,0.0,1.0,0.0,0.0
157,thoughtlessly,1.0,0.0,0.0,1.0,0.0,0.0
158,means,2.0,0.0,0.0,2.0,0.0,0.0
159,release,1.0,0.0,0.0,1.0,0.0,0.0
160,cultivation,1.0,0.0,0.0,1.0,0.0,0.0
161,better,2.0,0.0,0.0,2.0,0.0,0.0
162,racial,1.0,0.0,0.0,1.0,0.0,0.0
163,elements,2.0,0.0,0.0,2.0,0.0,0.0
164,untold,2.0,0.0,0.0,2.0,0.0,0.0
165,stories,3.0,0.0,0.0,3.0,0.0,0.0
166,behind,3.0,0.0,0.0,3.0,0.0,0.0
167,one,12.0,0.0,0.0,12.0,0.0,0.0
168,woman’s,2.0,0.0,0.0,2.0,0.0,0.0
169,many,3.0,0.0,0.0,3.0,0.0,0.0
170,women’s,1.0,0.0,0.0,1.0,0.0,0.0
171,experiences,1.0,0.0,0.0,1.0,0.0,0.0
172,gone,1.0,0.0,0.0,1.0,0.0,0.0
173,until,2.0,0.0,0.0,2.0,0.0,0.0
174,micki,2.0,0.0,0.0,2.0,0.0,0.0
175,bravely,1.0,0.0,0.0,1.0,0.0,0.0
176,agreed,2.0,0.0,0.0,2.0,0.0,0.0
177,share,5.0,0.0,0.0,5.0,0.0,0.0
178,read,6.0,0.0,0.0,6.0,0.0,0.0
179,newly,1.0,0.0,0.0,1.0,0.0,0.0
180,almost,2.0,0.0,0.0,2.0,0.0,0.0
181,went,1.0,0.0,0.0,1.0,0.0,0.0
182,party,2.0,0.0,0.0,2.0,0.0,0.0
183,distract,1.0,0.0,0.0,1.0,0.0,0.0
184,two,4.0,0.0,0.0,4.0,0.0,0.0
185,tell,4.0,0.0,0.0,4.0,0.0,0.0
186,parents,4.0,0.0,0.0,4.0,0.0,0.0
187,girlfriend,4.0,0.0,0.0,4.0,0.0,0.0
188,pregnant,11.0,0.0,0.0,11.0,0.0,0.0
189,include,2.0,0.0,0.0,2.0,0.0,0.0
190,family,2.0,0.0,0.0,2.0,0.0,0.0
191,members,1.0,0.0,0.0,1.0,0.0,0.0
192,biggest,1.0,0.0,0.0,1.0,0.0,0.0
193,event,2.0,0.0,0.0,2.0,0.0,0.0
194,they,5.0,0.0,0.0,5.0,0.0,0.0
195,don’t,2.0,0.0,0.0,2.0,0.0,0.0
196,know,9.0,0.0,0.0,9.0,0.0,0.0
197,what’s,1.0,0.0,0.0,1.0,0.0,0.0
198,going,5.0,0.0,0.0,5.0,0.0,0.0
199,doesn’t,3.0,0.0,0.0,3.0,0.0,0.0
200,fathers,3.0,0.0,0.0,3.0,0.0,0.0
201,you’ve,2.0,0.0,0.0,2.0,0.0,0.0
202,passed,1.0,0.0,0.0,1.0,0.0,0.0
203,third,5.0,0.0,0.0,5.0,0.0,0.0
204,billboard,1.0,0.0,0.0,1.0,0.0,0.0
205,each,4.0,0.0,0.0,4.0,0.0,0.0
206,depicting,1.0,0.0,0.0,1.0,0.0,0.0
207,expectant,1.0,0.0,0.0,1.0,0.0,0.0
208,mother,2.0,0.0,0.0,2.0,0.0,0.0
209,number,2.0,0.0,0.0,2.0,0.0,0.0
210,“unexpected,1.0,0.0,0.0,1.0,0.0,0.0
211,billboards,1.0,0.0,0.0,1.0,0.0,0.0
212,“call,1.0,0.0,0.0,1.0,0.0,0.0
213,where,3.0,0.0,0.0,3.0,0.0,0.0
214,what,19.0,0.0,0.0,19.0,0.0,0.0
215,girl,2.0,0.0,0.0,2.0,0.0,0.0
216,heart,2.0,0.0,0.0,2.0,0.0,0.0
217,just,11.0,0.0,0.0,11.0,0.0,0.0
218,stopped,1.0,0.0,0.0,1.0,0.0,0.0
219,world,2.0,0.0,0.0,2.0,0.0,0.0
220,flipped,1.0,0.0,0.0,1.0,0.0,0.0
221,off,2.0,0.0,0.0,2.0,0.0,0.0
222,think,5.0,0.0,0.0,5.0,0.0,0.0
223,may,34.0,0.0,0.0,34.0,0.0,0.0
224,either,2.0,0.0,0.0,2.0,0.0,0.0
225,suffering,1.0,0.0,0.0,1.0,0.0,0.0
226,attack,1.0,0.0,0.0,1.0,0.0,0.0
227,let,2.0,0.0,0.0,2.0,0.0,0.0
228,does,9.0,0.0,0.0,9.0,0.0,0.0
229,bleeding,2.0,0.0,0.0,2.0,0.0,0.0
230,during,2.0,0.0,0.0,2.0,0.0,0.0
231,mean,3.0,0.0,0.0,3.0,0.0,0.0
232,miscarriage,1.0,0.0,0.0,1.0,0.0,0.0
233,found,4.0,0.0,0.0,4.0,0.0,0.0
234,out,10.0,0.0,0.0,10.0,0.0,0.0
235,you’re,7.0,0.0,0.0,7.0,0.0,0.0
236,few,2.0,0.0,0.0,2.0,0.0,0.0
237,weeks,1.0,0.0,0.0,1.0,0.0,0.0
238,ago,2.0,0.0,0.0,2.0,0.0,0.0
239,can’t,1.0,0.0,0.0,1.0,0.0,0.0
240,wait,2.0,0.0,0.0,2.0,0.0,0.0
241,meet,1.0,0.0,0.0,1.0,0.0,0.0
242,little,1.0,0.0,0.0,1.0,0.0,0.0
243,but,14.0,0.0,0.0,14.0,0.0,0.0
244,today,2.0,0.0,0.0,2.0,0.0,0.0
245,saw,1.0,0.0,0.0,1.0,0.0,0.0
246,blood,1.0,0.0,0.0,1.0,0.0,0.0
247,something,7.0,0.0,0.0,7.0,0.0,0.0
248,happened,1.0,0.0,0.0,1.0,0.0,0.0
249,healthy,3.0,0.0,0.0,3.0,0.0,0.0
250,drinks,2.0,0.0,0.0,2.0,0.0,0.0
251,first,2.0,0.0,0.0,2.0,0.0,0.0
252,things,4.0,0.0,0.0,4.0,0.0,0.0
253,when,17.0,0.0,0.0,17.0,0.0,0.0
254,everyone,2.0,0.0,0.0,2.0,0.0,0.0
255,seems,1.0,0.0,0.0,1.0,0.0,0.0
256,want,2.0,0.0,0.0,2.0,0.0,0.0
257,give,2.0,0.0,0.0,2.0,0.0,0.0
258,their,9.0,0.0,0.0,9.0,0.0,0.0
259,contradicting,1.0,0.0,0.0,1.0,0.0,0.0
260,maybe,2.0,0.0,0.0,2.0,0.0,0.0
261,been,4.0,0.0,0.0,4.0,0.0,0.0
262,missing,1.0,0.0,0.0,1.0,0.0,0.0
263,eat,3.0,0.0,0.0,3.0,0.0,0.0
264,knows,1.0,0.0,0.0,1.0,0.0,0.0
265,unusual,1.0,0.0,0.0,1.0,0.0,0.0
266,crave,1.0,0.0,0.0,1.0,0.0,0.0
267,while,2.0,0.0,0.0,2.0,0.0,0.0
268,last,3.0,0.0,0.0,3.0,0.0,0.0
269,ranch,3.0,0.0,0.0,3.0,0.0,0.0
270,dressing,2.0,0.0,0.0,2.0,0.0,0.0
271,whether,3.0,0.0,0.0,3.0,0.0,0.0
272,pickles,1.0,0.0,0.0,1.0,0.0,0.0
273,peanut,1.0,0.0,0.0,1.0,0.0,0.0
274,butter,1.0,0.0,0.0,1.0,0.0,0.0
275,eating,1.0,0.0,0.0,1.0,0.0,0.0
276,life,9.0,0.0,0.0,9.0,0.0,0.0
277,people,10.0,0.0,0.0,10.0,0.0,0.0
278,now,3.0,0.0,0.0,3.0,0.0,0.0
279,instead,2.0,0.0,0.0,2.0,0.0,0.0
280,carrying,1.0,0.0,0.0,1.0,0.0,0.0
281,growing,1.0,0.0,0.0,1.0,0.0,0.0
282,child,4.0,0.0,0.0,4.0,0.0,0.0
283,within,4.0,0.0,0.0,4.0,0.0,0.0
284,feeling,3.0,0.0,0.0,3.0,0.0,0.0
285,overwhelmed,1.0,0.0,0.0,1.0,0.0,0.0
286,neighbor,1.0,0.0,0.0,1.0,0.0,0.0
287,down,1.0,0.0,0.0,1.0,0.0,0.0
288,street,2.0,0.0,0.0,2.0,0.0,0.0
289,posts,3.0,0.0,0.0,3.0,0.0,0.0
290,navigation,1.0,0.0,0.0,1.0,0.0,0.0
291,older,1.0,0.0,0.0,1.0,0.0,0.0
292,search,2.0,0.0,0.0,2.0,0.0,0.0
293,categories,2.0,0.0,0.0,2.0,0.0,0.0
294,general,6.0,0.0,0.0,6.0,0.0,0.0
295,recent,1.0,0.0,0.0,1.0,0.0,0.0
296,ate,1.0,0.0,0.0,1.0,0.0,0.0
297,need,9.0,0.0,0.0,9.0,0.0,0.0
298,looking,1.0,0.0,0.0,1.0,0.0,0.0
299,lost,1.0,0.0,0.0,1.0,0.0,0.0
300,being,7.0,0.0,0.0,7.0,0.0,0.0
301,afraid,1.0,0.0,0.0,1.0,0.0,0.0
302,normal,2.0,0.0,0.0,2.0,0.0,0.0
303,work,3.0,0.0,0.0,3.0,0.0,0.0
304,difficult,1.0,0.0,0.0,1.0,0.0,0.0
305,around,1.0,0.0,0.0,1.0,0.0,0.0
306,corner,1.0,0.0,0.0,1.0,0.0,0.0
307,centers,5.0,0.0,0.0,5.0,0.0,0.0
308,exist,1.0,0.0,0.0,1.0,0.0,0.0
309,aid,1.0,0.0,0.0,1.0,0.0,0.0
310,possible,5.0,0.0,0.0,5.0,0.0,0.0
311,doors,1.0,0.0,0.0,1.0,0.0,0.0
312,having,6.0,0.0,0.0,6.0,0.0,0.0
313,established,1.0,0.0,0.0,1.0,0.0,0.0
314,since,2.0,0.0,0.0,2.0,0.0,0.0
315,trust,1.0,0.0,0.0,1.0,0.0,0.0
316,staff,6.0,0.0,0.0,6.0,0.0,0.0
317,completely,2.0,0.0,0.0,2.0,0.0,0.0
318,addition,1.0,0.0,0.0,1.0,0.0,0.0
319,offering,1.0,0.0,0.0,1.0,0.0,0.0
320,empowerment,1.0,0.0,0.0,1.0,0.0,0.0
321,self,2.0,0.0,0.0,2.0,0.0,0.0
322,sufficiency,1.0,0.0,0.0,1.0,0.0,0.0
323,ease,1.0,0.0,0.0,1.0,0.0,0.0
324,mind,2.0,0.0,0.0,2.0,0.0,0.0
325,never,10.0,0.0,0.0,10.0,0.0,0.0
326,judgment,2.0,0.0,0.0,2.0,0.0,0.0
327,enough,2.0,0.0,0.0,2.0,0.0,0.0
328,possibility,2.0,0.0,0.0,2.0,0.0,0.0
329,looming,1.0,0.0,0.0,1.0,0.0,0.0
330,over,4.0,0.0,0.0,4.0,0.0,0.0
331,judge,2.0,0.0,0.0,2.0,0.0,0.0
332,main,1.0,0.0,0.0,1.0,0.0,0.0
333,responsibility,2.0,0.0,0.0,2.0,0.0,0.0
334,sharing,1.0,0.0,0.0,1.0,0.0,0.0
335,story,3.0,0.0,0.0,3.0,0.0,0.0
336,receiving,1.0,0.0,0.0,1.0,0.0,0.0
337,individualized,1.0,0.0,0.0,1.0,0.0,0.0
338,committed,3.0,0.0,0.0,3.0,0.0,0.0
339,providing,2.0,0.0,0.0,2.0,0.0,0.0
340,everything,3.0,0.0,0.0,3.0,0.0,0.0
341,make,12.0,0.0,0.0,12.0,0.0,0.0
342,believe,4.0,0.0,0.0,4.0,0.0,0.0
343,right,5.0,0.0,0.0,5.0,0.0,0.0
344,accurate,2.0,0.0,0.0,2.0,0.0,0.0
345,profit,4.0,0.0,0.0,4.0,0.0,0.0
346,choices,6.0,0.0,0.0,6.0,0.0,0.0
347,deserve,2.0,0.0,0.0,2.0,0.0,0.0
348,methods,2.0,0.0,0.0,2.0,0.0,0.0
349,used,4.0,0.0,0.0,4.0,0.0,0.0
350,different,5.0,0.0,0.0,5.0,0.0,0.0
351,stages,2.0,0.0,0.0,2.0,0.0,0.0
352,risks,2.0,0.0,0.0,2.0,0.0,0.0
353,involved,2.0,0.0,0.0,2.0,0.0,0.0
354,understand,2.0,0.0,0.0,2.0,0.0,0.0
355,neither,5.0,0.0,0.0,5.0,0.0,0.0
356,refer,2.0,0.0,0.0,2.0,0.0,0.0
357,perform,3.0,0.0,0.0,3.0,0.0,0.0
358,any,52.0,0.0,0.0,52.0,0.0,0.0
359,sexual,3.0,0.0,0.0,3.0,0.0,0.0
360,health,7.0,0.0,0.0,7.0,0.0,0.0
361,foundation,2.0,0.0,0.0,2.0,0.0,0.0
362,mission,1.0,0.0,0.0,1.0,0.0,0.0
363,statement,7.0,0.0,0.0,7.0,0.0,0.0
364,ministry,3.0,0.0,0.0,3.0,0.0,0.0
365,empowers,1.0,0.0,0.0,1.0,0.0,0.0
366,decisions,1.0,0.0,0.0,1.0,0.0,0.0
367,presented,3.0,0.0,0.0,3.0,0.0,0.0
368,website,1.0,0.0,0.0,1.0,0.0,0.0
369,intended,4.0,0.0,0.0,4.0,0.0,0.0
370,purposes,1.0,0.0,0.0,1.0,0.0,0.0
371,only,8.0,0.0,0.0,8.0,0.0,0.0
372,relied,1.0,0.0,0.0,1.0,0.0,0.0
373,upon,8.0,0.0,0.0,8.0,0.0,0.0
374,substitute,1.0,0.0,0.0,1.0,0.0,0.0
375,professional,4.0,0.0,0.0,4.0,0.0,0.0
376,medical,4.0,0.0,0.0,4.0,0.0,0.0
377,before,3.0,0.0,0.0,3.0,0.0,0.0
378,using,7.0,0.0,0.0,7.0,0.0,0.0
379,carefully,2.0,0.0,0.0,2.0,0.0,0.0
380,following,3.0,0.0,0.0,3.0,0.0,0.0
381,deemed,3.0,0.0,0.0,3.0,0.0,0.0
382,these,16.0,0.0,0.0,16.0,0.0,0.0
383,conditions,5.0,0.0,0.0,5.0,0.0,0.0
384,reserve,3.0,0.0,0.0,3.0,0.0,0.0
385,modify,1.0,0.0,0.0,1.0,0.0,0.0
386,them,4.0,0.0,0.0,4.0,0.0,0.0
387,check,4.0,0.0,0.0,4.0,0.0,0.0
388,periodically,2.0,0.0,0.0,2.0,0.0,0.0
389,site,5.0,0.0,0.0,5.0,0.0,0.0
390,after,3.0,0.0,0.0,3.0,0.0,0.0
391,changes,3.0,0.0,0.0,3.0,0.0,0.0
392,agree,4.0,0.0,0.0,4.0,0.0,0.0
393,accept,2.0,0.0,0.0,2.0,0.0,0.0
394,those,7.0,0.0,0.0,7.0,0.0,0.0
395,reviewed,1.0,0.0,0.0,1.0,0.0,0.0
396,choose,2.0,0.0,0.0,2.0,0.0,0.0
397,apply,4.0,0.0,0.0,4.0,0.0,0.0
398,sites,28.0,0.0,0.0,28.0,0.0,0.0
399,owned,2.0,0.0,0.0,2.0,0.0,0.0
400,operated,1.0,0.0,0.0,1.0,0.0,0.0
401,affiliated,1.0,0.0,0.0,1.0,0.0,0.0
402,organizations,1.0,0.0,0.0,1.0,0.0,0.0
403,other,25.0,0.0,0.0,25.0,0.0,0.0
404,operate,2.0,0.0,0.0,2.0,0.0,0.0
405,future,1.0,0.0,0.0,1.0,0.0,0.0
406,guidelines,1.0,0.0,0.0,1.0,0.0,0.0
407,every,7.0,0.0,0.0,7.0,0.0,0.0
408,reasonable,1.0,0.0,0.0,1.0,0.0,0.0
409,attempt,1.0,0.0,0.0,1.0,0.0,0.0
410,made,3.0,0.0,0.0,3.0,0.0,0.0
411,some,3.0,0.0,0.0,3.0,0.0,0.0
412,specified,1.0,0.0,0.0,1.0,0.0,0.0
413,accessible,6.0,0.0,0.0,6.0,0.0,0.0
414,compiled,1.0,0.0,0.0,1.0,0.0,0.0
415,produced,1.0,0.0,0.0,1.0,0.0,0.0
416,someone,4.0,0.0,0.0,4.0,0.0,0.0
417,than,6.0,0.0,0.0,6.0,0.0,0.0
418,beyond,1.0,0.0,0.0,1.0,0.0,0.0
419,fully,2.0,0.0,0.0,2.0,0.0,0.0
420,complete,2.0,0.0,0.0,2.0,0.0,0.0
421,cannot,3.0,0.0,0.0,3.0,0.0,0.0
422,endorse,2.0,0.0,0.0,2.0,0.0,0.0
423,represent,1.0,0.0,0.0,1.0,0.0,0.0
424,reliability,1.0,0.0,0.0,1.0,0.0,0.0
425,accuracy,1.0,0.0,0.0,1.0,0.0,0.0
426,content,8.0,0.0,0.0,8.0,0.0,0.0
427,distributed,2.0,0.0,0.0,2.0,0.0,0.0
428,accessed,3.0,0.0,0.0,3.0,0.0,0.0
429,hereby,1.0,0.0,0.0,1.0,0.0,0.0
430,reliance,2.0,0.0,0.0,2.0,0.0,0.0
431,sole,2.0,0.0,0.0,2.0,0.0,0.0
432,links,2.0,0.0,0.0,2.0,0.0,0.0
433,companies,1.0,0.0,0.0,1.0,0.0,0.0
434,including,5.0,0.0,0.0,5.0,0.0,0.0
435,which,5.0,0.0,0.0,5.0,0.0,0.0
436,responsible,2.0,0.0,0.0,2.0,0.0,0.0
437,availability,1.0,0.0,0.0,1.0,0.0,0.0
438,products,5.0,0.0,0.0,5.0,0.0,0.0
439,materials,8.0,0.0,0.0,8.0,0.0,0.0
440,available,11.0,0.0,0.0,11.0,0.0,0.0
441,linked,3.0,0.0,0.0,3.0,0.0,0.0
442,provided,4.0,0.0,0.0,4.0,0.0,0.0
443,convenience,1.0,0.0,0.0,1.0,0.0,0.0
444,access,4.0,0.0,0.0,4.0,0.0,0.0
445,copyright,4.0,0.0,0.0,4.0,0.0,0.0
446,respect,2.0,0.0,0.0,2.0,0.0,0.0
447,intellectual,2.0,0.0,0.0,2.0,0.0,0.0
448,property,3.0,0.0,0.0,3.0,0.0,0.0
449,rights,5.0,0.0,0.0,5.0,0.0,0.0
450,require,1.0,0.0,0.0,1.0,0.0,0.0
451,who,12.0,0.0,0.0,12.0,0.0,0.0
452,appropriate,4.0,0.0,0.0,4.0,0.0,0.0
453,terminate,1.0,0.0,0.0,1.0,0.0,0.0
454,registration,12.0,0.0,0.0,12.0,0.0,0.0
455,user,5.0,0.0,0.0,5.0,0.0,0.0
456,engages,1.0,0.0,0.0,1.0,0.0,0.0
457,activity,1.0,0.0,0.0,1.0,0.0,0.0
458,infringe,1.0,0.0,0.0,1.0,0.0,0.0
459,source,3.0,0.0,0.0,3.0,0.0,0.0
460,editorial,3.0,0.0,0.0,3.0,0.0,0.0
461,proprietary,2.0,0.0,0.0,2.0,0.0,0.0
462,protected,3.0,0.0,0.0,3.0,0.0,0.0
463,except,1.0,0.0,0.0,1.0,0.0,0.0
464,items,1.0,0.0,0.0,1.0,0.0,0.0
465,acknowledged,1.0,0.0,0.0,1.0,0.0,0.0
466,reproduced,1.0,0.0,0.0,1.0,0.0,0.0
467,whole,1.0,0.0,0.0,1.0,0.0,0.0
468,part,3.0,0.0,0.0,3.0,0.0,0.0
469,without,7.0,0.0,0.0,7.0,0.0,0.0
470,express,3.0,0.0,0.0,3.0,0.0,0.0
471,written,2.0,0.0,0.0,2.0,0.0,0.0
472,consent,2.0,0.0,0.0,2.0,0.0,0.0
473,explicitly,1.0,0.0,0.0,1.0,0.0,0.0
474,authorized,1.0,0.0,0.0,1.0,0.0,0.0
475,reason,1.0,0.0,0.0,1.0,0.0,0.0
476,purpose,1.0,0.0,0.0,1.0,0.0,0.0
477,strictly,1.0,0.0,0.0,1.0,0.0,0.0
478,unauthorized,1.0,0.0,0.0,1.0,0.0,0.0
479,violate,1.0,0.0,0.0,1.0,0.0,0.0
480,civil,1.0,0.0,0.0,1.0,0.0,0.0
481,criminal,1.0,0.0,0.0,1.0,0.0,0.0
482,publicity,1.0,0.0,0.0,1.0,0.0,0.0
483,unless,1.0,0.0,0.0,1.0,0.0,0.0
484,say,1.0,0.0,0.0,1.0,0.0,0.0
485,located,1.0,0.0,0.0,1.0,0.0,0.0
486,personal,10.0,0.0,0.0,10.0,0.0,0.0
487,download,2.0,0.0,0.0,2.0,0.0,0.0
488,copy,4.0,0.0,0.0,4.0,0.0,0.0
489,posted,1.0,0.0,0.0,1.0,0.0,0.0
490,single,2.0,0.0,0.0,2.0,0.0,0.0
491,computer,2.0,0.0,0.0,2.0,0.0,0.0
492,noncommercial,1.0,0.0,0.0,1.0,0.0,0.0
493,long,2.0,0.0,0.0,2.0,0.0,0.0
494,change,4.0,0.0,0.0,4.0,0.0,0.0
495,nor,4.0,0.0,0.0,4.0,0.0,0.0
496,delete,1.0,0.0,0.0,1.0,0.0,0.0
497,author,1.0,0.0,0.0,1.0,0.0,0.0
498,legend,1.0,0.0,0.0,1.0,0.0,0.0
499,copyrighted,1.0,0.0,0.0,1.0,0.0,0.0
500,material,4.0,0.0,0.0,4.0,0.0,0.0
501,obtain,2.0,0.0,0.0,2.0,0.0,0.0
502,ownership,1.0,0.0,0.0,1.0,0.0,0.0
503,under,9.0,0.0,0.0,9.0,0.0,0.0
504,united,4.0,0.0,0.0,4.0,0.0,0.0
505,states,4.0,0.0,0.0,4.0,0.0,0.0
506,international,1.0,0.0,0.0,1.0,0.0,0.0
507,disclaimers,1.0,0.0,0.0,1.0,0.0,0.0
508,“as,1.0,0.0,0.0,1.0,0.0,0.0
509,is”,1.0,0.0,0.0,1.0,0.0,0.0
510,warranties,4.0,0.0,0.0,4.0,0.0,0.0
511,disclaim,1.0,0.0,0.0,1.0,0.0,0.0
512,limited,3.0,0.0,0.0,3.0,0.0,0.0
513,implied,3.0,0.0,0.0,3.0,0.0,0.0
514,merchantability,1.0,0.0,0.0,1.0,0.0,0.0
515,fitness,1.0,0.0,0.0,1.0,0.0,0.0
516,particular,1.0,0.0,0.0,1.0,0.0,0.0
517,respective,3.0,0.0,0.0,3.0,0.0,0.0
518,licensors,5.0,0.0,0.0,5.0,0.0,0.0
519,suppliers,4.0,0.0,0.0,4.0,0.0,0.0
520,warrant,2.0,0.0,0.0,2.0,0.0,0.0
521,functions,1.0,0.0,0.0,1.0,0.0,0.0
522,contained,5.0,0.0,0.0,5.0,0.0,0.0
523,uninterrupted,1.0,0.0,0.0,1.0,0.0,0.0
524,defects,1.0,0.0,0.0,1.0,0.0,0.0
525,server,1.0,0.0,0.0,1.0,0.0,0.0
526,makes,1.0,0.0,0.0,1.0,0.0,0.0
527,viruses,1.0,0.0,0.0,1.0,0.0,0.0
528,harmful,1.0,0.0,0.0,1.0,0.0,0.0
529,representations,2.0,0.0,0.0,2.0,0.0,0.0
530,regarding,4.0,0.0,0.0,4.0,0.0,0.0
531,results,1.0,0.0,0.0,1.0,0.0,0.0
532,assume,2.0,0.0,0.0,2.0,0.0,0.0
533,entire,2.0,0.0,0.0,2.0,0.0,0.0
534,cost,2.0,0.0,0.0,2.0,0.0,0.0
535,necessary,2.0,0.0,0.0,2.0,0.0,0.0
536,repair,1.0,0.0,0.0,1.0,0.0,0.0
537,correction,1.0,0.0,0.0,1.0,0.0,0.0
538,applicable,2.0,0.0,0.0,2.0,0.0,0.0
539,law,2.0,0.0,0.0,2.0,0.0,0.0
540,allow,3.0,0.0,0.0,3.0,0.0,0.0
541,exclusion,4.0,0.0,0.0,4.0,0.0,0.0
542,limitation,3.0,0.0,0.0,3.0,0.0,0.0
543,liability,4.0,0.0,0.0,4.0,0.0,0.0
544,liable,1.0,0.0,0.0,1.0,0.0,0.0
545,special,2.0,0.0,0.0,2.0,0.0,0.0
546,consequential,2.0,0.0,0.0,2.0,0.0,0.0
547,damages,1.0,0.0,0.0,1.0,0.0,0.0
548,result,1.0,0.0,0.0,1.0,0.0,0.0
549,inability,1.0,0.0,0.0,1.0,0.0,0.0
550,pursuant,1.0,0.0,0.0,1.0,0.0,0.0
551,even,4.0,0.0,0.0,4.0,0.0,0.0
552,advised,1.0,0.0,0.0,1.0,0.0,0.0
553,such,10.0,0.0,0.0,10.0,0.0,0.0
554,incidental,1.0,0.0,0.0,1.0,0.0,0.0
555,shall,1.0,0.0,0.0,1.0,0.0,0.0
556,total,1.0,0.0,0.0,1.0,0.0,0.0
557,causes,1.0,0.0,0.0,1.0,0.0,0.0
558,action,3.0,0.0,0.0,3.0,0.0,0.0
559,exceed,1.0,0.0,0.0,1.0,0.0,0.0
560,amount,1.0,0.0,0.0,1.0,0.0,0.0
561,paid,1.0,0.0,0.0,1.0,0.0,0.0
562,accessing,1.0,0.0,0.0,1.0,0.0,0.0
563,indemnification,1.0,0.0,0.0,1.0,0.0,0.0
564,hold,1.0,0.0,0.0,1.0,0.0,0.0
565,organization,4.0,0.0,0.0,4.0,0.0,0.0
566,communication,3.0,0.0,0.0,3.0,0.0,0.0
567,internet,7.0,0.0,0.0,7.0,0.0,0.0
568,service,8.0,0.0,0.0,8.0,0.0,0.0
569,providers,4.0,0.0,0.0,4.0,0.0,0.0
570,harmless,1.0,0.0,0.0,1.0,0.0,0.0
571,damage,1.0,0.0,0.0,1.0,0.0,0.0
572,attorneys’,1.0,0.0,0.0,1.0,0.0,0.0
573,arise,1.0,0.0,0.0,1.0,0.0,0.0
574,connection,3.0,0.0,0.0,3.0,0.0,0.0
575,reference,1.0,0.0,0.0,1.0,0.0,0.0
576,sites’s,1.0,0.0,0.0,1.0,0.0,0.0
577,obtained,6.0,0.0,0.0,6.0,0.0,0.0
578,constitute,2.0,0.0,0.0,2.0,0.0,0.0
579,advice,3.0,0.0,0.0,3.0,0.0,0.0
580,transmitted,1.0,0.0,0.0,1.0,0.0,0.0
581,electronically,1.0,0.0,0.0,1.0,0.0,0.0
582,response,1.0,0.0,0.0,1.0,0.0,0.0
583,message,3.0,0.0,0.0,3.0,0.0,0.0
584,always,4.0,0.0,0.0,4.0,0.0,0.0
585,speak,1.0,0.0,0.0,1.0,0.0,0.0
586,qualified,1.0,0.0,0.0,1.0,0.0,0.0
587,provider,1.0,0.0,0.0,1.0,0.0,0.0
588,person,2.0,0.0,0.0,2.0,0.0,0.0
589,prior,1.0,0.0,0.0,1.0,0.0,0.0
590,starting,1.0,0.0,0.0,1.0,0.0,0.0
591,treatment,1.0,0.0,0.0,1.0,0.0,0.0
592,directly,1.0,0.0,0.0,1.0,0.0,0.0
593,indirectly,1.0,0.0,0.0,1.0,0.0,0.0
594,practice,1.0,0.0,0.0,1.0,0.0,0.0
595,medicine,1.0,0.0,0.0,1.0,0.0,0.0
596,dispense,1.0,0.0,0.0,1.0,0.0,0.0
597,nothing,1.0,0.0,0.0,1.0,0.0,0.0
598,constitutes,1.0,0.0,0.0,1.0,0.0,0.0
599,legal,3.0,0.0,0.0,3.0,0.0,0.0
600,users,5.0,0.0,0.0,5.0,0.0,0.0
601,seek,1.0,0.0,0.0,1.0,0.0,0.0
602,attorney,5.0,0.0,0.0,5.0,0.0,0.0
603,individual,2.0,0.0,0.0,2.0,0.0,0.0
604,concerns,2.0,0.0,0.0,2.0,0.0,0.0
605,taken,2.0,0.0,0.0,2.0,0.0,0.0
606,parental,2.0,0.0,0.0,2.0,0.0,0.0
607,permission,1.0,0.0,0.0,1.0,0.0,0.0
608,topic,1.0,0.0,0.0,1.0,0.0,0.0
609,sex,3.0,0.0,0.0,3.0,0.0,0.0
610,directed,1.0,0.0,0.0,1.0,0.0,0.0
611,children,4.0,0.0,0.0,4.0,0.0,0.0
612,age,1.0,0.0,0.0,1.0,0.0,0.0
613,knowingly,1.0,0.0,0.0,1.0,0.0,0.0
614,collect,5.0,0.0,0.0,5.0,0.0,0.0
615,personally,6.0,0.0,0.0,6.0,0.0,0.0
616,identifiable,5.0,0.0,0.0,5.0,0.0,0.0
617,strongly,1.0,0.0,0.0,1.0,0.0,0.0
618,recommend,1.0,0.0,0.0,1.0,0.0,0.0
619,participate,1.0,0.0,0.0,1.0,0.0,0.0
620,children’s,1.0,0.0,0.0,1.0,0.0,0.0
621,exploration,1.0,0.0,0.0,1.0,0.0,0.0
622,browser’s,1.0,0.0,0.0,1.0,0.0,0.0
623,controls,1.0,0.0,0.0,1.0,0.0,0.0
624,limit,1.0,0.0,0.0,1.0,0.0,0.0
625,areas,2.0,0.0,0.0,2.0,0.0,0.0
626,uniform,1.0,0.0,0.0,1.0,0.0,0.0
627,disclosure,1.0,0.0,0.0,1.0,0.0,0.0
628,recognized,1.0,0.0,0.0,1.0,0.0,0.0
629,irs,1.0,0.0,0.0,1.0,0.0,0.0
630,exempt,1.0,0.0,0.0,1.0,0.0,0.0
631,taxation,1.0,0.0,0.0,1.0,0.0,0.0
632,internal,1.0,0.0,0.0,1.0,0.0,0.0
633,revenue,1.0,0.0,0.0,1.0,0.0,0.0
634,gifts,2.0,0.0,0.0,2.0,0.0,0.0
635,tax,3.0,0.0,0.0,3.0,0.0,0.0
636,deductible,1.0,0.0,0.0,1.0,0.0,0.0
637,extent,1.0,0.0,0.0,1.0,0.0,0.0
638,allowed,1.0,0.0,0.0,1.0,0.0,0.0
639,financial,9.0,0.0,0.0,9.0,0.0,0.0
640,percent,2.0,0.0,0.0,2.0,0.0,0.0
641,gift,3.0,0.0,0.0,3.0,0.0,0.0
642,deducted,2.0,0.0,0.0,2.0,0.0,0.0
643,federal,2.0,0.0,0.0,2.0,0.0,0.0
644,state,10.0,0.0,0.0,10.0,0.0,0.0
645,income,2.0,0.0,0.0,2.0,0.0,0.0
646,reside,1.0,0.0,0.0,1.0,0.0,0.0
647,california,1.0,0.0,0.0,1.0,0.0,0.0
648,request,4.0,0.0,0.0,4.0,0.0,0.0
649,once,1.0,0.0,0.0,1.0,0.0,0.0
650,per,1.0,0.0,0.0,1.0,0.0,0.0
651,calendar,1.0,0.0,0.0,1.0,0.0,0.0
652,year,5.0,0.0,0.0,5.0,0.0,0.0
653,disclosures,1.0,0.0,0.0,1.0,0.0,0.0
654,certain,3.0,0.0,0.0,3.0,0.0,0.0
655,parties,2.0,0.0,0.0,2.0,0.0,0.0
656,direct,1.0,0.0,0.0,1.0,0.0,0.0
657,marketing,1.0,0.0,0.0,1.0,0.0,0.0
658,requests,3.0,0.0,0.0,3.0,0.0,0.0
659,must,3.0,0.0,0.0,3.0,0.0,0.0
660,submitted,1.0,0.0,0.0,1.0,0.0,0.0
661,writing,1.0,0.0,0.0,1.0,0.0,0.0
662,official,3.0,0.0,0.0,3.0,0.0,0.0
663,division,2.0,0.0,0.0,2.0,0.0,0.0
664,consumer,3.0,0.0,0.0,3.0,0.0,0.0
665,calling,5.0,0.0,0.0,5.0,0.0,0.0
666,toll,1.0,0.0,0.0,1.0,0.0,0.0
667,imply,5.0,0.0,0.0,5.0,0.0,0.0
668,recommendation,1.0,0.0,0.0,1.0,0.0,0.0
669,full,2.0,0.0,0.0,2.0,0.0,0.0
670,fair,1.0,0.0,0.0,1.0,0.0,0.0
671,description,1.0,0.0,0.0,1.0,0.0,0.0
672,current,2.0,0.0,0.0,2.0,0.0,0.0
673,copies,1.0,0.0,0.0,1.0,0.0,0.0
674,documents,2.0,0.0,0.0,2.0,0.0,0.0
675,maryland,1.0,0.0,0.0,1.0,0.0,0.0
676,secretary,5.0,0.0,0.0,5.0,0.0,0.0
677,charitable,3.0,0.0,0.0,3.0,0.0,0.0
678,contribution,1.0,0.0,0.0,1.0,0.0,0.0
679,mississippi,1.0,0.0,0.0,1.0,0.0,0.0
680,state’s,1.0,0.0,0.0,1.0,0.0,0.0
681,office,2.0,0.0,0.0,2.0,0.0,0.0
682,filed,2.0,0.0,0.0,2.0,0.0,0.0
683,concerning,5.0,0.0,0.0,5.0,0.0,0.0
684,solicitation,3.0,0.0,0.0,3.0,0.0,0.0
685,jersey,1.0,0.0,0.0,1.0,0.0,0.0
686,annual,1.0,0.0,0.0,1.0,0.0,0.0
687,report,1.0,0.0,0.0,1.0,0.0,0.0
688,general’s,1.0,0.0,0.0,1.0,0.0,0.0
689,charities,1.0,0.0,0.0,1.0,0.0,0.0
690,foil,1.0,0.0,0.0,1.0,0.0,0.0
691,department,3.0,0.0,0.0,3.0,0.0,0.0
692,north,1.0,0.0,0.0,1.0,0.0,0.0
693,licensing,1.0,0.0,0.0,1.0,0.0,0.0
694,branch,1.0,0.0,0.0,1.0,0.0,0.0
695,license,1.0,0.0,0.0,1.0,0.0,0.0
696,endorsement,1.0,0.0,0.0,1.0,0.0,0.0
697,pennsylvania,1.0,0.0,0.0,1.0,0.0,0.0
698,affairs,1.0,0.0,0.0,1.0,0.0,0.0
699,agriculture,1.0,0.0,0.0,1.0,0.0,0.0
700,required,4.0,0.0,0.0,4.0,0.0,0.0
701,act,2.0,0.0,0.0,2.0,0.0,0.0
702,additional,2.0,0.0,0.0,2.0,0.0,0.0
703,west,3.0,0.0,0.0,3.0,0.0,0.0
704,virginia,2.0,0.0,0.0,2.0,0.0,0.0
705,residents,1.0,0.0,0.0,1.0,0.0,0.0
706,summary,1.0,0.0,0.0,1.0,0.0,0.0
707,digital,1.0,0.0,0.0,1.0,0.0,0.0
708,millennium,1.0,0.0,0.0,1.0,0.0,0.0
709,notices,1.0,0.0,0.0,1.0,0.0,0.0
710,section,2.0,0.0,0.0,2.0,0.0,0.0
711,title,2.0,0.0,0.0,2.0,0.0,0.0
712,infringes,1.0,0.0,0.0,1.0,0.0,0.0
713,send,1.0,0.0,0.0,1.0,0.0,0.0
714,claimed,3.0,0.0,0.0,3.0,0.0,0.0
715,infringement,2.0,0.0,0.0,2.0,0.0,0.0
716,name,3.0,0.0,0.0,3.0,0.0,0.0
717,agent,2.0,0.0,0.0,2.0,0.0,0.0
718,designated,1.0,0.0,0.0,1.0,0.0,0.0
719,receive,2.0,0.0,0.0,2.0,0.0,0.0
720,notification,3.0,0.0,0.0,3.0,0.0,0.0
721,incorporated,1.0,0.0,0.0,1.0,0.0,0.0
722,dillingham,1.0,0.0,0.0,1.0,0.0,0.0
723,telephone,3.0,0.0,0.0,3.0,0.0,0.0
724,code,1.0,0.0,0.0,1.0,0.0,0.0
725,requires,1.0,0.0,0.0,1.0,0.0,0.0
726,explained,1.0,0.0,0.0,1.0,0.0,0.0
727,statute,1.0,0.0,0.0,1.0,0.0,0.0
728,protecting,1.0,0.0,0.0,1.0,0.0,0.0
729,security,2.0,0.0,0.0,2.0,0.0,0.0
730,advise,1.0,0.0,0.0,1.0,0.0,0.0
731,protect,6.0,0.0,0.0,6.0,0.0,0.0
732,processing,1.0,0.0,0.0,1.0,0.0,0.0
733,set,3.0,0.0,0.0,3.0,0.0,0.0
734,forth,3.0,0.0,0.0,3.0,0.0,0.0
735,amended,1.0,0.0,0.0,1.0,0.0,0.0
736,identification,4.0,0.0,0.0,4.0,0.0,0.0
737,participation,1.0,0.0,0.0,1.0,0.0,0.0
738,scheduling,1.0,0.0,0.0,1.0,0.0,0.0
739,membership,1.0,0.0,0.0,1.0,0.0,0.0
740,discussion,1.0,0.0,0.0,1.0,0.0,0.0
741,visitors’,1.0,0.0,0.0,1.0,0.0,0.0
742,via,3.0,0.0,0.0,3.0,0.0,0.0
743,email,3.0,0.0,0.0,3.0,0.0,0.0
744,voluntarily,2.0,0.0,0.0,2.0,0.0,0.0
745,submit,3.0,0.0,0.0,3.0,0.0,0.0
746,intentionally,1.0,0.0,0.0,1.0,0.0,0.0
747,disclose,6.0,0.0,0.0,6.0,0.0,0.0
748,received,1.0,0.0,0.0,1.0,0.0,0.0
749,sell,1.0,0.0,0.0,1.0,0.0,0.0
750,otherwise,2.0,0.0,0.0,2.0,0.0,0.0
751,data,1.0,0.0,0.0,1.0,0.0,0.0
752,though,2.0,0.0,0.0,2.0,0.0,0.0
753,effort,2.0,0.0,0.0,2.0,0.0,0.0
754,preserve,1.0,0.0,0.0,1.0,0.0,0.0
755,wherein,1.0,0.0,0.0,1.0,0.0,0.0
756,belief,1.0,0.0,0.0,1.0,0.0,0.0
757,comply,1.0,0.0,0.0,1.0,0.0,0.0
758,judicial,1.0,0.0,0.0,1.0,0.0,0.0
759,court,1.0,0.0,0.0,1.0,0.0,0.0
760,order,1.0,0.0,0.0,1.0,0.0,0.0
761,others,2.0,0.0,0.0,2.0,0.0,0.0
762,aggregated,1.0,0.0,0.0,1.0,0.0,0.0
763,demographic,1.0,0.0,0.0,1.0,0.0,0.0
764,whom,1.0,0.0,0.0,1.0,0.0,0.0
765,safety,2.0,0.0,0.0,2.0,0.0,0.0
766,respond,1.0,0.0,0.0,1.0,0.0,0.0
767,misuse,1.0,0.0,0.0,1.0,0.0,0.0
768,reports,1.0,0.0,0.0,1.0,0.0,0.0
769,demographics,1.0,0.0,0.0,1.0,0.0,0.0
770,traffic,1.0,0.0,0.0,1.0,0.0,0.0
771,chat,2.0,0.0,0.0,2.0,0.0,0.0
772,public,1.0,0.0,0.0,1.0,0.0,0.0
773,forums,1.0,0.0,0.0,1.0,0.0,0.0
774,keep,2.0,0.0,0.0,2.0,0.0,0.0
775,whenever,1.0,0.0,0.0,1.0,0.0,0.0
776,example,1.0,0.0,0.0,1.0,0.0,0.0
777,collected,1.0,0.0,0.0,1.0,0.0,0.0
778,posting,2.0,0.0,0.0,2.0,0.0,0.0
779,publicly,1.0,0.0,0.0,1.0,0.0,0.0
780,unsolicited,1.0,0.0,0.0,1.0,0.0,0.0
781,messages,1.0,0.0,0.0,1.0,0.0,0.0
782,precaution,1.0,0.0,0.0,1.0,0.0,0.0
783,users’,1.0,0.0,0.0,1.0,0.0,0.0
784,sensitive,3.0,0.0,0.0,3.0,0.0,0.0
785,great,1.0,0.0,0.0,1.0,0.0,0.0
786,ensure,1.0,0.0,0.0,1.0,0.0,0.0
787,form,1.0,0.0,0.0,1.0,0.0,0.0
788,asks,1.0,0.0,0.0,1.0,0.0,0.0
789,enter,1.0,0.0,0.0,1.0,0.0,0.0
790,credit,1.0,0.0,0.0,1.0,0.0,0.0
791,card,1.0,0.0,0.0,1.0,0.0,0.0
792,encrypted,1.0,0.0,0.0,1.0,0.0,0.0
793,best,1.0,0.0,0.0,1.0,0.0,0.0
794,encryption,2.0,0.0,0.0,2.0,0.0,0.0
795,software,1.0,0.0,0.0,1.0,0.0,0.0
796,aware,3.0,0.0,0.0,3.0,0.0,0.0
797,industry,1.0,0.0,0.0,1.0,0.0,0.0
798,ssl,1.0,0.0,0.0,1.0,0.0,0.0
799,also,3.0,0.0,0.0,3.0,0.0,0.0
800,aggressively,1.0,0.0,0.0,1.0,0.0,0.0
801,employees,1.0,0.0,0.0,1.0,0.0,0.0
802,specific,3.0,0.0,0.0,3.0,0.0,0.0
803,job,2.0,0.0,0.0,2.0,0.0,0.0
804,billing,1.0,0.0,0.0,1.0,0.0,0.0
805,clerk,1.0,0.0,0.0,1.0,0.0,0.0
806,customer,1.0,0.0,0.0,1.0,0.0,0.0
807,representative,1.0,0.0,0.0,1.0,0.0,0.0
808,granted,1.0,0.0,0.0,1.0,0.0,0.0
809,servers,1.0,0.0,0.0,1.0,0.0,0.0
810,store,1.0,0.0,0.0,1.0,0.0,0.0
811,secure,1.0,0.0,0.0,1.0,0.0,0.0
812,automatically,1.0,0.0,0.0,1.0,0.0,0.0
813,technical,1.0,0.0,0.0,1.0,0.0,0.0
814,mobile,1.0,0.0,0.0,1.0,0.0,0.0
815,device,1.0,0.0,0.0,1.0,0.0,0.0
816,across,1.0,0.0,0.0,1.0,0.0,0.0
817,websites,1.0,0.0,0.0,1.0,0.0,0.0
818,cookies,2.0,0.0,0.0,2.0,0.0,0.0
819,similar,2.0,0.0,0.0,2.0,0.0,0.0
820,protocol,1.0,0.0,0.0,1.0,0.0,0.0
821,browser,3.0,0.0,0.0,3.0,0.0,0.0
822,operating,1.0,0.0,0.0,1.0,0.0,0.0
823,pages,1.0,0.0,0.0,1.0,0.0,0.0
824,view,2.0,0.0,0.0,2.0,0.0,0.0
825,allows,1.0,0.0,0.0,1.0,0.0,0.0
826,recognize,1.0,0.0,0.0,1.0,0.0,0.0
827,personalize,1.0,0.0,0.0,1.0,0.0,0.0
828,return,1.0,0.0,0.0,1.0,0.0,0.0
829,improve,1.0,0.0,0.0,1.0,0.0,0.0
830,advertisements,1.0,0.0,0.0,1.0,0.0,0.0
831,targeted,1.0,0.0,0.0,1.0,0.0,0.0
832,web,2.0,0.0,0.0,2.0,0.0,0.0
833,reject,1.0,0.0,0.0,1.0,0.0,0.0
834,wish,4.0,0.0,0.0,4.0,0.0,0.0
835,review,2.0,0.0,0.0,2.0,0.0,0.0
836,correct,1.0,0.0,0.0,1.0,0.0,0.0
837,inform,1.0,0.0,0.0,1.0,0.0,0.0
838,desire,1.0,0.0,0.0,1.0,0.0,0.0
839,remain,1.0,0.0,0.0,1.0,0.0,0.0
840,names,1.0,0.0,0.0,1.0,0.0,0.0
841,friends,1.0,0.0,0.0,1.0,0.0,0.0
842,identify,2.0,0.0,0.0,2.0,0.0,0.0
843,places,1.0,0.0,0.0,1.0,0.0,0.0
844,deem,1.0,0.0,0.0,1.0,0.0,0.0
845,miscellaneous,1.0,0.0,0.0,1.0,0.0,0.0
846,governed,1.0,0.0,0.0,1.0,0.0,0.0
847,interpreted,1.0,0.0,0.0,1.0,0.0,0.0
848,laws,2.0,0.0,0.0,2.0,0.0,0.0
849,america,1.0,0.0,0.0,1.0,0.0,0.0
850,giving,2.0,0.0,0.0,2.0,0.0,0.0
851,effect,1.0,0.0,0.0,1.0,0.0,0.0
852,conflicts,1.0,0.0,0.0,1.0,0.0,0.0
853,portion,1.0,0.0,0.0,1.0,0.0,0.0
854,affect,2.0,0.0,0.0,2.0,0.0,0.0
855,validity,1.0,0.0,0.0,1.0,0.0,0.0
856,enforceability,1.0,0.0,0.0,1.0,0.0,0.0
857,remaining,1.0,0.0,0.0,1.0,0.0,0.0
858,replace,1.0,0.0,0.0,1.0,0.0,0.0
859,amend,1.0,0.0,0.0,1.0,0.0,0.0
860,provisions,1.0,0.0,0.0,1.0,0.0,0.0
861,another,2.0,0.0,0.0,2.0,0.0,0.0
862,sets,1.0,0.0,0.0,1.0,0.0,0.0
863,understanding,4.0,0.0,0.0,4.0,0.0,0.0
864,agreement,1.0,0.0,0.0,1.0,0.0,0.0
865,between,1.0,0.0,0.0,1.0,0.0,0.0
866,revise,1.0,0.0,0.0,1.0,0.0,0.0
867,updating,1.0,0.0,0.0,1.0,0.0,0.0
868,bound,1.0,0.0,0.0,1.0,0.0,0.0
869,unlawfully,1.0,0.0,0.0,1.0,0.0,0.0
870,discriminate,1.0,0.0,0.0,1.0,0.0,0.0
871,basis,1.0,0.0,0.0,1.0,0.0,0.0
872,orientation,1.0,0.0,0.0,1.0,0.0,0.0
873,gender,1.0,0.0,0.0,1.0,0.0,0.0
874,identity,1.0,0.0,0.0,1.0,0.0,0.0
875,updated,1.0,0.0,0.0,1.0,0.0,0.0
876,june,1.0,0.0,0.0,1.0,0.0,0.0
877,fill,2.0,0.0,0.0,2.0,0.0,0.0
878,simple,2.0,0.0,0.0,2.0,0.0,0.0
879,confirm,2.0,0.0,0.0,2.0,0.0,0.0
880,based,1.0,0.0,0.0,1.0,0.0,0.0
881,preferences,1.0,0.0,0.0,1.0,0.0,0.0
882,requested,1.0,0.0,0.0,1.0,0.0,0.0
883,fields,1.0,0.0,0.0,1.0,0.0,0.0
884,marked,1.0,0.0,0.0,1.0,0.0,0.0
885,english,1.0,0.0,0.0,1.0,0.0,0.0
886,spanish,1.0,0.0,0.0,1.0,0.0,0.0
887,female,1.0,0.0,0.0,1.0,0.0,0.0
888,male,1.0,0.0,0.0,1.0,0.0,0.0
889,select,5.0,0.0,0.0,5.0,0.0,0.0
890,ultrasound,4.0,0.0,0.0,4.0,0.0,0.0
891,consult,1.0,0.0,0.0,1.0,0.0,0.0
892,consultation,4.0,0.0,0.0,4.0,0.0,0.0
893,options,3.0,0.0,0.0,3.0,0.0,0.0
894,adoption,2.0,0.0,0.0,2.0,0.0,0.0
895,referrals,6.0,0.0,0.0,6.0,0.0,0.0
896,pill,1.0,0.0,0.0,1.0,0.0,0.0
897,reversal,1.0,0.0,0.0,1.0,0.0,0.0
898,referral,1.0,0.0,0.0,1.0,0.0,0.0
899,location,1.0,0.0,0.0,1.0,0.0,0.0
900,most,3.0,0.0,0.0,3.0,0.0,0.0
901,convenient,1.0,0.0,0.0,1.0,0.0,0.0
902,date,1.0,0.0,0.0,1.0,0.0,0.0
903,range,1.0,0.0,0.0,1.0,0.0,0.0
904,nearest,1.0,0.0,0.0,1.0,0.0,0.0
905,preferred,2.0,0.0,0.0,2.0,0.0,0.0
906,february,24.0,0.0,0.0,24.0,0.0,0.0
907,morning,16.0,0.0,0.0,16.0,0.0,0.0
908,friday,3.0,0.0,0.0,3.0,0.0,0.0
909,afternoon,16.0,0.0,0.0,16.0,0.0,0.0
910,saturday,4.0,0.0,0.0,4.0,0.0,0.0
911,wednesday,4.0,0.0,0.0,4.0,0.0,0.0
912,thursday,4.0,0.0,0.0,4.0,0.0,0.0
913,march,8.0,0.0,0.0,8.0,0.0,0.0
914,dates,1.0,0.0,0.0,1.0,0.0,0.0
915,business,1.0,0.0,0.0,1.0,0.0,0.0
916,phone,3.0,0.0,0.0,3.0,0.0,0.0
917,text,1.0,0.0,0.0,1.0,0.0,0.0
918,would,6.0,0.0,0.0,6.0,0.0,0.0
919,prefer,1.0,0.0,0.0,1.0,0.0,0.0
920,ourselves,1.0,0.0,0.0,1.0,0.0,0.0
921,caller's,1.0,0.0,0.0,1.0,0.0,0.0
922,did,6.0,0.0,0.0,6.0,0.0,0.0
923,hear,2.0,0.0,0.0,2.0,0.0,0.0
924,type,1.0,0.0,0.0,1.0,0.0,0.0
925,agency,1.0,0.0,0.0,1.0,0.0,0.0
926,book,2.0,0.0,0.0,2.0,0.0,0.0
927,school,2.0,0.0,0.0,2.0,0.0,0.0
928,clinic,1.0,0.0,0.0,1.0,0.0,0.0
929,building,1.0,0.0,0.0,1.0,0.0,0.0
930,sign,1.0,0.0,0.0,1.0,0.0,0.0
931,radio,1.0,0.0,0.0,1.0,0.0,0.0
932,client,1.0,0.0,0.0,1.0,0.0,0.0
933,see,3.0,0.0,0.0,3.0,0.0,0.0
934,judgemental,1.0,0.0,0.0,1.0,0.0,0.0
935,we’re,1.0,0.0,0.0,1.0,0.0,0.0
936,scared,2.0,0.0,0.0,2.0,0.0,0.0
937,turn,1.0,0.0,0.0,1.0,0.0,0.0
938,saying,2.0,0.0,0.0,2.0,0.0,0.0
939,meant,2.0,0.0,0.0,2.0,0.0,0.0
940,come,4.0,0.0,0.0,4.0,0.0,0.0
941,realize,3.0,0.0,0.0,3.0,0.0,0.0
942,value,2.0,0.0,0.0,2.0,0.0,0.0
943,changed,1.0,0.0,0.0,1.0,0.0,0.0
944,into,1.0,0.0,0.0,1.0,0.0,0.0
945,unrecognizable,1.0,0.0,0.0,1.0,0.0,0.0
946,choosing,1.0,0.0,0.0,1.0,0.0,0.0
947,empower,1.0,0.0,0.0,1.0,0.0,0.0
948,exact,1.0,0.0,0.0,1.0,0.0,0.0
949,given,2.0,0.0,0.0,2.0,0.0,0.0
950,rewarding,1.0,0.0,0.0,1.0,0.0,0.0
951,challenge,1.0,0.0,0.0,1.0,0.0,0.0
952,ever,1.0,0.0,0.0,1.0,0.0,0.0
953,easy,1.0,0.0,0.0,1.0,0.0,0.0
954,raising,3.0,0.0,0.0,3.0,0.0,0.0
955,harder,1.0,0.0,0.0,1.0,0.0,0.0
956,knowing,1.0,0.0,0.0,1.0,0.0,0.0
957,created,1.0,0.0,0.0,1.0,0.0,0.0
958,unique,1.0,0.0,0.0,1.0,0.0,0.0
959,miraculous,1.0,0.0,0.0,1.0,0.0,0.0
960,then,1.0,0.0,0.0,1.0,0.0,0.0
961,destroyed,1.0,0.0,0.0,1.0,0.0,0.0
962,live,4.0,0.0,0.0,4.0,0.0,0.0
963,reality,2.0,0.0,0.0,2.0,0.0,0.0
964,aborted,1.0,0.0,0.0,1.0,0.0,0.0
965,baby,4.0,0.0,0.0,4.0,0.0,0.0
966,years,4.0,0.0,0.0,4.0,0.0,0.0
967,regret,1.0,0.0,0.0,1.0,0.0,0.0
968,emptiness,1.0,0.0,0.0,1.0,0.0,0.0
969,filled,1.0,0.0,0.0,1.0,0.0,0.0
970,anything,1.0,0.0,0.0,1.0,0.0,0.0
971,choice,1.0,0.0,0.0,1.0,0.0,0.0
972,rest,1.0,0.0,0.0,1.0,0.0,0.0
973,forget,1.0,0.0,0.0,1.0,0.0,0.0
974,had,9.0,0.0,0.0,9.0,0.0,0.0
975,already,1.0,0.0,0.0,1.0,0.0,0.0
976,bonded,1.0,0.0,0.0,1.0,0.0,0.0
977,body,2.0,0.0,0.0,2.0,0.0,0.0
978,forming,1.0,0.0,0.0,1.0,0.0,0.0
979,inside,1.0,0.0,0.0,1.0,0.0,0.0
980,knew,2.0,0.0,0.0,2.0,0.0,0.0
981,simply,1.0,0.0,0.0,1.0,0.0,0.0
982,matter,2.0,0.0,0.0,2.0,0.0,0.0
983,early,1.0,0.0,0.0,1.0,0.0,0.0
984,still,3.0,0.0,0.0,3.0,0.0,0.0
985,lives,3.0,0.0,0.0,3.0,0.0,0.0
986,same,1.0,0.0,0.0,1.0,0.0,0.0
987,chose,1.0,0.0,0.0,1.0,0.0,0.0
988,day,2.0,0.0,0.0,2.0,0.0,0.0
989,acutely,1.0,0.0,0.0,1.0,0.0,0.0
990,beautiful,1.0,0.0,0.0,1.0,0.0,0.0
991,valuable,1.0,0.0,0.0,1.0,0.0,0.0
992,young,9.0,0.0,0.0,9.0,0.0,0.0
993,came,3.0,0.0,0.0,3.0,0.0,0.0
994,way,3.0,0.0,0.0,3.0,0.0,0.0
995,anyone,2.0,0.0,0.0,2.0,0.0,0.0
996,urge,2.0,0.0,0.0,2.0,0.0,0.0
997,doubts,1.0,0.0,0.0,1.0,0.0,0.0
998,fit,1.0,0.0,0.0,1.0,0.0,0.0
999,extinguish,1.0,0.0,0.0,1.0,0.0,0.0
1000,very,1.0,0.0,0.0,1.0,0.0,0.0
1001,create,1.0,0.0,0.0,1.0,0.0,0.0
1002,wonderful,2.0,0.0,0.0,2.0,0.0,0.0
1003,groups,1.0,0.0,0.0,1.0,0.0,0.0
1004,willing,1.0,0.0,0.0,1.0,0.0,0.0
1005,reach,1.0,0.0,0.0,1.0,0.0,0.0
1006,educated,1.0,0.0,0.0,1.0,0.0,0.0
1007,talk,1.0,0.0,0.0,1.0,0.0,0.0
1008,honest,1.0,0.0,0.0,1.0,0.0,0.0
1009,much,1.0,0.0,0.0,1.0,0.0,0.0
1010,subject,1.0,0.0,0.0,1.0,0.0,0.0
1011,below,1.0,0.0,0.0,1.0,0.0,0.0
1012,realities,1.0,0.0,0.0,1.0,0.0,0.0
1013,usually,1.0,0.0,0.0,1.0,0.0,0.0
1014,lot,1.0,0.0,0.0,1.0,0.0,0.0
1015,painful,1.0,0.0,0.0,1.0,0.0,0.0
1016,why,2.0,0.0,0.0,2.0,0.0,0.0
1017,grateful,1.0,0.0,0.0,1.0,0.0,0.0
1018,shows,1.0,0.0,0.0,1.0,0.0,0.0
1019,hope,2.0,0.0,0.0,2.0,0.0,0.0
1020,faced,1.0,0.0,0.0,1.0,0.0,0.0
1021,anonymous,1.0,0.0,0.0,1.0,0.0,0.0
1022,“at,1.0,0.0,0.0,1.0,0.0,0.0
1023,typical,1.0,0.0,0.0,1.0,0.0,0.0
1024,local,2.0,0.0,0.0,2.0,0.0,0.0
1025,surfer,1.0,0.0,0.0,1.0,0.0,0.0
1026,image,2.0,0.0,0.0,2.0,0.0,0.0
1027,playboy…as,1.0,0.0,0.0,1.0,0.0,0.0
1028,expected,1.0,0.0,0.0,1.0,0.0,0.0
1029,sleep,1.0,0.0,0.0,1.0,0.0,0.0
1030,girls,1.0,0.0,0.0,1.0,0.0,0.0
1031,quantity,1.0,0.0,0.0,1.0,0.0,0.0
1032,dating,1.0,0.0,0.0,1.0,0.0,0.0
1033,decided,1.0,0.0,0.0,1.0,0.0,0.0
1034,experiment,1.0,0.0,0.0,1.0,0.0,0.0
1035,period,1.0,0.0,0.0,1.0,0.0,0.0
1036,didn’t,3.0,0.0,0.0,3.0,0.0,0.0
1037,supposed,1.0,0.0,0.0,1.0,0.0,0.0
1038,got,2.0,0.0,0.0,2.0,0.0,0.0
1039,dad,1.0,0.0,0.0,1.0,0.0,0.0
1040,kill,1.0,0.0,0.0,1.0,0.0,0.0
1041,looked,1.0,0.0,0.0,1.0,0.0,0.0
1042,couple,1.0,0.0,0.0,1.0,0.0,0.0
1043,called,1.0,0.0,0.0,1.0,0.0,0.0
1044,problem,4.0,0.0,0.0,4.0,0.0,0.0
1045,end,1.0,0.0,0.0,1.0,0.0,0.0
1046,assured,2.0,0.0,0.0,2.0,0.0,0.0
1047,welcomed,1.0,0.0,0.0,1.0,0.0,0.0
1048,counselor,2.0,0.0,0.0,2.0,0.0,0.0
1049,took,1.0,0.0,0.0,1.0,0.0,0.0
1050,spoke,2.0,0.0,0.0,2.0,0.0,0.0
1051,thinking,1.0,0.0,0.0,1.0,0.0,0.0
1052,needed,1.0,0.0,0.0,1.0,0.0,0.0
1053,negative,1.0,0.0,0.0,1.0,0.0,0.0
1054,left,1.0,0.0,0.0,1.0,0.0,0.0
1055,felt,2.0,0.0,0.0,2.0,0.0,0.0
1056,forgiven,1.0,0.0,0.0,1.0,0.0,0.0
1057,sense,1.0,0.0,0.0,1.0,0.0,0.0
1058,redemption,1.0,0.0,0.0,1.0,0.0,0.0
1059,doing,2.0,0.0,0.0,2.0,0.0,0.0
1060,recently,1.0,0.0,0.0,1.0,0.0,0.0
1061,opportunity,2.0,0.0,0.0,2.0,0.0,0.0
1062,related,1.0,0.0,0.0,1.0,0.0,0.0
1063,soon,1.0,0.0,0.0,1.0,0.0,0.0
1064,stepped,1.0,0.0,0.0,1.0,0.0,0.0
1065,back,3.0,0.0,0.0,3.0,0.0,0.0
1066,fateful,1.0,0.0,0.0,1.0,0.0,0.0
1067,shaped,1.0,0.0,0.0,1.0,0.0,0.0
1068,moved,1.0,0.0,0.0,1.0,0.0,0.0
1069,past,1.0,0.0,0.0,1.0,0.0,0.0
1070,gave,1.0,0.0,0.0,1.0,0.0,0.0
1071,“all,1.0,0.0,0.0,1.0,0.0,0.0
1072,high,1.0,0.0,0.0,1.0,0.0,0.0
1073,extremely,1.0,0.0,0.0,1.0,0.0,0.0
1074,promiscuous,2.0,0.0,0.0,2.0,0.0,0.0
1075,utilized,1.0,0.0,0.0,1.0,0.0,0.0
1076,course,1.0,0.0,0.0,1.0,0.0,0.0
1077,wanted,1.0,0.0,0.0,1.0,0.0,0.0
1078,listen,2.0,0.0,0.0,2.0,0.0,0.0
1079,“preach”,1.0,0.0,0.0,1.0,0.0,0.0
1080,married,3.0,0.0,0.0,3.0,0.0,0.0
1081,coming,1.0,0.0,0.0,1.0,0.0,0.0
1082,grey,3.0,0.0,0.0,3.0,0.0,0.0
1083,haired,3.0,0.0,0.0,3.0,0.0,0.0
1084,reminded,1.0,0.0,0.0,1.0,0.0,0.0
1085,teenager,1.0,0.0,0.0,1.0,0.0,0.0
1086,kept,1.0,0.0,0.0,1.0,0.0,0.0
1087,ways,1.0,0.0,0.0,1.0,0.0,0.0
1088,aiea,1.0,0.0,0.0,1.0,0.0,0.0
1089,subsequently,1.0,0.0,0.0,1.0,0.0,0.0
1090,father,1.0,0.0,0.0,1.0,0.0,0.0
1091,second,1.0,0.0,0.0,1.0,0.0,0.0
1092,daughter,1.0,0.0,0.0,1.0,0.0,0.0
1093,shortly,1.0,0.0,0.0,1.0,0.0,0.0
1094,listened,1.0,0.0,0.0,1.0,0.0,0.0
1095,grandma,1.0,0.0,0.0,1.0,0.0,0.0
1096,dick,1.0,0.0,0.0,1.0,0.0,0.0
1097,husband,1.0,0.0,0.0,1.0,0.0,0.0
1098,kids,1.0,0.0,0.0,1.0,0.0,0.0
1099,could’ve,1.0,0.0,0.0,1.0,0.0,0.0
1100,him,1.0,0.0,0.0,1.0,0.0,0.0
1101,back…my,1.0,0.0,0.0,1.0,0.0,0.0
1102,reading,1.0,0.0,0.0,1.0,0.0,0.0
1103,buck,1.0,0.0,0.0,1.0,0.0,0.0
1104,helps,3.0,0.0,0.0,3.0,0.0,0.0
1105,worth,1.0,0.0,0.0,1.0,0.0,0.0
1106,i’m,1.0,0.0,0.0,1.0,0.0,0.0
1107,lady,1.0,0.0,0.0,1.0,0.0,0.0
1108,volunteer,1.0,0.0,0.0,1.0,0.0,0.0
1109,helping,3.0,0.0,0.0,3.0,0.0,0.0
1110,shoulder,1.0,0.0,0.0,1.0,0.0,0.0
1111,cry,1.0,0.0,0.0,1.0,0.0,0.0
1112,good,1.0,0.0,0.0,1.0,0.0,0.0
1113,they’re,1.0,0.0,0.0,1.0,0.0,0.0
1114,talking,1.0,0.0,0.0,1.0,0.0,0.0
1115,sure,1.0,0.0,0.0,1.0,0.0,0.0
1116,engage,2.0,0.0,0.0,2.0,0.0,0.0
1117,longer,1.0,0.0,0.0,1.0,0.0,0.0
1118,supported,1.0,0.0,0.0,1.0,0.0,0.0
1119,install,1.0,0.0,0.0,1.0,0.0,0.0
1120,microsoft,1.0,0.0,0.0,1.0,0.0,0.0
1121,edge,1.0,0.0,0.0,1.0,0.0,0.0
1122,google,3.0,0.0,0.0,3.0,0.0,0.0
1123,chrome,1.0,0.0,0.0,1.0,0.0,0.0
1124,string,1.0,0.0,0.0,1.0,0.0,0.0
1125,display,1.0,0.0,0.0,1.0,0.0,0.0
1126,unsupportedalertdiv,1.0,0.0,0.0,1.0,0.0,0.0
1127,maps,1.0,0.0,0.0,1.0,0.0,0.0
1128,function,2.0,0.0,0.0,2.0,0.0,0.0
1129,var,3.0,0.0,0.0,3.0,0.0,0.0
1130,mousedown,1.0,0.0,0.0,1.0,0.0,0.0
1131,rightclick,1.0,0.0,0.0,1.0,0.0,0.0
1132,contextmenu,1.0,0.0,0.0,1.0,0.0,0.0
1133,keypress,1.0,0.0,0.0,1.0,0.0,0.0
1134,'use,2.0,0.0,0.0,2.0,0.0,0.0
1135,storage,1.0,0.0,0.0,1.0,0.0,0.0
1136,length,1.0,0.0,0.0,1.0,0.0,0.0
1137,minus,1.0,0.0,0.0,1.0,0.0,0.0
1138,'mute',1.0,0.0,0.0,1.0,0.0,0.0
1139,dead,1.0,0.0,0.0,1.0,0.0,0.0
1140,syntax,1.0,0.0,0.0,1.0,0.0,0.0
1141,planning,5.0,0.0,0.0,5.0,0.0,0.0
1142,opens,3.0,0.0,0.0,3.0,0.0,0.0
1143,familes,2.0,0.0,0.0,2.0,0.0,0.0
1144,wise,2.0,0.0,0.0,2.0,0.0,0.0
1145,kind,2.0,0.0,0.0,2.0,0.0,0.0
1146,words,2.0,0.0,0.0,2.0,0.0,0.0
1147,team,1.0,0.0,0.0,1.0,0.0,0.0
1148,delighted,1.0,0.0,0.0,1.0,0.0,0.0
1149,we're,1.0,0.0,0.0,1.0,0.0,0.0
1150,proud,1.0,0.0,0.0,1.0,0.0,0.0
1151,sought,1.0,0.0,0.0,1.0,0.0,0.0
1152,varying,2.0,0.0,0.0,2.0,0.0,0.0
1153,peason,3.0,0.0,0.0,3.0,0.0,0.0
1154,honolulu,4.0,0.0,0.0,4.0,0.0,0.0
1155,love,2.0,0.0,0.0,2.0,0.0,0.0
1156,recognizing,1.0,0.0,0.0,1.0,0.0,0.0
1157,guide,2.0,0.0,0.0,2.0,0.0,0.0
1158,apprecieate,1.0,0.0,0.0,1.0,0.0,0.0
1159,star,1.0,0.0,0.0,1.0,0.0,0.0
1160,authentic,1.0,0.0,0.0,1.0,0.0,0.0
1161,details,2.0,0.0,0.0,2.0,0.0,0.0
1162,pacific,2.0,0.0,0.0,2.0,0.0,0.0
1163,birth,1.0,0.0,0.0,1.0,0.0,0.0
1164,wheelchair,1.0,0.0,0.0,1.0,0.0,0.0
1165,do’s,1.0,0.0,0.0,1.0,0.0,0.0
1166,don’ts,1.0,0.0,0.0,1.0,0.0,0.0
1167,hearing,1.0,0.0,0.0,1.0,0.0,0.0
1168,mixed,1.0,0.0,0.0,1.0,0.0,0.0
1169,reviews,1.0,0.0,0.0,1.0,0.0,0.0
1170,article,2.0,0.0,0.0,2.0,0.0,0.0
1171,discern,1.0,0.0,0.0,1.0,0.0,0.0
1172,perfectly,1.0,0.0,0.0,1.0,0.0,0.0
1173,pregnancies,1.0,0.0,0.0,1.0,0.0,0.0
1174,dads,1.0,0.0,0.0,1.0,0.0,0.0
1175,find,1.0,0.0,0.0,1.0,0.0,0.0
1176,birthday,1.0,0.0,0.0,1.0,0.0,0.0
1177,might,1.0,0.0,0.0,1.0,0.0,0.0
1178,standard,2.0,0.0,0.0,2.0,0.0,0.0
1179,'product,1.0,0.0,0.0,1.0,0.0,0.0
1180,'google,3.0,0.0,0.0,3.0,0.0,0.0
1181,sans,1.0,0.0,0.0,1.0,0.0,0.0
1182,eliminated,1.0,0.0,0.0,1.0,0.0,0.0
1183,whatever,1.0,0.0,0.0,1.0,0.0,0.0
1184,remains,1.0,0.0,0.0,1.0,0.0,0.0
1185,empty,1.0,0.0,0.0,1.0,0.0,0.0
1186,enable,1.0,0.0,0.0,1.0,0.0,0.0
1187,javascript,1.0,0.0,0.0,1.0,0.0,0.0
1188,offers,1.0,0.0,0.0,1.0,0.0,0.0
1189,fear,2.0,0.0,0.0,2.0,0.0,0.0
1190,variety,1.0,0.0,0.0,1.0,0.0,0.0
1191,helpful,2.0,0.0,0.0,2.0,0.0,0.0
1192,utilize,1.0,0.0,0.0,1.0,0.0,0.0
1193,explore,1.0,0.0,0.0,1.0,0.0,0.0
1194,compassion,1.0,0.0,0.0,1.0,0.0,0.0
1195,walk,1.0,0.0,0.0,1.0,0.0,0.0
1196,strive,1.0,0.0,0.0,1.0,0.0,0.0
1197,abstinence,1.0,0.0,0.0,1.0,0.0,0.0
1198,stds,1.0,0.0,0.0,1.0,0.0,0.0
1199,natural,1.0,0.0,0.0,1.0,0.0,0.0
1200,ultrasounds,1.0,0.0,0.0,1.0,0.0,0.0
1201,interested,1.0,0.0,0.0,1.0,0.0,0.0
1202,development,1.0,0.0,0.0,1.0,0.0,0.0
1203,newborn,1.0,0.0,0.0,1.0,0.0,0.0
