,token,Total0,Total1,Total2,Total3
0,'datalayer',0.0,0.0,2.0,0.0
1,'google,6.0,0.0,3.0,0.0
2,'ltr',1.0,0.0,0.0,0.0
3,'mute',2.0,0.0,1.0,0.0
4,'product,2.0,0.0,1.0,0.0
5,'text,1.0,0.0,0.0,0.0
6,'use,4.0,0.0,2.0,0.0
7,abbott,11.0,0.0,0.0,0.0
8,abdominal,2.0,0.0,0.0,0.0
9,ability,0.0,0.0,1.0,0.0
10,able,2.0,0.0,7.0,0.0
11,abortal,1.0,0.0,0.0,0.0
12,abortion,66.0,0.0,0.0,0.0
13,abortions,1.0,0.0,0.0,0.0
14,about,15.0,0.0,23.0,0.0
15,abruptly,2.0,0.0,0.0,0.0
16,abundance,0.0,0.0,2.0,0.0
17,accept,0.0,0.0,2.0,0.0
18,access,3.0,0.0,1.0,0.0
19,accessible,5.0,0.0,0.0,0.0
20,accreditation,0.0,0.0,2.0,0.0
21,accurate,2.0,0.0,0.0,0.0
22,accurately,2.0,0.0,0.0,0.0
23,achiness,1.0,0.0,0.0,0.0
24,acknowledged,0.0,0.0,1.0,0.0
25,across,2.0,0.0,0.0,0.0
26,acta,1.0,0.0,0.0,0.0
27,active,3.0,0.0,0.0,0.0
28,acts,2.0,0.0,0.0,0.0
29,actually,0.0,0.0,2.0,0.0
30,adcreate,1.0,0.0,1.0,0.0
31,add,0.0,0.0,2.0,0.0
32,added,1.0,0.0,0.0,0.0
33,addiction,0.0,0.0,1.0,0.0
34,addition,0.0,0.0,1.0,0.0
35,address,2.0,0.0,0.0,0.0
36,adequate,2.0,0.0,0.0,0.0
37,admiration,0.0,0.0,2.0,0.0
38,admire,0.0,0.0,2.0,0.0
39,adopt,2.0,0.0,10.0,0.0
40,adopted,0.0,0.0,5.0,0.0
41,adoptee,0.0,0.0,4.0,0.0
42,adoption,0.0,0.0,38.0,0.0
43,adoptions,0.0,0.0,2.0,0.0
44,adoptive,0.0,0.0,1.0,0.0
45,adores,0.0,0.0,1.0,0.0
46,adrian,0.0,0.0,2.0,0.0
47,adriatic,0.0,0.0,1.0,0.0
48,adult,0.0,0.0,4.0,0.0
49,adults,0.0,0.0,1.0,0.0
50,adventure,0.0,0.0,1.0,0.0
51,adventures,0.0,0.0,1.0,0.0
52,advertise,2.0,0.0,0.0,0.0
53,advertises,2.0,0.0,0.0,0.0
54,advised,0.0,0.0,1.0,0.0
55,advocate,0.0,0.0,3.0,0.0
56,affect,1.0,0.0,0.0,0.0
57,affection,0.0,0.0,1.0,0.0
58,affirming,0.0,0.0,1.0,0.0
59,africa,0.0,0.0,1.0,0.0
60,after,30.0,0.0,13.0,0.0
61,again,0.0,0.0,1.0,0.0
62,age,2.0,0.0,2.0,0.0
63,ages,0.0,0.0,1.0,0.0
64,ago,2.0,0.0,1.0,0.0
65,agreed,0.0,0.0,1.0,0.0
66,agriculture,0.0,0.0,1.0,0.0
67,ahead,0.0,0.0,1.0,0.0
68,albania,0.0,0.0,1.0,0.0
69,all,140.0,0.0,13.0,0.0
70,almost,0.0,0.0,1.0,0.0
71,alone,0.0,0.0,1.0,0.0
72,along,5.0,0.0,4.0,0.0
73,already,0.0,0.0,3.0,0.0
74,also,4.0,0.0,7.0,0.0
75,always,3.0,0.0,6.0,0.0
76,amazed,0.0,0.0,1.0,0.0
77,amazes,0.0,0.0,1.0,0.0
78,amazing,0.0,0.0,4.0,0.0
79,amber,0.0,0.0,2.0,0.0
80,amber's,0.0,0.0,1.0,0.0
81,among,0.0,0.0,1.0,0.0
82,amount,1.0,0.0,2.0,0.0
83,andrea,0.0,0.0,2.0,0.0
84,andrea’s,0.0,0.0,1.0,0.0
85,andrew,0.0,0.0,1.0,0.0
86,anniversary,0.0,0.0,1.0,0.0
87,annual,0.0,0.0,2.0,0.0
88,another,0.0,0.0,3.0,0.0
89,answer,2.0,0.0,1.0,0.0
90,answered,2.0,0.0,0.0,0.0
91,answers,11.0,0.0,1.0,0.0
92,antibiotics,1.0,0.0,0.0,0.0
93,any,16.0,0.0,2.0,0.0
94,anybody,4.0,0.0,0.0,0.0
95,anyone,0.0,0.0,1.0,0.0
96,apparently,2.0,0.0,0.0,0.0
97,appeals,0.0,0.0,1.0,0.0
98,application,2.0,0.0,0.0,0.0
99,appointment,26.0,0.0,0.0,0.0
100,appreciate,1.0,0.0,1.0,0.0
101,arbitrary,11.0,0.0,0.0,0.0
102,area,2.0,0.0,2.0,0.0
103,areas,0.0,0.0,1.0,0.0
104,areolas,1.0,0.0,0.0,0.0
105,around,1.0,0.0,4.0,0.0
106,art,0.0,0.0,1.0,0.0
107,ashamed,2.0,0.0,0.0,0.0
108,ask,2.0,0.0,2.0,0.0
109,asked,0.0,0.0,2.0,0.0
110,asking,4.0,0.0,1.0,0.0
111,aslan,0.0,0.0,1.0,0.0
112,aspect,0.0,0.0,1.0,0.0
113,aspen,0.0,0.0,1.0,0.0
114,associated,2.0,0.0,0.0,0.0
115,assuming,2.0,0.0,0.0,0.0
116,attend,0.0,0.0,3.0,0.0
117,attended,0.0,0.0,1.0,0.0
118,attending,0.0,0.0,2.0,0.0
119,august,0.0,0.0,1.0,0.0
120,australian,0.0,0.0,2.0,0.0
121,author,11.0,0.0,0.0,0.0
122,auto,79.0,0.0,0.0,0.0
123,available,5.0,0.0,1.0,0.0
124,ave,0.0,0.0,27.0,0.0
125,average,1.0,0.0,0.0,0.0
126,aversions,1.0,0.0,0.0,0.0
127,avoid,2.0,0.0,1.0,0.0
128,awaiting,0.0,0.0,1.0,0.0
129,aware,2.0,0.0,0.0,0.0
130,awareness,0.0,0.0,1.0,0.0
131,baby,8.0,0.0,3.0,0.0
132,back,0.0,0.0,1.0,0.0
133,background,0.0,0.0,2.0,0.0
134,backgrounds—and,0.0,0.0,1.0,0.0
135,bad,3.0,0.0,0.0,0.0
136,bag,2.0,0.0,0.0,0.0
137,baird,1.0,0.0,0.0,0.0
138,bait,2.0,0.0,0.0,0.0
139,balance,0.0,0.0,1.0,0.0
140,ball,1.0,0.0,0.0,0.0
141,based,2.0,0.0,0.0,0.0
142,basement,0.0,0.0,1.0,0.0
143,bass,0.0,0.0,1.0,0.0
144,baths,0.0,0.0,1.0,0.0
145,beach,0.0,0.0,1.0,0.0
146,beacon,2.0,0.0,0.0,0.0
147,beautiful,2.0,0.0,3.0,0.0
148,became,0.0,0.0,8.0,0.0
149,because,6.0,0.0,7.0,0.0
150,become,1.0,0.0,3.0,0.0
151,been,9.0,0.0,21.0,0.0
152,before,8.0,0.0,3.0,0.0
153,began,0.0,0.0,2.0,0.0
154,begin,0.0,0.0,2.0,0.0
155,beginning,0.0,0.0,1.0,0.0
156,begins,0.0,0.0,1.0,0.0
157,being,0.0,0.0,10.0,0.0
158,believe,5.0,0.0,2.0,0.0
159,belong,0.0,0.0,1.0,0.0
160,below,11.0,0.0,0.0,0.0
161,benefit,1.0,0.0,0.0,0.0
162,best,14.0,0.0,14.0,0.0
163,bethany,0.0,0.0,14.0,0.0
164,bethany's,0.0,0.0,1.0,0.0
165,bethany’s,0.0,0.0,1.0,0.0
166,betrayed,2.0,0.0,0.0,0.0
167,better,0.0,0.0,5.0,0.0
168,between,0.0,0.0,1.0,0.0
169,bible,0.0,0.0,2.0,0.0
170,big,2.0,0.0,5.0,0.0
171,biggest,0.0,0.0,1.0,0.0
172,biking,0.0,0.0,2.0,0.0
173,biological,0.0,0.0,1.0,0.0
174,birth,6.0,0.0,12.0,0.0
175,birthday,1.0,0.0,0.0,0.0
176,birthdays,0.0,0.0,1.0,0.0
177,bit,0.0,0.0,1.0,0.0
178,bleeding,6.0,0.0,0.0,0.0
179,blessed,0.0,0.0,6.0,0.0
180,blessings,0.0,0.0,1.0,0.0
181,blog,11.0,0.0,1.0,0.0
182,board,0.0,0.0,1.0,0.0
183,body,2.0,0.0,1.0,0.0
184,book,1.0,0.0,2.0,0.0
185,born,0.0,0.0,3.0,0.0
186,both,0.0,0.0,21.0,0.0
187,bought,0.0,0.0,1.0,0.0
188,boy,2.0,0.0,0.0,0.0
189,brave,0.0,0.0,4.0,0.0
190,breasts,3.0,0.0,0.0,0.0
191,bridge,0.0,0.0,1.0,0.0
192,bring,0.0,0.0,2.0,0.0
193,brings,0.0,0.0,1.0,0.0
194,brittany's,0.0,0.0,1.0,0.0
195,brittney’s,0.0,0.0,1.0,0.0
196,brother,0.0,0.0,1.0,0.0
197,brought,2.0,0.0,1.0,0.0
198,bug,1.0,0.0,0.0,0.0
199,build,0.0,0.0,3.0,0.0
200,building,0.0,0.0,1.0,0.0
201,built,0.0,0.0,1.0,0.0
202,business,0.0,0.0,1.0,0.0
203,but,5.0,0.0,9.0,0.0
204,button,0.0,0.0,2.0,0.0
205,buy,0.0,0.0,1.0,0.0
206,buys,0.0,0.0,1.0,0.0
207,calico,0.0,0.0,1.0,0.0
208,call,26.0,0.0,0.0,0.0
209,called,2.0,0.0,0.0,0.0
210,came,2.0,0.0,1.0,0.0
211,camping,0.0,0.0,1.0,0.0
212,can,11.0,0.0,13.0,0.0
213,can't,2.0,0.0,1.0,0.0
214,canfield,1.0,0.0,0.0,0.0
215,cannot,0.0,0.0,2.0,0.0
216,cant,0.0,0.0,1.0,0.0
217,can’t,0.0,0.0,2.0,0.0
218,card,0.0,0.0,2.0,0.0
219,care,63.0,0.0,30.0,0.0
220,cared,2.0,0.0,0.0,0.0
221,careers,0.0,0.0,6.0,0.0
222,caregiver,0.0,0.0,1.0,0.0
223,caring,1.0,0.0,2.0,0.0
224,carolyn,0.0,0.0,2.0,0.0
225,carolyn's,0.0,0.0,1.0,0.0
226,carolyn’s,0.0,0.0,2.0,0.0
227,carried,0.0,0.0,1.0,0.0
228,carrying,2.0,0.0,0.0,0.0
229,cattle,0.0,0.0,2.0,0.0
230,celebrate,0.0,0.0,1.0,0.0
231,celebrating,0.0,0.0,1.0,0.0
232,celebrations,0.0,0.0,1.0,0.0
233,cello,0.0,0.0,2.0,0.0
234,center,26.0,0.0,5.0,0.0
235,centered,0.0,0.0,1.0,0.0
236,centergroupsaboutcreate,1.0,0.0,1.0,0.0
237,centerprivacy,1.0,0.0,1.0,0.0
238,centers,2.0,0.0,0.0,0.0
239,center”,2.0,0.0,0.0,0.0
240,central,0.0,0.0,2.0,0.0
241,ceremony,0.0,0.0,1.0,0.0
242,certified,0.0,0.0,1.0,0.0
243,challenges,0.0,0.0,1.0,0.0
244,chance,0.0,0.0,1.0,0.0
245,chances,1.0,0.0,0.0,0.0
246,change,0.0,0.0,1.0,0.0
247,changed,2.0,0.0,1.0,0.0
248,changing,2.0,0.0,0.0,0.0
249,chapter,0.0,0.0,2.0,0.0
250,characteristics,0.0,0.0,1.0,0.0
251,charismatic,3.0,0.0,0.0,0.0
252,chat,0.0,0.0,3.0,0.0
253,check,15.0,0.0,0.0,0.0
254,child,0.0,0.0,26.0,0.0
255,child's,0.0,0.0,3.0,0.0
256,children,0.0,0.0,14.0,0.0
257,chlamydia,4.0,0.0,0.0,0.0
258,choice,3.0,0.0,1.0,0.0
259,choicestermshelpcontact,1.0,0.0,1.0,0.0
260,choose,0.0,0.0,2.0,0.0
261,chose,0.0,0.0,2.0,0.0
262,chosen,0.0,0.0,3.0,0.0
263,christ,0.0,0.0,2.0,0.0
264,christian,0.0,0.0,11.0,0.0
265,chrome,1.0,0.0,0.0,0.0
266,church,0.0,0.0,15.0,0.0
267,churches,0.0,0.0,2.0,0.0
268,city,0.0,0.0,2.0,0.0
269,clarify,1.0,0.0,0.0,0.0
270,clarity,0.0,0.0,1.0,0.0
271,classes,0.0,0.0,1.0,0.0
272,clear,1.0,0.0,0.0,0.0
273,clearly,3.0,0.0,0.0,0.0
274,client,0.0,0.0,3.0,0.0
275,clients,11.0,0.0,0.0,0.0
276,clinic,2.0,0.0,0.0,0.0
277,close,0.0,0.0,4.0,0.0
278,closed,0.0,0.0,1.0,0.0
279,closes,3.0,0.0,0.0,0.0
280,clothing,2.0,0.0,0.0,0.0
281,clots,1.0,0.0,0.0,0.0
282,club,0.0,0.0,1.0,0.0
283,coast,0.0,0.0,1.0,0.0
284,college,0.0,0.0,2.0,0.0
285,collided,0.0,0.0,1.0,0.0
286,colombia,0.0,0.0,1.0,0.0
287,color,54.0,0.0,0.0,0.0
288,colorado,0.0,0.0,4.0,0.0
289,come,4.0,0.0,1.0,0.0
290,comes,3.0,0.0,2.0,0.0
291,comfort,0.0,0.0,1.0,0.0
292,comfortable,0.0,0.0,1.0,0.0
293,coming,0.0,0.0,1.0,0.0
294,commend,0.0,0.0,1.0,0.0
295,commit,0.0,0.0,2.0,0.0
296,committed,0.0,0.0,6.0,0.0
297,common,5.0,0.0,0.0,0.0
298,communicate,0.0,0.0,1.0,0.0
299,community,1.0,0.0,3.0,0.0
300,complaints,2.0,0.0,0.0,0.0
301,complementary,2.0,0.0,0.0,0.0
302,complete,3.0,0.0,3.0,0.0
303,completely,0.0,0.0,1.0,0.0
304,complications,1.0,0.0,0.0,0.0
305,comprehend,0.0,0.0,1.0,0.0
306,computer,0.0,0.0,2.0,0.0
307,conceive,0.0,0.0,1.0,0.0
308,concerned,4.0,0.0,0.0,0.0
309,concrete,0.0,0.0,2.0,0.0
310,conduct,1.0,0.0,0.0,0.0
311,confidential,3.0,0.0,1.0,0.0
312,confirm,7.0,0.0,0.0,0.0
313,confirmation,1.0,0.0,0.0,0.0
314,confirmed,2.0,0.0,0.0,0.0
315,congratulate,0.0,0.0,1.0,0.0
316,connect,0.0,0.0,3.0,0.0
317,consider,11.0,0.0,2.0,0.0
318,considered,0.0,0.0,3.0,0.0
319,considering,42.0,0.0,3.0,0.0
320,consistently,2.0,0.0,0.0,0.0
321,construction,0.0,0.0,2.0,0.0
322,consulted,0.0,0.0,1.0,0.0
323,contact,38.0,0.0,6.0,0.0
324,contacting,2.0,0.0,0.0,0.0
325,contains,1.0,0.0,0.0,0.0
326,content,1.0,0.0,0.0,0.0
327,contents,1.0,0.0,0.0,0.0
328,contextmenu,2.0,0.0,1.0,0.0
329,continually,0.0,0.0,2.0,0.0
330,continue,0.0,0.0,2.0,0.0
331,control,4.0,0.0,1.0,0.0
332,conveys,0.0,0.0,1.0,0.0
333,convincing,0.0,0.0,1.0,0.0
334,cookies,0.0,0.0,2.0,0.0
335,cooking,0.0,0.0,1.0,0.0
336,copyright,11.0,0.0,0.0,0.0
337,corner,0.0,0.0,1.0,0.0
338,correct,13.0,0.0,0.0,0.0
339,cost,1.0,0.0,0.0,0.0
340,costs,1.0,0.0,0.0,0.0
341,could,1.0,0.0,4.0,0.0
342,couldn't,0.0,0.0,1.0,0.0
343,counseling,0.0,0.0,4.0,0.0
344,counselor,0.0,0.0,4.0,0.0
345,counselors,0.0,0.0,1.0,0.0
346,count,0.0,0.0,1.0,0.0
347,countless,0.0,0.0,1.0,0.0
348,countries,0.0,0.0,2.0,0.0
349,couple,0.0,0.0,1.0,0.0
350,courage,0.0,0.0,2.0,0.0
351,coverage,2.0,0.0,0.0,0.0
352,cpcs,2.0,0.0,0.0,0.0
353,cramping,3.0,0.0,0.0,0.0
354,cravings,2.0,0.0,0.0,0.0
355,create,0.0,0.0,1.0,0.0
356,creative,0.0,0.0,1.0,0.0
357,crib,0.0,0.0,1.0,0.0
358,critical,1.0,0.0,0.0,0.0
359,cross,0.0,0.0,1.0,0.0
360,crucial,11.0,0.0,1.0,0.0
361,cultivate,0.0,0.0,1.0,0.0
362,cultural,0.0,0.0,1.0,0.0
363,curious,0.0,0.0,1.0,0.0
364,currently,0.0,0.0,2.0,0.0
365,customized,1.0,0.0,0.0,0.0
366,cycles,0.0,0.0,1.0,0.0
367,dachshund,0.0,0.0,1.0,0.0
368,daniel,11.0,0.0,0.0,0.0
369,darkening,1.0,0.0,0.0,0.0
370,dated,0.0,0.0,2.0,0.0
371,datepickerlang,1.0,0.0,0.0,0.0
372,dating,0.0,0.0,4.0,0.0
373,daughter,2.0,0.0,0.0,0.0
374,dave,0.0,0.0,2.0,0.0
375,dave’s,0.0,0.0,1.0,0.0
376,day,3.0,0.0,3.0,0.0
377,daylight,2.0,0.0,1.0,0.0
378,days,4.0,0.0,1.0,0.0
379,dead,2.0,0.0,1.0,0.0
380,dealing,0.0,0.0,1.0,0.0
381,deceived,2.0,0.0,0.0,0.0
382,december,0.0,0.0,1.0,0.0
383,decide,2.0,0.0,2.0,0.0
384,decided,0.0,0.0,4.0,0.0
385,decision,7.0,0.0,15.0,0.0
386,decisions,0.0,0.0,3.0,0.0
387,decorating,0.0,0.0,1.0,0.0
388,deep,0.0,0.0,3.0,0.0
389,deeper,0.0,0.0,1.0,0.0
390,definitely,0.0,0.0,1.0,0.0
391,degree,0.0,0.0,1.0,0.0
392,degrees,1.0,0.0,0.0,0.0
393,delay,3.0,0.0,0.0,0.0
394,dennis,0.0,0.0,3.0,0.0
395,dennis’,0.0,0.0,1.0,0.0
396,depend,0.0,0.0,1.0,0.0
397,depending,1.0,0.0,0.0,0.0
398,depends,0.0,0.0,1.0,0.0
399,depression,1.0,0.0,0.0,0.0
400,describes,0.0,0.0,1.0,0.0
401,deserves,0.0,0.0,1.0,0.0
402,design,0.0,0.0,1.0,0.0
403,desire,0.0,0.0,7.0,0.0
404,detail,0.0,0.0,1.0,0.0
405,details,4.0,0.0,1.0,0.0
406,determine,6.0,0.0,1.0,0.0
407,diagnosed,0.0,0.0,1.0,0.0
408,did,4.0,0.0,0.0,0.0
409,didn't,0.0,0.0,2.0,0.0
410,different,0.0,0.0,5.0,0.0
411,difficult,0.0,0.0,6.0,0.0
412,difficulty,0.0,0.0,1.0,0.0
413,dig,2.0,0.0,0.0,0.0
414,dignity,1.0,0.0,0.0,0.0
415,dinner,0.0,0.0,1.0,0.0
416,directions,1.0,0.0,0.0,0.0
417,discharge,1.0,0.0,0.0,0.0
418,disclose,1.0,0.0,0.0,0.0
419,discovered,0.0,0.0,1.0,0.0
420,discuss,2.0,0.0,0.0,0.0
421,discussed,0.0,0.0,3.0,0.0
422,disease,1.0,0.0,1.0,0.0
423,disgusting,2.0,0.0,0.0,0.0
424,dislike,0.0,0.0,1.0,0.0
425,display,8.0,0.0,8.0,0.0
426,distance,0.0,0.0,2.0,0.0
427,divi,33.0,0.0,0.0,0.0
428,dizziness,1.0,0.0,0.0,0.0
429,doctor,3.0,0.0,1.0,0.0
430,doctor's,2.0,0.0,0.0,0.0
431,document,1.0,0.0,0.0,0.0
432,does,13.0,0.0,1.0,0.0
433,doesn't,1.0,0.0,1.0,0.0
434,dog,0.0,0.0,1.0,0.0
435,dogs,0.0,0.0,1.0,0.0
436,doing,4.0,0.0,4.0,0.0
437,don't,6.0,0.0,1.0,0.0
438,donate,0.0,0.0,5.0,0.0
439,donation,0.0,0.0,2.0,0.0
440,don’t,4.0,0.0,1.0,0.0
441,doubts,1.0,0.0,0.0,0.0
442,down,0.0,0.0,1.0,0.0
443,downtown,0.0,0.0,1.0,0.0
444,dream,0.0,0.0,2.0,0.0
445,dreamed,0.0,0.0,1.0,0.0
446,drink,1.0,0.0,0.0,0.0
447,drive,0.0,0.0,1.0,0.0
448,drives,0.0,0.0,1.0,0.0
449,driving,1.0,0.0,0.0,0.0
450,drowsiness,1.0,0.0,0.0,0.0
451,during,0.0,0.0,3.0,0.0
452,each,0.0,0.0,10.0,0.0
453,eager,0.0,0.0,1.0,0.0
454,eagerly,0.0,0.0,1.0,0.0
455,early,4.0,0.0,0.0,0.0
456,ease,49.0,0.0,0.0,0.0
457,easily,0.0,0.0,2.0,0.0
458,eastern,0.0,0.0,27.0,0.0
459,easy,9.0,0.0,1.0,0.0
460,eat,1.0,0.0,0.0,0.0
461,eden,11.0,0.0,0.0,0.0
462,effects,3.0,0.0,0.0,0.0
463,eight,0.0,0.0,2.0,0.0
464,either,0.0,0.0,2.0,0.0
465,elegant,11.0,0.0,0.0,0.0
466,elementary,0.0,0.0,2.0,0.0
467,elementor,1.0,0.0,0.0,0.0
468,elevator,0.0,0.0,1.0,0.0
469,eligible,1.0,0.0,0.0,0.0
470,eliminated,2.0,0.0,1.0,0.0
471,else,6.0,0.0,6.0,0.0
472,emergency,1.0,0.0,2.0,0.0
473,emotions,0.0,0.0,1.0,0.0
474,empower,0.0,0.0,4.0,0.0
475,empowerment,0.0,0.0,2.0,0.0
476,empty,2.0,0.0,1.0,0.0
477,enable,2.0,0.0,1.0,0.0
478,encountered,0.0,0.0,2.0,0.0
479,encourage,3.0,0.0,0.0,0.0
480,end,5.0,0.0,0.0,0.0
481,engage,0.0,0.0,2.0,0.0
482,engaged,0.0,0.0,2.0,0.0
483,engl,1.0,0.0,0.0,0.0
484,english,0.0,0.0,1.0,0.0
485,enjoy,0.0,0.0,9.0,0.0
486,enjoying,0.0,0.0,1.0,0.0
487,enjoys,0.0,0.0,1.0,0.0
488,enough,2.0,0.0,2.0,0.0
489,ensure,0.0,0.0,2.0,0.0
490,enter,1.0,0.0,0.0,0.0
491,entered,22.0,0.0,0.0,0.0
492,entering,0.0,0.0,1.0,0.0
493,entire,0.0,0.0,1.0,0.0
494,environment,0.0,0.0,1.0,0.0
495,error,3.0,0.0,0.0,0.0
496,especially,1.0,0.0,1.0,0.0
497,ethiopia,0.0,0.0,1.0,0.0
498,etsy,0.0,0.0,1.0,0.0
499,evaluation,6.0,0.0,0.0,0.0
500,eve,0.0,0.0,1.0,0.0
501,even,4.0,0.0,7.0,0.0
502,evening,0.0,0.0,1.0,0.0
503,event,0.0,0.0,2.0,0.0
504,events,0.0,0.0,8.0,0.0
505,eventually,0.0,0.0,1.0,0.0
506,ever,0.0,0.0,1.0,0.0
507,every,5.0,0.0,12.0,0.0
508,everyday,0.0,0.0,1.0,0.0
509,everyone,2.0,0.0,2.0,0.0
510,everything,0.0,0.0,2.0,0.0
511,evident,0.0,0.0,1.0,0.0
512,example,0.0,0.0,1.0,0.0
513,exceeds,1.0,0.0,0.0,0.0
514,excellent,0.0,0.0,1.0,0.0
515,exchange,0.0,0.0,1.0,0.0
516,excited,0.0,0.0,5.0,0.0
517,excitement,0.0,0.0,1.0,0.0
518,exciting,0.0,0.0,1.0,0.0
519,exercise,1.0,0.0,0.0,0.0
520,exit,3.0,0.0,0.0,0.0
521,expand,0.0,0.0,1.0,0.0
522,expectant,0.0,0.0,9.0,0.0
523,expected,0.0,0.0,1.0,0.0
524,experience,12.0,0.0,4.0,0.0
525,explanation,0.0,0.0,1.0,0.0
526,explore,0.0,0.0,1.0,0.0
527,exploring,0.0,0.0,2.0,0.0
528,exposing,2.0,0.0,0.0,0.0
529,express,0.0,0.0,1.0,0.0
530,extended,0.0,0.0,2.0,0.0
531,extremely,0.0,0.0,1.0,0.0
532,fabulous,0.0,0.0,1.0,0.0
533,facebook,1.0,0.0,1.0,0.0
534,facebookenglish,1.0,0.0,1.0,0.0
535,facebookyou,1.0,0.0,1.0,0.0
536,facility,7.0,0.0,0.0,0.0
537,facing,6.0,0.0,2.0,0.0
538,fact,4.0,0.0,0.0,0.0
539,failed,0.0,0.0,1.0,0.0
540,fairly,0.0,0.0,2.0,0.0
541,faith,0.0,0.0,6.0,0.0
542,faithful,0.0,0.0,1.0,0.0
543,fake,4.0,0.0,0.0,0.0
544,false,2.0,0.0,0.0,0.0
545,familiar,2.0,0.0,0.0,0.0
546,families,0.0,0.0,18.0,0.0
547,family,2.0,0.0,48.0,0.0
548,family's,0.0,0.0,1.0,0.0
549,far,5.0,0.0,1.0,0.0
550,farmers,0.0,0.0,1.0,0.0
551,fast,2.0,0.0,1.0,0.0
552,favorite,0.0,0.0,4.0,0.0
553,february,0.0,0.0,1.0,0.0
554,feel,4.0,0.0,6.0,0.0
555,feeling,2.0,0.0,1.0,0.0
556,felt,2.0,0.0,4.0,0.0
557,female,0.0,0.0,2.0,0.0
558,fever,1.0,0.0,0.0,0.0
559,few,0.0,0.0,4.0,0.0
560,fields,11.0,0.0,0.0,0.0
561,file,4.0,0.0,0.0,0.0
562,filed,2.0,0.0,0.0,0.0
563,files,1.0,0.0,0.0,0.0
564,fill,11.0,0.0,0.0,0.0
565,filled,0.0,0.0,1.0,0.0
566,finally,0.0,0.0,1.0,0.0
567,financial,2.0,0.0,0.0,0.0
568,financially,1.0,0.0,0.0,0.0
569,find,4.0,0.0,8.0,0.0
570,first,39.0,0.0,8.0,0.0
571,five,0.0,0.0,1.0,0.0
572,fix,12.0,0.0,0.0,0.0
573,florida,0.0,0.0,1.0,0.0
574,focus,0.0,0.0,1.0,0.0
575,focused,0.0,0.0,1.0,0.0
576,follow,0.0,0.0,1.0,0.0
577,followed,1.0,0.0,0.0,0.0
578,following,30.0,0.0,1.0,0.0
579,food,3.0,0.0,0.0,0.0
580,football,0.0,0.0,1.0,0.0
581,foreigners,2.0,0.0,0.0,0.0
582,foreman,0.0,0.0,1.0,0.0
583,foretelling,0.0,0.0,1.0,0.0
584,forever,2.0,0.0,0.0,0.0
585,forgetting,0.0,0.0,1.0,0.0
586,form,1.0,0.0,2.0,0.0
587,forminatorfront,1.0,0.0,0.0,0.0
588,fortunate,0.0,0.0,1.0,0.0
589,forward,2.0,0.0,3.0,0.0
590,foster,0.0,0.0,23.0,0.0
591,fostering,0.0,0.0,1.0,0.0
592,found,4.0,0.0,2.0,0.0
593,four,0.0,0.0,2.0,0.0
594,francesco,0.0,0.0,6.0,0.0
595,francesco's,0.0,0.0,1.0,0.0
596,fredericksburg,0.0,0.0,1.0,0.0
597,free,23.0,0.0,2.0,0.0
598,frequent,1.0,0.0,0.0,0.0
599,frequently,0.0,0.0,1.0,0.0
600,friendly,0.0,0.0,2.0,0.0
601,friends,0.0,0.0,16.0,0.0
602,full,3.0,0.0,6.0,0.0
603,fully,2.0,0.0,0.0,0.0
604,fun,0.0,0.0,2.0,0.0
605,function,7.0,0.0,9.0,0.0
606,fundraiser,0.0,0.0,1.0,0.0
607,fundraising,0.0,0.0,2.0,0.0
608,future,0.0,0.0,2.0,0.0
609,games,0.0,0.0,2.0,0.0
610,gardnerella,1.0,0.0,0.0,0.0
611,gave,2.0,0.0,0.0,0.0
612,general,12.0,0.0,0.0,0.0
613,genital,1.0,0.0,0.0,0.0
614,gently,1.0,0.0,0.0,0.0
615,gestational,2.0,0.0,0.0,0.0
616,get,6.0,0.0,18.0,0.0
617,gets,0.0,0.0,3.0,0.0
618,getting,3.0,0.0,2.0,0.0
619,ghana,0.0,0.0,1.0,0.0
620,gift,0.0,0.0,3.0,0.0
621,gifts,0.0,0.0,1.0,0.0
622,give,15.0,0.0,8.0,0.0
623,given,1.0,0.0,1.0,0.0
624,gives,2.0,0.0,2.0,0.0
625,giving,0.0,0.0,3.0,0.0
626,glad,2.0,0.0,1.0,0.0
627,global,0.0,0.0,16.0,0.0
628,glorify,0.0,0.0,1.0,0.0
629,gnu,11.0,0.0,0.0,0.0
630,goal,0.0,0.0,1.0,0.0
631,god,0.0,0.0,24.0,0.0
632,god's,0.0,0.0,2.0,0.0
633,going,2.0,0.0,11.0,0.0
634,golf,1.0,0.0,0.0,0.0
635,good,5.0,0.0,6.0,0.0
636,google,10.0,0.0,2.0,0.0
637,googled,2.0,0.0,0.0,0.0
638,gospel,0.0,0.0,1.0,0.0
639,got,2.0,0.0,4.0,0.0
640,gradually,0.0,0.0,1.0,0.0
641,grand,0.0,0.0,17.0,0.0
642,grandparents,0.0,0.0,1.0,0.0
643,graphic,0.0,0.0,1.0,0.0
644,grateful,0.0,0.0,5.0,0.0
645,great,5.0,0.0,5.0,0.0
646,greatly,1.0,0.0,0.0,0.0
647,green,0.0,0.0,1.0,0.0
648,greenwich,22.0,0.0,0.0,0.0
649,gregory,0.0,0.0,2.0,0.0
650,grievance,0.0,0.0,2.0,0.0
651,grieve,0.0,0.0,1.0,0.0
652,group,0.0,0.0,2.0,0.0
653,grow,0.0,0.0,6.0,0.0
654,growing,0.0,0.0,5.0,0.0
655,grown,0.0,0.0,2.0,0.0
656,guessing,2.0,0.0,0.0,0.0
657,guidance,0.0,0.0,1.0,0.0
658,guide,4.0,0.0,3.0,0.0
659,guided,1.0,0.0,0.0,0.0
660,guilt,2.0,0.0,0.0,0.0
661,guy,0.0,0.0,1.0,0.0
662,gynecologica,1.0,0.0,0.0,0.0
663,had,6.0,0.0,10.0,0.0
664,haiti,0.0,0.0,1.0,0.0
665,handful,0.0,0.0,1.0,0.0
666,hang,0.0,0.0,1.0,0.0
667,hanging,0.0,0.0,3.0,0.0
668,happily,0.0,0.0,2.0,0.0
669,happy,1.0,0.0,0.0,0.0
670,hard,5.0,0.0,1.0,0.0
671,hardworking,0.0,0.0,1.0,0.0
672,harm,0.0,0.0,1.0,0.0
673,harmony,90.0,0.0,0.0,0.0
674,hassle,2.0,0.0,0.0,0.0
675,have,35.0,0.0,65.0,0.0
676,haven't,2.0,0.0,0.0,0.0
677,having,2.0,0.0,5.0,0.0
678,he's,0.0,0.0,2.0,0.0
679,headquarters,0.0,0.0,2.0,0.0
680,health,16.0,0.0,0.0,0.0
681,healthy,4.0,0.0,1.0,0.0
682,hear,2.0,0.0,0.0,0.0
683,heard,0.0,0.0,1.0,0.0
684,heart,1.0,0.0,1.0,0.0
685,hearts,0.0,0.0,6.0,0.0
686,heavy,2.0,0.0,0.0,0.0
687,heck,0.0,0.0,1.0,0.0
688,heeler,0.0,0.0,1.0,0.0
689,heisterberg,1.0,0.0,0.0,0.0
690,heller,0.0,0.0,1.0,0.0
691,help,14.0,0.0,12.0,0.0
692,helped,0.0,0.0,2.0,0.0
693,helping,0.0,0.0,2.0,0.0
694,her,2.0,0.0,6.0,0.0
695,here,12.0,0.0,2.0,0.0
696,hesitate,1.0,0.0,0.0,0.0
697,high,0.0,0.0,1.0,0.0
698,highlight,0.0,0.0,1.0,0.0
699,highly,1.0,0.0,0.0,0.0
700,hiking,0.0,0.0,1.0,0.0
701,hill,0.0,0.0,1.0,0.0
702,him,0.0,0.0,4.0,0.0
703,himself,0.0,0.0,1.0,0.0
704,his,0.0,0.0,11.0,0.0
705,history,1.0,0.0,0.0,0.0
706,hit,0.0,0.0,2.0,0.0
707,hobbies,0.0,0.0,1.0,0.0
708,holiday,0.0,0.0,1.0,0.0
709,holidays,0.0,0.0,1.0,0.0
710,home,7.0,0.0,13.0,0.0
711,homebuilders,0.0,0.0,2.0,0.0
712,homemade,0.0,0.0,1.0,0.0
713,homes,0.0,0.0,1.0,0.0
714,honor,0.0,0.0,3.0,0.0
715,honored,0.0,0.0,3.0,0.0
716,hop,2.0,0.0,0.0,0.0
717,hope,0.0,0.0,9.0,0.0
718,hoped,0.0,0.0,1.0,0.0
719,hopeless,0.0,0.0,1.0,0.0
720,hoping,0.0,0.0,2.0,0.0
721,hormones,5.0,0.0,0.0,0.0
722,horticulture,0.0,0.0,1.0,0.0
723,hour,1.0,0.0,0.0,0.0
724,hours,1.0,0.0,0.0,0.0
725,house,0.0,0.0,2.0,0.0
726,housebroken,0.0,0.0,2.0,0.0
727,how,11.0,0.0,11.0,0.0
728,html,11.0,0.0,0.0,0.0
729,huge,0.0,0.0,1.0,0.0
730,human,2.0,0.0,0.0,0.0
731,humor,0.0,0.0,1.0,0.0
732,hypo,0.0,0.0,1.0,0.0
733,i'm,4.0,0.0,0.0,0.0
734,i've,2.0,0.0,0.0,0.0
735,idea,0.0,0.0,1.0,0.0
736,illness,1.0,0.0,0.0,0.0
737,imagine,0.0,0.0,2.0,0.0
738,imagining,0.0,0.0,1.0,0.0
739,immediate,0.0,0.0,1.0,0.0
740,immediately,1.0,0.0,1.0,0.0
741,immigrant,0.0,0.0,12.0,0.0
742,immigrants,0.0,0.0,1.0,0.0
743,immunoglobulin,1.0,0.0,0.0,0.0
744,important,8.0,0.0,7.0,0.0
745,incidence,1.0,0.0,0.0,0.0
746,include,0.0,0.0,2.0,0.0
747,includes,1.0,0.0,1.0,0.0
748,including,1.0,0.0,2.0,0.0
749,increase,1.0,0.0,0.0,0.0
750,increased,1.0,0.0,0.0,0.0
751,increases,1.0,0.0,0.0,0.0
752,incredibly,2.0,0.0,3.0,0.0
753,indeed,0.0,0.0,1.0,0.0
754,independent,0.0,0.0,2.0,0.0
755,indicate,1.0,0.0,0.0,0.0
756,individual,0.0,0.0,2.0,0.0
757,individuals,0.0,0.0,2.0,0.0
758,infant,0.0,0.0,2.0,0.0
759,infection,3.0,0.0,0.0,0.0
760,infertility,0.0,0.0,4.0,0.0
761,inflammatory,4.0,0.0,0.0,0.0
762,info,13.0,0.0,0.0,0.0
763,inforgot,1.0,0.0,1.0,0.0
764,information,10.0,0.0,1.0,0.0
765,informed,1.0,0.0,0.0,0.0
766,initial,0.0,0.0,1.0,0.0
767,inmessengerfacebook,1.0,0.0,1.0,0.0
768,insertions,1.0,0.0,0.0,0.0
769,inside,0.0,0.0,1.0,0.0
770,instagram,2.0,0.0,2.0,0.0
771,instant,0.0,0.0,1.0,0.0
772,instead,0.0,0.0,1.0,0.0
773,institutes,1.0,0.0,0.0,0.0
774,insurance,4.0,0.0,0.0,0.0
775,insure,0.0,0.0,1.0,0.0
776,interacted,0.0,0.0,1.0,0.0
777,intercourse,2.0,0.0,0.0,0.0
778,interest,2.0,0.0,1.0,0.0
779,interested,0.0,0.0,1.0,0.0
780,intimate,0.0,0.0,1.0,0.0
781,into,12.0,0.0,11.0,0.0
782,introduce,0.0,0.0,1.0,0.0
783,invite,0.0,0.0,2.0,0.0
784,involved,0.0,0.0,4.0,0.0
785,island,0.0,0.0,1.0,0.0
786,isn’t,4.0,0.0,0.0,0.0
787,it's,0.0,0.0,1.0,0.0
788,it’s,2.0,0.0,1.0,0.0
789,jack,0.0,0.0,1.0,0.0
790,jake,0.0,0.0,3.0,0.0
791,january,0.0,0.0,2.0,0.0
792,javascript,2.0,0.0,1.0,0.0
793,jesus,0.0,0.0,2.0,0.0
794,job,0.0,0.0,2.0,0.0
795,jobs,0.0,0.0,1.0,0.0
796,journey,3.0,0.0,3.0,0.0
797,joy,2.0,0.0,1.0,0.0
798,judith,0.0,0.0,4.0,0.0
799,judith’s,0.0,0.0,1.0,0.0
800,july,0.0,0.0,1.0,0.0
801,june,0.0,0.0,1.0,0.0
802,juniors,0.0,0.0,1.0,0.0
803,just,12.0,0.0,5.0,0.0
804,keeping,11.0,0.0,0.0,0.0
805,kept,0.0,0.0,1.0,0.0
806,keypress,2.0,0.0,1.0,0.0
807,keys,1.0,0.0,1.0,0.0
808,kids,2.0,0.0,5.0,0.0
809,kind,1.0,0.0,1.0,0.0
810,kindness,2.0,0.0,0.0,0.0
811,knew,0.0,0.0,10.0,0.0
812,know,7.0,0.0,21.0,0.0
813,knowing,1.0,0.0,2.0,0.0
814,known,0.0,0.0,5.0,0.0
815,knows,0.0,0.0,1.0,0.0
816,kristen,0.0,0.0,3.0,0.0
817,kyle,0.0,0.0,3.0,0.0
818,kyle's,0.0,0.0,1.0,0.0
819,lab,4.0,0.0,1.0,0.0
820,laborer,0.0,0.0,1.0,0.0
821,lance,0.0,0.0,1.0,0.0
822,large,1.0,0.0,1.0,0.0
823,last,7.0,0.0,1.0,0.0
824,lasting,0.0,0.0,1.0,0.0
825,lasts,3.0,0.0,0.0,0.0
826,later,2.0,0.0,3.0,0.0
827,laugh,0.0,0.0,1.0,0.0
828,lead,0.0,0.0,1.0,0.0
829,leadership,0.0,0.0,2.0,0.0
830,leading,0.0,0.0,2.0,0.0
831,learn,12.0,0.0,6.0,0.0
832,least,2.0,0.0,0.0,0.0
833,leave,2.0,0.0,3.0,0.0
834,legacy,0.0,0.0,3.0,0.0
835,legit,3.0,0.0,0.0,0.0
836,length,2.0,0.0,1.0,0.0
837,let,13.0,0.0,2.0,0.0
838,letter,2.0,0.0,3.0,0.0
839,letters,0.0,0.0,1.0,0.0
840,let’s,0.0,0.0,1.0,0.0
841,level,0.0,0.0,1.0,0.0
842,lexi,0.0,0.0,2.0,0.0
843,license,33.0,0.0,0.0,0.0
844,licensed,11.0,0.0,0.0,0.0
845,lie,0.0,0.0,1.0,0.0
846,life,1.0,0.0,9.0,0.0
847,life's,0.0,0.0,1.0,0.0
848,lifting,1.0,0.0,0.0,0.0
849,light,4.0,0.0,0.0,0.0
850,like,7.0,0.0,5.0,0.0
851,likelihood,1.0,0.0,0.0,0.0
852,likely,2.0,0.0,1.0,0.0
853,limited,1.0,0.0,0.0,0.0
854,link,1.0,0.0,0.0,0.0
855,list,2.0,0.0,0.0,0.0
856,little,2.0,0.0,7.0,0.0
857,live,0.0,0.0,7.0,0.0
858,lived,0.0,0.0,3.0,0.0
859,lively,0.0,0.0,1.0,0.0
860,lives,0.0,0.0,11.0,0.0
861,living,0.0,0.0,2.0,0.0
862,local,3.0,0.0,5.0,0.0
863,locating,1.0,0.0,1.0,0.0
864,location,11.0,0.0,0.0,0.0
865,locations,0.0,0.0,8.0,0.0
866,log,3.0,0.0,3.0,0.0
867,long,2.0,0.0,3.0,0.0
868,look,4.0,0.0,6.0,0.0
869,looked,2.0,0.0,0.0,0.0
870,looking,9.0,0.0,4.0,0.0
871,lord,0.0,0.0,3.0,0.0
872,loss,1.0,0.0,2.0,0.0
873,lot,1.0,0.0,1.0,0.0
874,lots,0.0,0.0,2.0,0.0
875,love,0.0,0.0,36.0,0.0
876,loved,2.0,0.0,1.0,0.0
877,loves,0.0,0.0,5.0,0.0
878,loving,2.0,0.0,4.0,0.0
879,lovingly,0.0,0.0,1.0,0.0
880,mackinac,0.0,0.0,1.0,0.0
881,made,0.0,0.0,6.0,0.0
882,main,31.0,0.0,0.0,0.0
883,make,38.0,0.0,11.0,0.0
884,makes,0.0,0.0,2.0,0.0
885,making,1.0,0.0,4.0,0.0
886,male,0.0,0.0,1.0,0.0
887,managing,0.0,0.0,1.0,0.0
888,manx,0.0,0.0,1.0,0.0
889,many,11.0,0.0,10.0,0.0
890,maps,3.0,0.0,1.0,0.0
891,market,0.0,0.0,1.0,0.0
892,marriage,0.0,0.0,2.0,0.0
893,married,0.0,0.0,16.0,0.0
894,marry,0.0,0.0,3.0,0.0
895,matter,0.0,0.0,2.0,0.0
896,may,1.0,0.0,1.0,0.0
897,maybe,2.0,0.0,0.0,0.0
898,mazing,0.0,0.0,1.0,0.0
899,meals,0.0,0.0,2.0,0.0
900,mean,0.0,0.0,1.0,0.0
901,measure,2.0,0.0,0.0,0.0
902,mechanic,2.0,0.0,0.0,0.0
903,media,11.0,0.0,0.0,0.0
904,medical,8.0,0.0,2.0,0.0
905,medically,2.0,0.0,0.0,0.0
906,meet,1.0,0.0,5.0,0.0
907,meeting,0.0,0.0,2.0,0.0
908,meets,0.0,0.0,1.0,0.0
909,member,0.0,0.0,1.0,0.0
910,members’,0.0,0.0,1.0,0.0
911,mention,0.0,0.0,1.0,0.0
912,met,0.0,0.0,8.0,0.0
913,meta,1.0,0.0,1.0,0.0
914,michigan,0.0,0.0,2.0,0.0
915,middle,0.0,0.0,3.0,0.0
916,midst,2.0,0.0,0.0,0.0
917,midwest,0.0,0.0,1.0,0.0
918,might,8.0,0.0,0.0,0.0
919,million,2.0,0.0,0.0,0.0
920,milliseconds,1.0,0.0,0.0,0.0
921,mind,6.0,0.0,1.0,0.0
922,minus,2.0,0.0,2.0,0.0
923,minute,0.0,0.0,1.0,0.0
924,miracle,0.0,0.0,2.0,0.0
925,mirror,0.0,0.0,1.0,0.0
926,misleading,2.0,0.0,0.0,0.0
927,missed,5.0,0.0,0.0,0.0
928,missing,1.0,0.0,1.0,0.0
929,mit,11.0,0.0,0.0,0.0
930,mix,0.0,0.0,3.0,0.0
931,money,2.0,0.0,0.0,0.0
932,montessori,0.0,0.0,1.0,0.0
933,monthly,1.0,0.0,0.0,0.0
934,months,18.0,0.0,1.0,0.0
935,more,17.0,0.0,9.0,0.0
936,most,16.0,0.0,4.0,0.0
937,mot,2.0,0.0,0.0,0.0
938,mother,0.0,0.0,3.0,0.0
939,mothers,0.0,0.0,3.0,0.0
940,mountain,0.0,0.0,1.0,0.0
941,mousedown,2.0,0.0,1.0,0.0
942,move,0.0,0.0,1.0,0.0
943,moved,0.0,0.0,2.0,0.0
944,movie,0.0,0.0,2.0,0.0
945,much,11.0,0.0,8.0,0.0
946,multicultural,0.0,0.0,1.0,0.0
947,must,5.0,0.0,4.0,0.0
948,nadia,0.0,0.0,1.0,0.0
949,name,2.0,0.0,0.0,0.0
950,named,0.0,0.0,3.0,0.0
951,names,0.0,0.0,2.0,0.0
952,nate,0.0,0.0,1.0,0.0
953,nate’s,0.0,0.0,1.0,0.0
954,national,1.0,0.0,0.0,0.0
955,native,0.0,0.0,2.0,0.0
956,naturally,0.0,0.0,2.0,0.0
957,nausea,1.0,0.0,0.0,0.0
958,nav,11.0,0.0,0.0,0.0
959,near,0.0,0.0,3.0,0.0
960,need,16.0,0.0,1.0,0.0
961,negative,1.0,0.0,0.0,0.0
962,neighborhood,0.0,0.0,2.0,0.0
963,neighborhood’s,0.0,0.0,1.0,0.0
964,neighbors,0.0,0.0,1.0,0.0
965,nephews,0.0,0.0,1.0,0.0
966,network,0.0,0.0,1.0,0.0
967,never,0.0,0.0,4.0,0.0
968,new,10.0,0.0,16.0,0.0
969,news,0.0,0.0,1.0,0.0
970,next,6.0,0.0,1.0,0.0
971,niagara,0.0,0.0,1.0,0.0
972,nice,0.0,0.0,1.0,0.0
973,nieces,0.0,0.0,4.0,0.0
974,none,3.0,0.0,0.0,0.0
975,normal,1.0,0.0,2.0,0.0
976,north,11.0,0.0,0.0,0.0
977,not,45.0,0.0,10.0,0.0
978,note,1.0,0.0,0.0,0.0
979,notice,2.0,0.0,0.0,0.0
980,now,0.0,0.0,3.0,0.0
981,number,15.0,0.0,1.0,0.0
982,nurse,2.0,0.0,0.0,0.0
983,nursery,0.0,0.0,1.0,0.0
984,nurtures,0.0,0.0,1.0,0.0
985,objects,1.0,0.0,0.0,0.0
986,obstetric,3.0,0.0,0.0,0.0
987,obstetricia,1.0,0.0,0.0,0.0
988,obvious,2.0,0.0,1.0,0.0
989,occasional,0.0,0.0,1.0,0.0
990,occupational,0.0,0.0,1.0,0.0
991,occurred,3.0,0.0,0.0,0.0
992,off,0.0,0.0,2.0,0.0
993,offer,11.0,0.0,2.0,0.0
994,offered,2.0,0.0,0.0,0.0
995,offering,0.0,0.0,1.0,0.0
996,office,2.0,0.0,0.0,0.0
997,official,0.0,0.0,1.0,0.0
998,often,0.0,0.0,2.0,0.0
999,old,2.0,0.0,7.0,0.0
1000,older,0.0,0.0,1.0,0.0
1001,oliver,0.0,0.0,1.0,0.0
1002,oliver's,0.0,0.0,1.0,0.0
1003,one,11.0,0.0,15.0,0.0
1004,online,28.0,0.0,1.0,0.0
1005,only,68.0,0.0,4.0,0.0
1006,onto,2.0,0.0,0.0,0.0
1007,opacity,72.0,0.0,0.0,0.0
1008,open,0.0,0.0,2.0,0.0
1009,opportunity,0.0,0.0,5.0,0.0
1010,option,2.0,0.0,1.0,0.0
1011,options,18.0,0.0,3.0,0.0
1012,order,2.0,0.0,1.0,0.0
1013,originally,0.0,0.0,2.0,0.0
1014,other,14.0,0.0,12.0,0.0
1015,our,81.0,0.0,162.0,0.0
1016,ourselves,0.0,0.0,1.0,0.0
1017,out,10.0,0.0,9.0,0.0
1018,outdoors,0.0,0.0,1.0,0.0
1019,outside,0.0,0.0,1.0,0.0
1020,over,2.0,0.0,5.0,0.0
1021,ovigstad,1.0,0.0,0.0,0.0
1022,owen,0.0,0.0,1.0,0.0
1023,own,9.0,0.0,4.0,0.0
1024,owner,2.0,0.0,0.0,0.0
1025,owner's,2.0,0.0,0.0,0.0
1026,o’connor,1.0,0.0,0.0,0.0
1027,page,9.0,0.0,0.0,0.0
1028,pain,1.0,0.0,0.0,0.0
1029,paint,0.0,0.0,1.0,0.0
1030,paints,0.0,0.0,1.0,0.0
1031,paramedic,0.0,0.0,2.0,0.0
1032,parent,0.0,0.0,2.0,0.0
1033,parenthood,2.0,0.0,0.0,0.0
1034,parenting,0.0,0.0,1.0,0.0
1035,parents,0.0,0.0,13.0,0.0
1036,parish,0.0,0.0,1.0,0.0
1037,park,0.0,0.0,1.0,0.0
1038,parking,11.0,0.0,0.0,0.0
1039,part,1.0,0.0,8.0,0.0
1040,participating,0.0,0.0,1.0,0.0
1041,parties,0.0,0.0,1.0,0.0
1042,party,0.0,0.0,2.0,0.0
1043,passing,1.0,0.0,0.0,0.0
1044,past,0.0,0.0,2.0,0.0
1045,path,0.0,0.0,4.0,0.0
1046,patient,2.0,0.0,0.0,0.0
1047,patient's,1.0,0.0,0.0,0.0
1048,patients,4.0,0.0,0.0,0.0
1049,pay,4.0,0.0,0.0,0.0
1050,payload,2.0,0.0,2.0,0.0
1051,payment,1.0,0.0,0.0,0.0
1052,peace,2.0,0.0,1.0,0.0
1053,peaceful,0.0,0.0,1.0,0.0
1054,pelvic,4.0,0.0,0.0,0.0
1055,pennsylvania,0.0,0.0,2.0,0.0
1056,people,16.0,0.0,2.0,0.0
1057,per,0.0,0.0,1.0,0.0
1058,perfect,0.0,0.0,1.0,0.0
1059,performance,2.0,0.0,0.0,0.0
1060,period,4.0,0.0,0.0,0.0
1061,persist,1.0,0.0,0.0,0.0
1062,person,2.0,0.0,2.0,0.0
1063,personal,2.0,0.0,0.0,0.0
1064,phone,1.0,0.0,3.0,0.0
1065,photos,2.0,0.0,3.0,0.0
1066,physical,1.0,0.0,0.0,0.0
1067,picture,0.0,0.0,1.0,0.0
1068,pictures,0.0,0.0,1.0,0.0
1069,piece,0.0,0.0,1.0,0.0
1070,pieces,1.0,0.0,2.0,0.0
1071,pit,0.0,0.0,1.0,0.0
1072,pitbull,0.0,0.0,2.0,0.0
1073,place,12.0,0.0,3.0,0.0
1074,placed,0.0,0.0,1.0,0.0
1075,places,2.0,0.0,0.0,0.0
1076,plan,4.0,0.0,13.0,0.0
1077,planned,1.0,0.0,2.0,0.0
1078,planning,1.0,0.0,2.0,0.0
1079,plans,0.0,0.0,2.0,0.0
1080,plasma,0.0,0.0,2.0,0.0
1081,play,0.0,0.0,2.0,0.0
1082,playing,0.0,0.0,3.0,0.0
1083,plays,0.0,0.0,2.0,0.0
1084,please,8.0,0.0,3.0,0.0
1085,pledge,0.0,0.0,1.0,0.0
1086,plenty,1.0,0.0,0.0,0.0
1087,policy,0.0,0.0,2.0,0.0
1088,policyprivacy,1.0,0.0,1.0,0.0
1089,political,1.0,0.0,0.0,0.0
1090,popup,1.0,0.0,0.0,0.0
1091,positive,4.0,0.0,0.0,0.0
1092,possibilities,0.0,0.0,1.0,0.0
1093,possibility,0.0,0.0,1.0,0.0
1094,possible,6.0,0.0,3.0,0.0
1095,post,1.0,0.0,2.0,0.0
1096,potential,1.0,0.0,2.0,0.0
1097,potentially,2.0,0.0,0.0,0.0
1098,pound,0.0,0.0,1.0,0.0
1099,pour,0.0,0.0,1.0,0.0
1100,powerful,11.0,0.0,0.0,0.0
1101,practice,2.0,0.0,2.0,0.0
1102,pray,0.0,0.0,5.0,0.0
1103,prayed,0.0,0.0,2.0,0.0
1104,prayer,0.0,0.0,2.0,0.0
1105,praying,0.0,0.0,5.0,0.0
1106,precious,0.0,0.0,2.0,0.0
1107,predatory,2.0,0.0,0.0,0.0
1108,pregnancies,5.0,0.0,0.0,0.0
1109,pregnancy,122.0,0.0,9.0,0.0
1110,pregnant,13.0,0.0,2.0,0.0
1111,prenatal,2.0,0.0,0.0,0.0
1112,preparing,0.0,0.0,1.0,0.0
1113,preservation,0.0,0.0,2.0,0.0
1114,press,0.0,0.0,4.0,0.0
1115,prev,0.0,0.0,2.0,0.0
1116,priceless,0.0,0.0,1.0,0.0
1117,primarily,0.0,0.0,1.0,0.0
1118,prior,0.0,0.0,1.0,0.0
1119,privacy,0.0,0.0,4.0,0.0
1120,privileged,0.0,0.0,1.0,0.0
1121,problem,1.0,0.0,0.0,0.0
1122,procedures,1.0,0.0,0.0,0.0
1123,process,0.0,0.0,1.0,0.0
1124,processing,3.0,0.0,1.0,0.0
1125,professionals,1.0,0.0,0.0,0.0
1126,professor,0.0,0.0,1.0,0.0
1127,profile,0.0,0.0,2.0,0.0
1128,profiles,0.0,0.0,1.0,0.0
1129,programmer,0.0,0.0,1.0,0.0
1130,promise,0.0,0.0,1.0,0.0
1131,property,2.0,0.0,1.0,0.0
1132,prophecy,0.0,0.0,1.0,0.0
1133,prosper,0.0,0.0,1.0,0.0
1134,proud,0.0,0.0,1.0,0.0
1135,provide,26.0,0.0,1.0,0.0
1136,provided,13.0,0.0,1.0,0.0
1137,providence,1.0,0.0,0.0,0.0
1138,provider,2.0,0.0,0.0,0.0
1139,provides,0.0,0.0,2.0,0.0
1140,providing,0.0,0.0,2.0,0.0
1141,public,11.0,0.0,0.0,0.0
1142,puglia,0.0,0.0,1.0,0.0
1143,pursue,0.0,0.0,2.0,0.0
1144,push,2.0,0.0,0.0,0.0
1145,put,0.0,0.0,1.0,0.0
1146,putting,1.0,0.0,0.0,0.0
1147,qualified,1.0,0.0,0.0,0.0
1148,quality,4.0,0.0,0.0,0.0
1149,queensland,0.0,0.0,1.0,0.0
1150,question,0.0,0.0,1.0,0.0
1151,questions,5.0,0.0,0.0,0.0
1152,quick,9.0,0.0,0.0,0.0
1153,quickly,0.0,0.0,2.0,0.0
1154,quite,2.0,0.0,1.0,0.0
1155,quiz,2.0,0.0,0.0,0.0
1156,rachel,0.0,0.0,2.0,0.0
1157,raise,0.0,0.0,6.0,0.0
1158,raised,0.0,0.0,1.0,0.0
1159,raising,0.0,0.0,1.0,0.0
1160,rams,0.0,0.0,1.0,0.0
1161,rapid,1.0,0.0,0.0,0.0
1162,rare,0.0,0.0,1.0,0.0
1163,rate,2.0,0.0,0.0,0.0
1164,rated,1.0,0.0,0.0,0.0
1165,read,2.0,0.0,4.0,0.0
1166,reading,0.0,0.0,2.0,0.0
1167,ready,1.0,0.0,1.0,0.0
1168,real,2.0,0.0,0.0,0.0
1169,realize,2.0,0.0,0.0,0.0
1170,really,6.0,0.0,2.0,0.0
1171,reasons,4.0,0.0,0.0,0.0
1172,reccomend,1.0,0.0,0.0,0.0
1173,receive,1.0,0.0,0.0,0.0
1174,received,1.0,0.0,1.0,0.0
1175,receiving,1.0,0.0,1.0,0.0
1176,recent,0.0,0.0,1.0,0.0
1177,recently,0.0,0.0,1.0,0.0
1178,recommend,6.0,0.0,0.0,0.0
1179,recover,0.0,0.0,1.0,0.0
1180,recovery,0.0,0.0,3.0,0.0
1181,recreating,0.0,0.0,1.0,0.0
1182,redness,1.0,0.0,0.0,0.0
1183,refer,11.0,0.0,1.0,0.0
1184,referrals,1.0,0.0,0.0,0.0
1185,reflection,0.0,0.0,1.0,0.0
1186,reflects,2.0,0.0,0.0,0.0
1187,refugee,0.0,0.0,12.0,0.0
1188,refugees,0.0,0.0,4.0,0.0
1189,regard,11.0,0.0,0.0,0.0
1190,regarding,0.0,0.0,1.0,0.0
1191,regardless,1.0,0.0,0.0,0.0
1192,registered,1.0,0.0,0.0,0.0
1193,regular,0.0,0.0,1.0,0.0
1194,regularly,0.0,0.0,1.0,0.0
1195,relationship,0.0,0.0,7.0,0.0
1196,relax,1.0,0.0,0.0,0.0
1197,religion,2.0,0.0,0.0,0.0
1198,religious,11.0,0.0,0.0,0.0
1199,remained,0.0,0.0,1.0,0.0
1200,remains,2.0,0.0,1.0,0.0
1201,remember,0.0,0.0,1.0,0.0
1202,renderforminatorajax,1.0,0.0,0.0,0.0
1203,renderid,2.0,0.0,0.0,0.0
1204,renew,0.0,0.0,2.0,0.0
1205,report,2.0,0.0,2.0,0.0
1206,request,25.0,0.0,0.0,0.0
1207,research,0.0,0.0,1.0,0.0
1208,resettlement,0.0,0.0,2.0,0.0
1209,resolve,1.0,0.0,0.0,0.0
1210,resource,0.0,0.0,2.0,0.0
1211,resources,0.0,0.0,7.0,0.0
1212,respect,0.0,0.0,5.0,0.0
1213,respectful,0.0,0.0,1.0,0.0
1214,response,2.0,0.0,0.0,0.0
1215,responses,2.0,0.0,0.0,0.0
1216,rest,0.0,0.0,2.0,0.0
1217,results,5.0,0.0,0.0,0.0
1218,retrieved,1.0,0.0,0.0,0.0
1219,return,5.0,0.0,4.0,0.0
1220,returned,0.0,0.0,1.0,0.0
1221,review,4.0,0.0,1.0,0.0
1222,reviews,8.0,0.0,0.0,0.0
1223,rhode,2.0,0.0,0.0,0.0
1224,rich,0.0,0.0,1.0,0.0
1225,right,0.0,0.0,3.0,0.0
1226,rightclick,2.0,0.0,1.0,0.0
1227,rights,0.0,0.0,2.0,0.0
1228,rivalry,0.0,0.0,1.0,0.0
1229,road,0.0,0.0,1.0,0.0
1230,role,1.0,0.0,0.0,0.0
1231,roo,0.0,0.0,2.0,0.0
1232,room,0.0,0.0,4.0,0.0
1233,root,1.0,0.0,1.0,0.0
1234,rossella,0.0,0.0,5.0,0.0
1235,row,1.0,0.0,0.0,0.0
1236,runs,0.0,0.0,1.0,0.0
1237,russell,0.0,0.0,1.0,0.0
1238,sacrifice,0.0,0.0,1.0,0.0
1239,sacrificial,0.0,0.0,1.0,0.0
1240,safe,0.0,0.0,6.0,0.0
1241,said,2.0,0.0,0.0,0.0
1242,same,0.0,0.0,5.0,0.0
1243,sanctuary,2.0,0.0,0.0,0.0
1244,sans,2.0,0.0,1.0,0.0
1245,saving,2.0,0.0,0.0,0.0
1246,saw,0.0,0.0,1.0,0.0
1247,say,0.0,0.0,1.0,0.0
1248,scare,4.0,0.0,0.0,0.0
1249,schedule,1.0,0.0,0.0,0.0
1250,scheduling,1.0,0.0,0.0,0.0
1251,schlatterer,1.0,0.0,0.0,0.0
1252,school,0.0,0.0,5.0,0.0
1253,schools,0.0,0.0,1.0,0.0
1254,scientist,0.0,0.0,1.0,0.0
1255,screen,82.0,0.0,0.0,0.0
1256,screens,1.0,0.0,0.0,0.0
1257,scripts,1.0,0.0,0.0,0.0
1258,scroll,1.0,0.0,0.0,0.0
1259,search,5.0,0.0,1.0,0.0
1260,searches,2.0,0.0,0.0,0.0
1261,second,0.0,0.0,1.0,0.0
1262,secondary,0.0,0.0,1.0,0.0
1263,secretory,1.0,0.0,0.0,0.0
1264,see,6.0,0.0,9.0,0.0
1265,seeing,0.0,0.0,1.0,0.0
1266,seeking,2.0,0.0,0.0,0.0
1267,seem,2.0,0.0,0.0,0.0
1268,seems,0.0,0.0,1.0,0.0
1269,sees,0.0,0.0,1.0,0.0
1270,segoe,2.0,0.0,2.0,0.0
1271,select,9.0,0.0,0.0,0.0
1272,selfless,0.0,0.0,4.0,0.0
1273,selflessness,0.0,0.0,1.0,0.0
1274,semi,51.0,0.0,0.0,0.0
1275,sense,0.0,0.0,1.0,0.0
1276,serious,1.0,0.0,0.0,0.0
1277,serve,0.0,0.0,3.0,0.0
1278,serves,0.0,0.0,1.0,0.0
1279,service,4.0,0.0,0.0,0.0
1280,services,30.0,0.0,17.0,0.0
1281,sets,0.0,0.0,1.0,0.0
1282,setter,0.0,0.0,1.0,0.0
1283,settlers,0.0,0.0,1.0,0.0
1284,several,0.0,0.0,2.0,0.0
1285,sex,1.0,0.0,0.0,0.0
1286,sexual,2.0,0.0,0.0,0.0
1287,sexually,1.0,0.0,0.0,0.0
1288,shame,4.0,0.0,0.0,0.0
1289,share,2.0,0.0,10.0,0.0
1290,shared,0.0,0.0,3.0,0.0
1291,shares,0.0,0.0,1.0,0.0
1292,she,0.0,0.0,10.0,0.0
1293,she's,0.0,0.0,1.0,0.0
1294,she’s,0.0,0.0,1.0,0.0
1295,shift,0.0,0.0,1.0,0.0
1296,shocked,0.0,0.0,1.0,0.0
1297,shop,0.0,0.0,2.0,0.0
1298,shortly,2.0,0.0,0.0,0.0
1299,should,12.0,0.0,0.0,0.0
1300,show,3.0,0.0,0.0,0.0
1301,showing,3.0,0.0,0.0,0.0
1302,sickness,1.0,0.0,0.0,0.0
1303,side,3.0,0.0,3.0,0.0
1304,sides,0.0,0.0,1.0,0.0
1305,sign,2.0,0.0,1.0,0.0
1306,significant,0.0,0.0,1.0,0.0
1307,signs,2.0,0.0,2.0,0.0
1308,similar,3.0,0.0,0.0,0.0
1309,similarity,2.0,0.0,0.0,0.0
1310,simple,2.0,0.0,0.0,0.0
1311,since,8.0,0.0,7.0,0.0
1312,sincere,0.0,0.0,1.0,0.0
1313,sister,0.0,0.0,1.0,0.0
1314,sisters,0.0,0.0,1.0,0.0
1315,sitebaseurl,0.0,0.0,2.0,0.0
1316,six,0.0,0.0,1.0,0.0
1317,size,1.0,0.0,0.0,0.0
1318,ski,0.0,0.0,1.0,0.0
1319,skin,1.0,0.0,0.0,0.0
1320,slash,2.0,0.0,0.0,0.0
1321,sleep,0.0,0.0,1.0,0.0
1322,small,0.0,0.0,2.0,0.0
1323,smells,1.0,0.0,0.0,0.0
1324,snores,0.0,0.0,1.0,0.0
1325,soccer,0.0,0.0,1.0,0.0
1326,social,11.0,0.0,1.0,0.0
1327,solid,177.0,0.0,1.0,0.0
1328,some,3.0,0.0,3.0,0.0
1329,someone,0.0,0.0,2.0,0.0
1330,something,1.0,0.0,2.0,0.0
1331,sometimes,1.0,0.0,0.0,0.0
1332,son,0.0,0.0,2.0,0.0
1333,soon,0.0,0.0,5.0,0.0
1334,sound,1.0,0.0,1.0,0.0
1335,south,0.0,0.0,1.0,0.0
1336,southern,0.0,0.0,1.0,0.0
1337,space,0.0,0.0,2.0,0.0
1338,speak,0.0,0.0,1.0,0.0
1339,specialist,0.0,0.0,2.0,0.0
1340,spend,0.0,0.0,5.0,0.0
1341,spending,0.0,0.0,7.0,0.0
1342,spent,0.0,0.0,1.0,0.0
1343,spontaneous,0.0,0.0,1.0,0.0
1344,sport,0.0,0.0,1.0,0.0
1345,sporting,0.0,0.0,1.0,0.0
1346,spotting,2.0,0.0,0.0,0.0
1347,spouse's,0.0,0.0,1.0,0.0
1348,ssr,2.0,0.0,2.0,0.0
1349,staff,6.0,0.0,0.0,0.0
1350,staffed,1.0,0.0,0.0,0.0
1351,stake,1.0,0.0,0.0,0.0
1352,standard,4.0,0.0,1.0,0.0
1353,standards,0.0,0.0,2.0,0.0
1354,star,10.0,0.0,1.0,0.0
1355,start,0.0,0.0,7.0,0.0
1356,started,0.0,0.0,9.0,0.0
1357,starting,0.0,0.0,1.0,0.0
1358,state,3.0,0.0,4.0,0.0
1359,states,3.0,0.0,4.0,0.0
1360,statistics,3.0,0.0,0.0,0.0
1361,stays,0.0,0.0,1.0,0.0
1362,steady,0.0,0.0,1.0,0.0
1363,step,14.0,0.0,0.0,0.0
1364,steps,12.0,0.0,0.0,0.0
1365,sti,5.0,0.0,0.0,0.0
1366,still,4.0,0.0,1.0,0.0
1367,storage,2.0,0.0,1.0,0.0
1368,stories,0.0,0.0,4.0,0.0
1369,story,0.0,0.0,4.0,0.0
1370,strange,0.0,0.0,1.0,0.0
1371,stray,0.0,0.0,1.0,0.0
1372,street,0.0,0.0,1.0,0.0
1373,strength,0.0,0.0,1.0,0.0
1374,strengthen,0.0,0.0,2.0,0.0
1375,strengthening,0.0,0.0,3.0,0.0
1376,strenuous,1.0,0.0,0.0,0.0
1377,strip,2.0,0.0,0.0,0.0
1378,strong,0.0,0.0,1.0,0.0
1379,stronger,0.0,0.0,3.0,0.0
1380,struggle,0.0,0.0,2.0,0.0
1381,struggling,0.0,0.0,1.0,0.0
1382,stuck,0.0,0.0,1.0,0.0
1383,studies,0.0,0.0,2.0,0.0
1384,study,0.0,0.0,5.0,0.0
1385,studying,0.0,0.0,1.0,0.0
1386,submit,0.0,0.0,2.0,0.0
1387,submitting,1.0,0.0,0.0,0.0
1388,substance,0.0,0.0,1.0,0.0
1389,such,7.0,0.0,1.0,0.0
1390,sucked,2.0,0.0,0.0,0.0
1391,sudden,1.0,0.0,0.0,0.0
1392,suggested,0.0,0.0,1.0,0.0
1393,suite,20.0,0.0,0.0,0.0
1394,summarize,0.0,0.0,1.0,0.0
1395,summer,0.0,0.0,2.0,0.0
1396,summoned,0.0,0.0,1.0,0.0
1397,sunday,0.0,0.0,1.0,0.0
1398,super,0.0,0.0,1.0,0.0
1399,support,2.0,0.0,21.0,0.0
1400,supportive,0.0,0.0,2.0,0.0
1401,sure,16.0,0.0,0.0,0.0
1402,survey,2.0,0.0,0.0,0.0
1403,surveys,5.0,0.0,0.0,0.0
1404,sweater,0.0,0.0,1.0,0.0
1405,sweet,0.0,0.0,2.0,0.0
1406,swelling,2.0,0.0,0.0,0.0
1407,swim,0.0,0.0,1.0,0.0
1408,symptoms,30.0,0.0,1.0,0.0
1409,syntax,2.0,0.0,1.0,0.0
1410,system,4.0,0.0,0.0,0.0
1411,table,0.0,0.0,1.0,0.0
1412,tactics,2.0,0.0,0.0,0.0
1413,take,6.0,0.0,2.0,0.0
1414,taken,2.0,0.0,1.0,0.0
1415,takes,0.0,0.0,1.0,0.0
1416,taking,1.0,0.0,10.0,0.0
1417,talk,0.0,0.0,3.0,0.0
1418,talked,0.0,0.0,2.0,0.0
1419,tall,0.0,0.0,1.0,0.0
1420,tams,0.0,0.0,1.0,0.0
1421,teacher,0.0,0.0,1.0,0.0
1422,teachers,0.0,0.0,1.0,0.0
1423,teaches,0.0,0.0,3.0,0.0
1424,teaching,0.0,0.0,1.0,0.0
1425,team,1.0,0.0,4.0,0.0
1426,tell,0.0,0.0,2.0,0.0
1427,telling,0.0,0.0,2.0,0.0
1428,tender,1.0,0.0,0.0,0.0
1429,terrible,2.0,0.0,0.0,0.0
1430,terrier,0.0,0.0,5.0,0.0
1431,test,46.0,0.0,0.0,0.0
1432,testing,19.0,0.0,0.0,0.0
1433,text,10.0,0.0,0.0,0.0
1434,than,6.0,0.0,0.0,0.0
1435,thank,5.0,0.0,3.0,0.0
1436,thankful,0.0,0.0,5.0,0.0
1437,thanks,3.0,0.0,1.0,0.0
1438,that’s,0.0,0.0,1.0,0.0
1439,thead,11.0,0.0,0.0,0.0
1440,their,19.0,0.0,5.0,0.0
1441,them,15.0,0.0,8.0,0.0
1442,theme,33.0,0.0,0.0,0.0
1443,themes,11.0,0.0,0.0,0.0
1444,then,0.0,0.0,4.0,0.0
1445,therapeutic,1.0,0.0,0.0,0.0
1446,therapist,0.0,0.0,1.0,0.0
1447,there,10.0,0.0,9.0,0.0
1448,these,6.0,0.0,4.0,0.0
1449,they,50.0,0.0,11.0,0.0
1450,they’re,2.0,0.0,0.0,0.0
1451,thing,2.0,0.0,2.0,0.0
1452,things,0.0,0.0,4.0,0.0
1453,think,8.0,0.0,2.0,0.0
1454,thinking,0.0,0.0,1.0,0.0
1455,thirty,0.0,0.0,1.0,0.0
1456,this,43.0,0.0,28.0,0.0
1457,those,2.0,0.0,1.0,0.0
1458,though,0.0,0.0,4.0,0.0
1459,thought,0.0,0.0,2.0,0.0
1460,thousands,0.0,0.0,2.0,0.0
1461,three,2.0,0.0,4.0,0.0
1462,thrilled,0.0,0.0,1.0,0.0
1463,through,1.0,0.0,19.0,0.0
1464,throughout,2.0,0.0,4.0,0.0
1465,tightknit,0.0,0.0,1.0,0.0
1466,time,7.0,0.0,29.0,0.0
1467,times,0.0,0.0,1.0,0.0
1468,tired,1.0,0.0,0.0,0.0
1469,today,1.0,0.0,0.0,0.0
1470,toddler,0.0,0.0,1.0,0.0
1471,together,0.0,0.0,3.0,0.0
1472,too,2.0,0.0,0.0,0.0
1473,towards,2.0,0.0,0.0,0.0
1474,towers,0.0,0.0,1.0,0.0
1475,town,0.0,0.0,1.0,0.0
1476,toys,0.0,0.0,1.0,0.0
1477,trachomatis,2.0,0.0,0.0,0.0
1478,trained,2.0,0.0,0.0,0.0
1479,training,0.0,0.0,3.0,0.0
1480,traits,0.0,0.0,1.0,0.0
1481,transfer,2.0,0.0,0.0,0.0
1482,transform,36.0,0.0,0.0,0.0
1483,transmitted,2.0,0.0,0.0,0.0
1484,travel,0.0,0.0,4.0,0.0
1485,treat,1.0,0.0,1.0,0.0
1486,treatable,2.0,0.0,0.0,0.0
1487,treatment,1.0,0.0,0.0,0.0
1488,treatments,0.0,0.0,1.0,0.0
1489,trees,0.0,0.0,1.0,0.0
1490,tremendous,0.0,0.0,1.0,0.0
1491,tried,0.0,0.0,1.0,0.0
1492,trip,2.0,0.0,1.0,0.0
1493,true,2.0,0.0,0.0,0.0
1494,truly,0.0,0.0,2.0,0.0
1495,trunk,0.0,0.0,1.0,0.0
1496,trust,0.0,0.0,3.0,0.0
1497,try,4.0,0.0,2.0,0.0
1498,trying,4.0,0.0,3.0,0.0
1499,tugged,0.0,0.0,1.0,0.0
1500,turned,2.0,0.0,0.0,0.0
1501,twenty,0.0,0.0,1.0,0.0
1502,two,4.0,0.0,3.0,0.0
1503,type,3.0,0.0,0.0,0.0
1504,typeof,1.0,0.0,0.0,0.0
1505,types,1.0,0.0,0.0,0.0
1506,typically,1.0,0.0,0.0,0.0
1507,uganda,0.0,0.0,1.0,0.0
1508,ugly,0.0,0.0,1.0,0.0
1509,ultimate,0.0,0.0,1.0,0.0
1510,ultrasound,8.0,0.0,0.0,0.0
1511,ultrasounds,1.0,0.0,0.0,0.0
1512,unable,0.0,0.0,1.0,0.0
1513,unconditional,1.0,0.0,2.0,0.0
1514,under,14.0,0.0,3.0,0.0
1515,understand,0.0,0.0,3.0,0.0
1516,understanding,0.0,0.0,1.0,0.0
1517,unexpected,0.0,0.0,1.0,0.0
1518,unexpectedly,0.0,0.0,1.0,0.0
1519,unite,0.0,0.0,1.0,0.0
1520,united,3.0,0.0,3.0,0.0
1521,university,0.0,0.0,2.0,0.0
1522,unpack,0.0,0.0,1.0,0.0
1523,unplanned,8.0,0.0,1.0,0.0
1524,until,0.0,0.0,1.0,0.0
1525,unusual,1.0,0.0,0.0,0.0
1526,updated,2.0,0.0,0.0,0.0
1527,upload,1.0,0.0,0.0,0.0
1528,uploading,2.0,0.0,1.0,0.0
1529,uplog,1.0,0.0,1.0,0.0
1530,upon,2.0,0.0,0.0,0.0
1531,ups,0.0,0.0,1.0,0.0
1532,urination,1.0,0.0,0.0,0.0
1533,urine,2.0,0.0,0.0,0.0
1534,usa,0.0,0.0,1.0,0.0
1535,use,2.0,0.0,1.0,0.0
1536,usematchviewport,1.0,0.0,1.0,0.0
1537,uses,0.0,0.0,3.0,0.0
1538,using,1.0,0.0,0.0,0.0
1539,vacation,0.0,0.0,1.0,0.0
1540,vaginal,3.0,0.0,0.0,0.0
1541,values,0.0,0.0,3.0,0.0
1542,var,74.0,0.0,10.0,0.0
1543,variety,0.0,0.0,1.0,0.0
1544,vary,1.0,0.0,0.0,0.0
1545,vener,1.0,0.0,0.0,0.0
1546,verifying,1.0,0.0,0.0,0.0
1547,very,5.0,0.0,23.0,0.0
1548,viable,5.0,0.0,0.0,0.0
1549,videos,1.0,0.0,1.0,0.0
1550,view,2.0,0.0,2.0,0.0
1551,viewing,0.0,0.0,1.0,0.0
1552,vision,0.0,0.0,2.0,0.0
1553,visit,0.0,0.0,3.0,0.0
1554,visiting,0.0,0.0,1.0,0.0
1555,voluntarily,1.0,0.0,0.0,0.0
1556,volunteer,0.0,0.0,3.0,0.0
1557,vomiting,1.0,0.0,0.0,0.0
1558,vortex,0.0,0.0,1.0,0.0
1559,wait,1.0,0.0,2.0,0.0
1560,waiting,2.0,0.0,1.0,0.0
1561,walk,2.0,0.0,1.0,0.0
1562,walkable,0.0,0.0,1.0,0.0
1563,walked,2.0,0.0,0.0,0.0
1564,walking,0.0,0.0,5.0,0.0
1565,walks,0.0,0.0,1.0,0.0
1566,want,7.0,0.0,15.0,0.0
1567,wanted,1.0,0.0,6.0,0.0
1568,wanting,2.0,0.0,1.0,0.0
1569,wants,2.0,0.0,0.0,0.0
1570,washington,0.0,0.0,5.0,0.0
1571,wasn’t,2.0,0.0,1.0,0.0
1572,watch,0.0,0.0,1.0,0.0
1573,watching,0.0,0.0,1.0,0.0
1574,water,1.0,0.0,0.0,0.0
1575,way,1.0,0.0,2.0,0.0
1576,ways,0.0,0.0,2.0,0.0
1577,we're,0.0,0.0,1.0,0.0
1578,we've,0.0,0.0,1.0,0.0
1579,web,0.0,0.0,1.0,0.0
1580,website,2.0,0.0,2.0,0.0
1581,week,0.0,0.0,1.0,0.0
1582,weeks,2.0,0.0,0.0,0.0
1583,weinberg,1.0,0.0,0.0,0.0
1584,welcome,0.0,0.0,4.0,0.0
1585,welcomed,0.0,0.0,1.0,0.0
1586,welcoming,0.0,0.0,1.0,0.0
1587,well,0.0,0.0,4.0,0.0
1588,went,3.0,0.0,1.0,0.0
1589,we’d,0.0,0.0,1.0,0.0
1590,we’re,1.0,0.0,0.0,0.0
1591,what,8.0,0.0,10.0,0.0
1592,what's,2.0,0.0,0.0,0.0
1593,whatever,2.0,0.0,3.0,0.0
1594,wheelchair,1.0,0.0,0.0,0.0
1595,when,21.0,0.0,17.0,0.0
1596,where,0.0,0.0,14.0,0.0
1597,whereas,2.0,0.0,0.0,0.0
1598,whether,1.0,0.0,3.0,0.0
1599,which,3.0,0.0,5.0,0.0
1600,while,3.0,0.0,3.0,0.0
1601,who,15.0,0.0,11.0,0.0
1602,whole,0.0,0.0,2.0,0.0
1603,whom,0.0,0.0,1.0,0.0
1604,why,25.0,0.0,3.0,0.0
1605,wife,6.0,0.0,0.0,0.0
1606,wilcox,1.0,0.0,0.0,0.0
1607,wildlife,0.0,0.0,2.0,0.0
1608,winter,0.0,0.0,1.0,0.0
1609,wisdom,0.0,0.0,1.0,0.0
1610,wish,0.0,0.0,1.0,0.0
1611,wishes,0.0,0.0,1.0,0.0
1612,within,1.0,0.0,3.0,0.0
1613,without,15.0,0.0,2.0,0.0
1614,woman,2.0,0.0,1.0,0.0
1615,women,12.0,0.0,2.0,0.0
1616,women's,35.0,0.0,0.0,0.0
1617,women’s,18.0,0.0,0.0,0.0
1618,wonderful,4.0,0.0,2.0,0.0
1619,wonders,0.0,0.0,1.0,0.0
1620,wood,0.0,0.0,2.0,0.0
1621,words,2.0,0.0,0.0,0.0
1622,work,0.0,0.0,8.0,0.0
1623,worked,0.0,0.0,2.0,0.0
1624,working,0.0,0.0,3.0,0.0
1625,works,3.0,0.0,5.0,0.0
1626,world,0.0,0.0,4.0,0.0
1627,worried,2.0,0.0,0.0,0.0
1628,worse,1.0,0.0,0.0,0.0
1629,worship,0.0,0.0,1.0,0.0
1630,worth,2.0,0.0,0.0,0.0
1631,would,4.0,0.0,16.0,0.0
1632,wouldn’t,0.0,0.0,1.0,0.0
1633,write,0.0,0.0,1.0,0.0
1634,writing,1.0,0.0,0.0,0.0
1635,wrong,12.0,0.0,0.0,0.0
1636,wrote,0.0,0.0,1.0,0.0
1637,year,8.0,0.0,7.0,0.0
1638,years,7.0,0.0,16.0,0.0
1639,year—of,0.0,0.0,1.0,0.0
1640,yes,9.0,0.0,0.0,0.0
1641,yet,0.0,0.0,1.0,0.0
1642,you,162.0,0.0,96.0,0.0
1643,you're,2.0,0.0,0.0,0.0
1644,young,0.0,0.0,4.0,0.0
1645,your,116.0,0.0,46.0,0.0
1646,yourself,0.0,0.0,1.0,0.0
1647,you’re,2.0,0.0,0.0,0.0
1648,yyyy,1.0,0.0,0.0,0.0
1649,y’all,2.0,0.0,0.0,0.0
1650,“crisis,2.0,0.0,0.0,0.0
1651,“fur,0.0,0.0,1.0,0.0
1652,“harmony,1.0,0.0,0.0,0.0
1653,“my,0.0,0.0,1.0,0.0
