,token,Total0,Total1,Total2
0,'appropriate,0.0,0.0,3.0
1,'as,0.0,0.0,2.0
2,'at,0.0,0.0,1.0
3,'congratulations,0.0,0.0,1.0
4,'fake,0.0,0.0,1.0
5,'finding,0.0,0.0,4.0
6,'font,0.0,19.0,0.0
7,'google,0.0,0.0,3.0
8,'government,0.0,0.0,1.0
9,'in,0.0,0.0,1.0
10,'initial',0.0,0.0,2.0
11,'js',0.0,19.0,0.0
12,'location,0.0,0.0,4.0
13,'ltr',0.0,19.0,0.0
14,'many,0.0,0.0,1.0
15,'mazel,0.0,0.0,1.0
16,'mute',0.0,0.0,1.0
17,'my,0.0,0.0,1.0
18,'product,0.0,0.0,1.0
19,'recipient,0.0,0.0,1.0
20,'script,0.0,0.0,2.0
21,'select,0.0,0.0,4.0
22,'select',0.0,0.0,4.0
23,'text,0.0,19.0,0.0
24,'thank,0.0,0.0,1.0
25,'there,0.0,0.0,4.0
26,'thinking,0.0,0.0,1.0
27,'undefined',0.0,5.0,0.0
28,'use,0.0,0.0,6.0
29,abdominal,0.0,1.0,0.0
30,able,0.0,11.0,0.0
31,abnormal,0.0,2.0,0.0
32,abortion,0.0,215.0,51.0
33,abortions,0.0,25.0,6.0
34,abortion”,0.0,8.0,1.0
35,about,0.0,94.0,44.0
36,above,0.0,0.0,3.0
37,absolute,0.0,7.0,0.0
38,abstinence,0.0,0.0,2.0
39,abuse,0.0,1.0,1.0
40,accept,0.0,1.0,1.0
41,accepted,0.0,0.0,1.0
42,access,0.0,5.0,24.0
43,accessibility,0.0,19.0,0.0
44,accessible,0.0,1.0,0.0
45,accessing,0.0,2.0,0.0
46,accessories,0.0,0.0,1.0
47,accompanied,0.0,1.0,1.0
48,accompany,0.0,0.0,1.0
49,account,0.0,0.0,7.0
50,accounttoggle,0.0,0.0,1.0
51,accurate,0.0,0.0,3.0
52,accurately,0.0,2.0,0.0
53,ach,0.0,0.0,1.0
54,across,0.0,1.0,3.0
55,action,0.0,0.0,22.0
56,actions,0.0,0.0,1.0
57,actiontag,0.0,0.0,1.0
58,actionurl,0.0,19.0,0.0
59,active,0.0,0.0,1.0
60,activists,0.0,0.0,3.0
61,activity,0.0,2.0,5.0
62,adcreate,0.0,0.0,1.0
63,add,0.0,0.0,15.0
64,added,0.0,1.0,0.0
65,additional,0.0,6.0,7.0
66,addms,0.0,0.0,1.0
67,address,0.0,3.0,5.0
68,addresses,0.0,0.0,1.0
69,adds,0.0,0.0,5.0
70,adhere,0.0,0.0,1.0
71,administer,0.0,6.0,0.0
72,administrationnew,0.0,0.0,1.0
73,administrative,0.0,1.0,0.0
74,administrators,0.0,0.0,1.0
75,ads,0.0,0.0,2.0
76,adult,0.0,0.0,1.0
77,adults,0.0,0.0,2.0
78,advance,0.0,38.0,5.0
79,advanced,0.0,3.0,1.0
80,advances,0.0,0.0,1.0
81,advancing,0.0,0.0,2.0
82,advil,0.0,1.0,0.0
83,advocacy,0.0,0.0,12.0
84,advocate,0.0,0.0,1.0
85,aetna,0.0,0.0,1.0
86,aff,0.0,0.0,3.0
87,affilate,0.0,0.0,2.0
88,affiliate,0.0,0.0,13.0
89,affiliatecode,0.0,0.0,2.0
90,affiliatecodelocation,0.0,0.0,1.0
91,affiliateid,0.0,0.0,4.0
92,affiliation,0.0,0.0,1.0
93,afford,0.0,2.0,0.0
94,affordable,0.0,0.0,5.0
95,affording,0.0,2.0,0.0
96,africa,0.0,0.0,1.0
97,after,0.0,49.0,11.0
98,again,0.0,0.0,2.0
99,against,0.0,0.0,2.0
100,age,0.0,1.0,6.0
101,agent,0.0,0.0,5.0
102,ago,0.0,0.0,41.0
103,agree,0.0,0.0,1.0
104,airport,0.0,7.0,0.0
105,airports,0.0,1.0,0.0
106,alerts,0.0,0.0,2.0
107,all,0.0,64.0,26.0
108,allow,0.0,0.0,1.0
109,allowable,0.0,0.0,6.0
110,allows,0.0,2.0,3.0
111,almost,0.0,0.0,1.0
112,along,0.0,2.0,0.0
113,already,0.0,0.0,1.0
114,also,0.0,31.0,11.0
115,although,0.0,1.0,0.0
116,always,0.0,1.0,8.0
117,amazing,0.0,16.0,1.0
118,amenities,0.0,1.0,0.0
119,america,0.0,0.0,6.0
120,america's,0.0,0.0,2.0
121,america’s,0.0,0.0,1.0
122,amerigroup,0.0,0.0,1.0
123,amount,0.0,1.0,4.0
124,amtrak,0.0,2.0,0.0
125,analystnyc,0.0,0.0,1.0
126,analytics,0.0,0.0,2.0
127,anatomy,0.0,0.0,2.0
128,anesthesia,0.0,9.0,0.0
129,anillo,0.0,0.0,2.0
130,anna,0.0,0.0,2.0
131,announce,0.0,1.0,0.0
132,annual,0.0,0.0,3.0
133,anonymous,0.0,0.0,2.0
134,another,0.0,2.0,0.0
135,answer,0.0,4.0,1.0
136,answering,0.0,0.0,2.0
137,answers,0.0,0.0,4.0
138,anticonceptivo,0.0,0.0,1.0
139,any,0.0,30.0,14.0
140,anyone,0.0,1.0,0.0
141,anything,0.0,0.0,1.0
142,anytime,0.0,0.0,1.0
143,anywhere,0.0,5.0,0.0
144,api,0.0,0.0,1.0
145,apotential,0.0,1.0,0.0
146,app,0.0,0.0,7.0
147,apparel,0.0,0.0,1.0
148,appear,0.0,1.0,2.0
149,appends,0.0,0.0,2.0
150,applicant,0.0,0.0,1.0
151,apply,0.0,0.0,1.0
152,applying,0.0,1.0,0.0
153,appointment,0.0,90.0,13.0
154,appointments,0.0,4.0,2.0
155,approved,0.0,1.0,0.0
156,approximately,0.0,0.0,1.0
157,arabic,0.0,19.0,0.0
158,arapey,0.0,5.0,0.0
159,archived,0.0,0.0,1.0
160,area,0.0,1.0,0.0
161,aren’t,0.0,1.0,0.0
162,args,0.0,5.0,0.0
163,arm,0.0,0.0,3.0
164,around,0.0,1.0,0.0
165,arrangements,0.0,0.0,3.0
166,array,0.0,0.0,5.0
167,arrive,0.0,2.0,0.0
168,arriving,0.0,1.0,0.0
169,arrow,0.0,76.0,6.0
170,arrows,0.0,19.0,0.0
171,art,0.0,0.0,1.0
172,ask,0.0,2.0,5.0
173,asked,0.0,22.0,5.0
174,aspiration,0.0,2.0,0.0
175,assault,0.0,0.0,6.0
176,assist,0.0,2.0,0.0
177,assistance,0.0,3.0,0.0
178,assoc,0.0,0.0,2.0
179,assurant,0.0,0.0,1.0
180,atlantic,0.0,0.0,5.0
181,attack,0.0,0.0,2.0
182,attacks,0.0,0.0,9.0
183,attended,0.0,2.0,0.0
184,attorneynyc,0.0,0.0,1.0
185,attributefilter,0.0,0.0,1.0
186,attributes,0.0,0.0,1.0
187,auth,0.0,0.0,2.0
188,auto,0.0,310.0,2.0
189,autofocus,0.0,0.0,1.0
190,automatic,0.0,0.0,2.0
191,autopopulate,0.0,0.0,3.0
192,availability,0.0,1.0,2.0
193,available,0.0,4.0,10.0
194,ave,0.0,1.0,0.0
195,away,0.0,2.0,0.0
196,awesome,0.0,19.0,0.0
197,ayudarte,0.0,0.0,1.0
198,bachelor,0.0,1.0,0.0
199,back,0.0,0.0,9.0
200,background,0.0,23.0,25.0
201,bad,0.0,0.0,2.0
202,badword,0.0,0.0,3.0
203,badwordfilter,0.0,0.0,1.0
204,badwords,0.0,0.0,1.0
205,balance,0.0,0.0,1.0
206,balanced,0.0,1.0,0.0
207,ban,0.0,0.0,3.0
208,bank,0.0,0.0,2.0
209,banner,0.0,76.0,0.0
210,bans,0.0,0.0,15.0
211,basados,0.0,0.0,2.0
212,based,0.0,0.0,2.0
213,basic,0.0,0.0,4.0
214,basta,0.0,0.0,1.0
215,beacon,0.0,1.0,0.0
216,beautiful,0.0,1.0,0.0
217,because,0.0,0.0,1.0
218,become,0.0,0.0,3.0
219,becomes,0.0,0.0,2.0
220,been,0.0,1.0,4.0
221,before,0.0,5.0,4.0
222,behind,0.0,1.0,0.0
223,being,0.0,4.0,2.0
224,believe,0.0,1.0,0.0
225,below,0.0,6.0,4.0
226,benefits,0.0,0.0,1.0
227,best,0.0,4.0,2.0
228,better,0.0,9.0,0.0
229,between,0.0,10.0,1.0
230,beyond,0.0,1.0,0.0
231,bill,0.0,0.0,3.0
232,bills,0.0,0.0,1.0
233,bind,0.0,0.0,1.0
234,birth,0.0,1.0,30.0
235,black,0.0,9.0,1.0
236,bleeding,0.0,4.0,0.0
237,block,0.0,3.0,5.0
238,blocks,0.0,6.0,1.0
239,blog,0.0,0.0,12.0
240,blood,0.0,3.0,0.0
241,blue,0.0,3.0,0.0
242,blur,0.0,0.0,1.0
243,bodies,0.0,0.0,12.0
244,bodily,0.0,1.0,0.0
245,body,0.0,33.0,2.0
246,bogus,0.0,0.0,1.0
247,bold,0.0,19.0,0.0
248,bolder,0.0,2.0,0.0
249,book,0.0,0.0,11.0
250,both,0.0,14.0,3.0
251,bothinfo,0.0,0.0,1.0
252,bottle,0.0,1.0,0.0
253,bottom,0.0,0.0,1.0
254,box,0.0,0.0,2.0
255,brand,0.0,0.0,1.0
256,breaking,0.0,0.0,1.0
257,brief,0.0,12.0,0.0
258,brigham,0.0,1.0,0.0
259,bright,0.0,1.0,0.0
260,bring,0.0,7.0,2.0
261,brings,0.0,0.0,2.0
262,browser,0.0,19.0,1.0
263,bucket,0.0,0.0,1.0
264,budget,0.0,1.0,1.0
265,building,0.0,3.0,0.0
266,bus,0.0,2.0,1.0
267,buses,0.0,1.0,0.0
268,business,0.0,1.0,1.0
269,but,0.0,40.0,1.0
270,button,0.0,0.0,9.0
271,buttons,0.0,0.0,4.0
272,buttonsubmit,0.0,0.0,3.0
273,bwi,0.0,2.0,0.0
274,cada,0.0,0.0,2.0
275,call,0.0,37.0,19.0
276,called,0.0,6.0,0.0
277,calling,0.0,0.0,1.0
278,came,0.0,1.0,0.0
279,campaigns,0.0,0.0,8.0
280,campaignsapplynational,0.0,0.0,1.0
281,campaignshybridpublic,0.0,0.0,1.0
282,campaignspublic,0.0,0.0,1.0
283,can,0.0,65.0,48.0
284,can't,0.0,19.0,1.0
285,cancer,0.0,0.0,5.0
286,candidates,0.0,0.0,1.0
287,cannot,0.0,2.0,2.0
288,captions,0.0,0.0,2.0
289,capuchón,0.0,0.0,2.0
290,card,0.0,0.0,10.0
291,cards,0.0,0.0,4.0
292,care,0.0,70.0,50.0
293,cared,0.0,9.0,0.0
294,careers,0.0,0.0,1.0
295,carefirst,0.0,0.0,1.0
296,caregiver's,0.0,0.0,1.0
297,cares,0.0,2.0,0.0
298,caring,0.0,8.0,0.0
299,carol,0.0,0.0,4.0
300,cart,0.0,0.0,11.0
301,case,0.0,30.0,4.0
302,cases,0.0,1.0,0.0
303,cash,0.0,0.0,1.0
304,cat's,0.0,0.0,1.0
305,catch,0.0,0.0,2.0
306,categories,0.0,0.0,1.0
307,cctext,0.0,0.0,1.0
308,cdc,0.0,1.0,0.0
309,center,0.0,106.0,23.0
310,centered,0.0,0.0,1.0
311,centergroupsaboutcreate,0.0,0.0,1.0
312,centerprivacy,0.0,0.0,1.0
313,centers,0.0,0.0,4.0
314,central,0.0,0.0,6.0
315,cervical,0.0,2.0,0.0
316,cervix,0.0,15.0,0.0
317,cesarean,0.0,3.0,0.0
318,change,0.0,38.0,10.0
319,changed,0.0,0.0,1.0
320,changelocation,0.0,19.0,0.0
321,changes,0.0,0.0,1.0
322,channel,0.0,0.0,4.0
323,chat,0.0,1.0,0.0
324,chatbot,0.0,0.0,3.0
325,cheaper,0.0,1.0,0.0
326,cheapest,0.0,1.0,0.0
327,check,0.0,0.0,10.0
328,checkbox,0.0,0.0,10.0
329,checkboxes,0.0,0.0,5.0
330,checked,0.0,0.0,2.0
331,chief,0.0,1.0,12.0
332,childcare,0.0,0.0,3.0
333,children,0.0,1.0,2.0
334,chinese,0.0,19.0,0.0
335,chirp,0.0,0.0,1.0
336,choicestermshelpcontact,0.0,0.0,1.0
337,choose,0.0,4.0,51.0
338,choosing,0.0,0.0,2.0
339,christmas,0.0,0.0,1.0
340,cigna,0.0,0.0,1.0
341,circle,0.0,2.0,8.0
342,city,0.0,0.0,3.0
343,class,0.0,1.0,4.0
344,classes,0.0,0.0,2.0
345,clean,0.0,0.0,3.0
346,cleanbadfirstname,0.0,0.0,1.0
347,cleanbadlastname,0.0,0.0,1.0
348,cleanbadword,0.0,0.0,1.0
349,cleaned,0.0,1.0,0.0
350,cleaners,0.0,1.0,0.0
351,cleaning,0.0,1.0,0.0
352,clear,0.0,19.0,0.0
353,click,0.0,6.0,2.0
354,clicking,0.0,0.0,4.0
355,clicks,0.0,0.0,1.0
356,client,0.0,0.0,1.0
357,clientid,0.0,0.0,1.0
358,clinic,0.0,158.0,5.0
359,clinical,0.0,1.0,0.0
360,clinicians,0.0,2.0,0.0
361,clinics,0.0,1.0,0.0
362,close,0.0,20.0,1.0
363,closed,0.0,1.0,6.0
364,closely,0.0,0.0,1.0
365,closer,0.0,1.0,0.0
366,closest,0.0,1.0,0.0
367,cloth,0.0,1.0,0.0
368,clubhouse,0.0,0.0,1.0
369,coast,0.0,0.0,3.0
370,code,0.0,0.0,16.0
371,coitus,0.0,0.0,2.0
372,collection,0.0,0.0,1.0
373,collections,0.0,1.0,0.0
374,colonial,0.0,0.0,1.0
375,color,0.0,0.0,20.0
376,colorado,0.0,1.0,0.0
377,columbia,0.0,0.0,3.0
378,combination,0.0,3.0,0.0
379,combine,0.0,1.0,0.0
380,come,0.0,2.0,5.0
381,comes,0.0,9.0,2.0
382,comfort,0.0,7.0,0.0
383,comfortable,0.0,30.0,0.0
384,coming,0.0,41.0,3.0
385,comments,0.0,0.0,2.0
386,commitment,0.0,0.0,2.0
387,committed,0.0,2.0,0.0
388,committee,0.0,0.0,2.0
389,committees,0.0,0.0,1.0
390,common,0.0,2.0,1.0
391,commonly,0.0,10.0,0.0
392,communicationen,0.0,0.0,1.0
393,communications,0.0,0.0,3.0
394,communities,0.0,0.0,1.0
395,community,0.0,1.0,3.0
396,company,0.0,0.0,3.0
397,compare,0.0,0.0,1.0
398,compass,0.0,0.0,1.0
399,complete,0.0,8.0,1.0
400,completed,0.0,6.0,0.0
401,complex,0.0,23.0,0.0
402,compliance,0.0,0.0,1.0
403,complicated,0.0,2.0,0.0
404,components,0.0,0.0,1.0
405,comprehensive,0.0,1.0,1.0
406,concerned,0.0,2.0,0.0
407,conditions,0.0,1.0,0.0
408,condolences,0.0,0.0,1.0
409,condom,0.0,0.0,7.0
410,condoms,0.0,0.0,1.0
411,condón,0.0,0.0,5.0
412,conferencesfinanceoffice,0.0,0.0,1.0
413,conferencesnyc,0.0,0.0,1.0
414,confidential,0.0,0.0,3.0
415,confirm,0.0,2.0,1.0
416,confront,0.0,0.0,2.0
417,confuse,0.0,0.0,1.0
418,congressional,0.0,0.0,1.0
419,connect,0.0,0.0,2.0
420,connection,0.0,0.0,3.0
421,consent,0.0,0.0,6.0
422,consider,0.0,1.0,1.0
423,consideration,0.0,0.0,2.0
424,considered,0.0,1.0,0.0
425,const,0.0,0.0,12.0
426,constitute,0.0,0.0,1.0
427,constitutional,0.0,0.0,1.0
428,consultation,0.0,1.0,0.0
429,contact,0.0,104.0,25.0
430,contain,0.0,2.0,2.0
431,content,0.0,19.0,7.0
432,contextmenu,0.0,0.0,1.0
433,continue,0.0,4.0,0.0
434,continuous,0.0,1.0,0.0
435,continuously,0.0,1.0,0.0
436,contraception,0.0,0.0,7.0
437,contraceptive,0.0,4.0,1.0
438,contracted,0.0,0.0,1.0
439,contracts,0.0,0.0,1.0
440,contrast,0.0,38.0,0.0
441,contribute,0.0,0.0,1.0
442,contribution,0.0,0.0,6.0
443,contributions,0.0,0.0,1.0
444,control,0.0,10.0,33.0
445,controlarnos,0.0,0.0,1.0
446,controlreproductive,0.0,0.0,1.0
447,convenient,0.0,1.0,0.0
448,conveniently,0.0,1.0,1.0
449,cookie,0.0,0.0,2.0
450,cookiebanner,0.0,0.0,1.0
451,cookies,0.0,0.0,1.0
452,copay,0.0,0.0,1.0
453,copy,0.0,0.0,5.0
454,copycat,0.0,0.0,2.0
455,copying,0.0,0.0,1.0
456,copyright,0.0,38.0,1.0
457,coresource,0.0,0.0,1.0
458,cornell,0.0,1.0,0.0
459,cornual,0.0,2.0,0.0
460,corporate,0.0,1.0,1.0
461,correct,0.0,0.0,2.0
462,correctly,0.0,0.0,1.0
463,corresponding,0.0,0.0,3.0
464,corruption,0.0,4.0,0.0
465,cost,0.0,5.0,3.0
466,costs,0.0,0.0,2.0
467,could,0.0,8.0,2.0
468,couldn't,0.0,0.0,3.0
469,couldn’t,0.0,32.0,0.0
470,counsel,0.0,0.0,5.0
471,counselhybridoffice,0.0,0.0,1.0
472,counseling,0.0,5.0,0.0
473,counseloffice,0.0,0.0,1.0
474,country,0.0,0.0,1.0
475,couple,0.0,5.0,0.0
476,coupon,0.0,0.0,1.0
477,court,0.0,0.0,3.0
478,courts,0.0,0.0,1.0
479,cover,0.0,2.0,2.0
480,coverage,0.0,0.0,4.0
481,covered,0.0,0.0,1.0
482,covid,0.0,40.0,0.0
483,cramping,0.0,8.0,0.0
484,cramps,0.0,1.0,0.0
485,create,0.0,1.0,5.0
486,created,0.0,0.0,2.0
487,creating,0.0,1.0,0.0
488,credit,0.0,0.0,2.0
489,crisis,0.0,1.0,0.0
490,crucial,0.0,0.0,1.0
491,css,0.0,38.0,0.0
492,cta,0.0,0.0,3.0
493,ctas,0.0,0.0,3.0
494,culture,0.0,0.0,6.0
495,currency,0.0,0.0,4.0
496,current,0.0,77.0,9.0
497,currentemailerror,0.0,0.0,1.0
498,currentgiftamount,0.0,0.0,4.0
499,currentqs,0.0,0.0,2.0
500,custom,0.0,0.0,10.0
501,customer,0.0,0.0,1.0
502,cómo,0.0,0.0,2.0
503,daily,0.0,1.0,0.0
504,data,0.0,0.0,15.0
505,datalayer,0.0,38.0,8.0
506,date,0.0,8.0,1.0
507,day,0.0,10.0,8.0
508,days,0.0,44.0,0.0
509,dca,0.0,3.0,0.0
510,dcaf,0.0,1.0,0.0
511,dcoffice,0.0,0.0,7.0
512,dcteamallfederation,0.0,0.0,1.0
513,deaconess,0.0,1.0,0.0
514,dead,0.0,0.0,1.0
515,deal,0.0,0.0,5.0
516,decide,0.0,0.0,1.0
517,decidirte,0.0,0.0,1.0
518,decision,0.0,0.0,1.0
519,decisions,0.0,0.0,1.0
520,declared,0.0,0.0,1.0
521,decor,0.0,0.0,1.0
522,decrease,0.0,42.0,1.0
523,dedicated,0.0,2.0,2.0
524,deduction,0.0,0.0,2.0
525,deepest,0.0,0.0,1.0
526,default,0.0,0.0,29.0
527,defaultms,0.0,0.0,1.0
528,defaults,0.0,0.0,2.0
529,defeat,0.0,0.0,1.0
530,defend,0.0,0.0,2.0
531,define,0.0,0.0,1.0
532,delay,0.0,0.0,1.0
533,delete,0.0,0.0,2.0
534,deleted,0.0,0.0,2.0
535,deliberately,0.0,0.0,1.0
536,delivered,0.0,0.0,1.0
537,delivers,0.0,0.0,4.0
538,delivery,0.0,0.0,2.0
539,department,0.0,2.0,0.0
540,depending,0.0,12.0,1.0
541,describe,0.0,11.0,0.0
542,description,0.0,0.0,4.0
543,descriptions,0.0,1.0,0.0
544,deseamos,0.0,0.0,1.0
545,deserve,0.0,0.0,1.0
546,deserves,0.0,0.0,1.0
547,desire,0.0,1.0,0.0
548,details,0.0,0.0,3.0
549,determine,0.0,2.0,0.0
550,develop,0.0,1.0,0.0
551,development,0.0,0.0,14.0
552,device,0.0,3.0,1.0
553,diafragma,0.0,0.0,2.0
554,diagnose,0.0,2.0,0.0
555,diagnosis,0.0,3.0,0.0
556,did,0.0,0.0,4.0
557,didn't,0.0,0.0,1.0
558,diego,0.0,1.0,0.0
559,diferentes,0.0,0.0,1.0
560,difference,0.0,0.0,1.0
561,different,0.0,0.0,3.0
562,difficult,0.0,2.0,1.0
563,difficulty,0.0,24.0,0.0
564,digital,0.0,0.0,9.0
565,dilapan,0.0,10.0,0.0
566,dilate,0.0,4.0,0.0
567,dilation,0.0,6.0,0.0
568,direct,0.0,0.0,4.0
569,directed,0.0,0.0,4.0
570,directions,0.0,0.0,1.0
571,directly,0.0,3.0,4.0
572,director,0.0,1.0,0.0
573,disable,0.0,0.0,6.0
574,disabled,0.0,0.0,1.0
575,disabling,0.0,0.0,1.0
576,discreet,0.0,1.0,0.0
577,discuss,0.0,22.0,1.0
578,disinfected,0.0,1.0,0.0
579,display,0.0,8.0,9.0
580,distance,0.0,1.0,0.0
581,div,0.0,38.0,6.0
582,diverse,0.0,0.0,1.0
583,diving,0.0,0.0,1.0
584,django,0.0,0.0,3.0
585,docasap,0.0,0.0,1.0
586,doctor,0.0,1.0,0.0
587,doctors,0.0,8.0,0.0
588,document,0.0,0.0,3.0
589,does,0.0,30.0,17.0
590,doesn't,0.0,0.0,1.0
591,dollar,0.0,0.0,2.0
592,domestic,0.0,1.0,0.0
593,don't,0.0,0.0,7.0
594,donate,0.0,0.0,26.0
595,donates,0.0,0.0,1.0
596,donations,0.0,0.0,2.0
597,done,0.0,1.0,0.0
598,donor,0.0,0.0,16.0
599,don’t,0.0,1.0,3.0
600,door,0.0,2.0,0.0
601,dose,0.0,1.0,0.0
602,dotted,0.0,0.0,1.0
603,double,0.0,9.0,0.0
604,doula,0.0,1.0,0.0
605,down,0.0,39.0,8.0
606,download,0.0,20.0,0.0
607,downloaded,0.0,0.0,1.0
608,downtown,0.0,3.0,0.0
609,drastic,0.0,0.0,1.0
610,drive,0.0,2.0,0.0
611,driving,0.0,0.0,1.0
612,drop,0.0,0.0,4.0
613,dropdown,0.0,0.0,4.0
614,drug,0.0,0.0,2.0
615,dua,0.0,0.0,1.0
616,due,0.0,1.0,3.0
617,dulles,0.0,2.0,0.0
618,dupont,0.0,132.0,0.0
619,duration,0.0,1.0,0.0
620,during,0.0,11.0,4.0
621,dutch,0.0,19.0,0.0
622,dysfunction,0.0,0.0,4.0
623,ea's,0.0,0.0,2.0
624,each,0.0,31.0,5.0
625,early,0.0,2.0,0.0
626,earrings,0.0,0.0,1.0
627,ease,0.0,4.0,15.0
628,easily,0.0,1.0,1.0
629,eatoaffiliatemap,0.0,0.0,1.0
630,ecard,0.0,0.0,3.0
631,ecardmessage,0.0,0.0,1.0
632,ecards,0.0,0.0,1.0
633,ecardsection,0.0,0.0,1.0
634,ecardupdate,0.0,0.0,1.0
635,ecardvalidation,0.0,0.0,1.0
636,echoes,0.0,0.0,2.0
637,ectopic,0.0,14.0,0.0
638,ectopics,0.0,1.0,0.0
639,edit,0.0,0.0,1.0
640,editor,0.0,0.0,1.0
641,educate,0.0,0.0,1.0
642,education,0.0,0.0,8.0
643,educator,0.0,0.0,1.0
644,educators,0.0,0.0,4.0
645,effective,0.0,2.0,6.0
646,effectiveness,0.0,1.0,2.0
647,effort,0.0,1.0,0.0
648,ein,0.0,0.0,2.0
649,either,0.0,2.0,0.0
650,ejaculating,0.0,0.0,2.0
651,elected,0.0,0.0,2.0
652,elections,0.0,0.0,4.0
653,electronic,0.0,0.0,1.0
654,elegir,0.0,0.0,1.0
655,element,0.0,5.0,1.0
656,elements,0.0,0.0,1.0
657,eliminated,0.0,0.0,1.0
658,eliminates,0.0,9.0,0.0
659,else,0.0,109.0,76.0
660,elsewhere,0.0,1.0,0.0
661,email,0.0,0.0,27.0
662,emailerrormsg,0.0,0.0,1.0
663,emailfield,0.0,0.0,1.0
664,emailinfo,0.0,0.0,2.0
665,emailreq,0.0,0.0,1.0
666,emails,0.0,0.0,1.0
667,emailtoggle,0.0,0.0,1.0
668,embed,0.0,0.0,1.0
669,emergencia,0.0,0.0,2.0
670,emergencies,0.0,1.0,0.0
671,emergency,0.0,0.0,5.0
672,emotional,0.0,1.0,0.0
673,employees,0.0,8.0,0.0
674,empty,0.0,0.0,7.0
675,enable,0.0,0.0,3.0
676,enabled,0.0,19.0,2.0
677,encodedtweet,0.0,0.0,2.0
678,encontrar,0.0,0.0,1.0
679,encourage,0.0,1.0,0.0
680,encouraged,0.0,1.0,0.0
681,end,0.0,79.0,6.0
682,endometrial,0.0,3.0,0.0
683,endorse,0.0,0.0,1.0
684,energy,0.0,0.0,1.0
685,engagement,0.0,0.0,7.0
686,england,0.0,0.0,7.0
687,english,0.0,38.0,0.0
688,enough,0.0,8.0,1.0
689,enroll,0.0,0.0,1.0
690,enrollment,0.0,0.0,2.0
691,ensure,0.0,7.0,4.0
692,enter,0.0,0.0,10.0
693,entering,0.0,2.0,0.0
694,entire,0.0,22.0,0.0
695,entrance,0.0,1.0,0.0
696,environment,0.0,1.0,0.0
697,equip,0.0,0.0,1.0
698,equipment,0.0,1.0,0.0
699,equipped,0.0,1.0,0.0
700,equity,0.0,0.0,4.0
701,error,0.0,19.0,26.0
702,error',0.0,0.0,1.0
703,errorcheck,0.0,0.0,3.0
704,errormessage,0.0,54.0,0.0
705,escort,0.0,3.0,0.0
706,español,0.0,0.0,9.0
707,essential,0.0,4.0,0.0
708,est,0.0,20.0,0.0
709,estimate,0.0,0.0,1.0
710,estás,0.0,0.0,1.0
711,eur,0.0,0.0,2.0
712,euro,0.0,0.0,2.0
713,evacuation,0.0,4.0,0.0
714,evacuation”,0.0,3.0,0.0
715,evaluation,0.0,3.0,0.0
716,eve,0.0,0.0,1.0
717,even,0.0,1.0,1.0
718,event,0.0,0.0,6.0
719,events,0.0,0.0,3.0
720,ever,0.0,9.0,0.0
721,evergreen,0.0,0.0,1.0
722,every,0.0,10.0,3.0
723,everyaction,0.0,0.0,1.0
724,everyone,0.0,1.0,2.0
725,everything,0.0,8.0,1.0
726,evp,0.0,0.0,5.0
727,exam,0.0,6.0,1.0
728,except,0.0,0.0,4.0
729,excepted,0.0,0.0,1.0
730,exchanges,0.0,0.0,1.0
731,excluded,0.0,0.0,2.0
732,exclusive,0.0,0.0,1.0
733,existing,0.0,0.0,2.0
734,exists,0.0,0.0,3.0
735,exit,0.0,3.0,0.0
736,expanding,0.0,1.0,0.0
737,expansion,0.0,0.0,1.0
738,expect,0.0,7.0,0.0
739,expectations…,0.0,1.0,0.0
740,expectations…thank,0.0,7.0,0.0
741,expected,0.0,0.0,1.0
742,experience,0.0,48.0,2.0
743,experienced,0.0,3.0,0.0
744,experiencing,0.0,1.0,0.0
745,expert,0.0,0.0,1.0
746,experts,0.0,0.0,5.0
747,expiresess,0.0,0.0,1.0
748,explicitly,0.0,0.0,1.0
749,explosion,0.0,0.0,1.0
750,extent,0.0,1.0,8.0
751,extra,0.0,1.0,0.0
752,extraordinary,0.0,8.0,0.0
753,extrauterine,0.0,1.0,0.0
754,extremely,0.0,2.0,0.0
755,facebook,0.0,0.0,4.0
756,facebookenglish,0.0,0.0,1.0
757,facebookyou,0.0,0.0,1.0
758,facility,0.0,1.0,0.0
759,facog,0.0,1.0,0.0
760,facts,0.0,0.0,4.0
761,fadein,0.0,0.0,4.0
762,fadeout,0.0,0.0,4.0
763,fail,0.0,1.0,0.0
764,failed,0.0,0.0,1.0
765,fair,0.0,0.0,1.0
766,faith,0.0,0.0,1.0
767,fall,0.0,1.0,0.0
768,fallopian,0.0,1.0,0.0
769,false,0.0,0.0,1.0
770,family,0.0,7.0,2.0
771,faq,0.0,38.0,2.0
772,far,0.0,11.0,0.0
773,farragut,0.0,7.0,0.0
774,farther,0.0,1.0,0.0
775,farthest,0.0,1.0,0.0
776,fast,0.0,0.0,1.0
777,fax,0.0,3.0,0.0
778,featured,0.0,0.0,1.0
779,featuresnfl,0.0,0.0,1.0
780,featuring,0.0,0.0,2.0
781,federal,0.0,0.0,9.0
782,federally,0.0,1.0,0.0
783,federation,0.0,1.0,12.0
784,federationdc,0.0,1.0,0.0
785,fee,0.0,0.0,1.0
786,feel,0.0,15.0,3.0
787,fellowship,0.0,3.0,0.0
788,felt,0.0,19.0,0.0
789,female,0.0,0.0,2.0
790,feminism,0.0,0.0,1.0
791,feminist,0.0,0.0,1.0
792,fertility,0.0,1.0,0.0
793,fetal,0.0,9.0,0.0
794,fever,0.0,1.0,0.0
795,few,0.0,3.0,0.0
796,fibroids,0.0,1.0,0.0
797,field,0.0,19.0,20.0
798,fields,0.0,0.0,4.0
799,fight,0.0,0.0,4.0
800,figures,0.0,0.0,2.0
801,file,0.0,19.0,3.0
802,files,0.0,9.0,1.0
803,filing,0.0,1.0,0.0
804,fill,0.0,5.0,9.0
805,filter,0.0,0.0,3.0
806,financehybridoffice,0.0,0.0,1.0
807,financial,0.0,2.0,6.0
808,find,0.0,21.0,29.0
809,finding,0.0,2.0,4.0
810,fire,0.0,0.0,2.0
811,firefox,0.0,20.0,0.0
812,firmly,0.0,1.0,0.0
813,first,0.0,68.0,15.0
814,firstname,0.0,0.0,1.0
815,firstnameerror,0.0,0.0,1.0
816,firstnamefield,0.0,0.0,1.0
817,fits,0.0,0.0,1.0
818,fitting,0.0,1.0,0.0
819,fix,0.0,9.0,4.0
820,fjs,0.0,0.0,4.0
821,flash,0.0,38.0,0.0
822,flights,0.0,3.0,0.0
823,float,0.0,0.0,1.0
824,florida,0.0,0.0,1.0
825,focus,0.0,1.0,3.0
826,focused,0.0,22.0,0.0
827,follow,0.0,2.0,26.0
828,followed,0.0,3.0,0.0
829,following,0.0,3.0,5.0
830,follows,0.0,0.0,1.0
831,font,0.0,19.0,2.0
832,forever,0.0,1.0,0.0
833,form,0.0,59.0,21.0
834,formanagement,0.0,1.0,0.0
835,format,0.0,0.0,7.0
836,formed,0.0,0.0,1.0
837,formelements,0.0,0.0,1.0
838,formnever,0.0,0.0,1.0
839,forms,0.0,0.0,9.0
840,formurl,0.0,0.0,1.0
841,forward,0.0,1.0,1.0
842,found,0.0,1.0,1.0
843,founded,0.0,0.0,1.0
844,foundoptionvalue,0.0,0.0,1.0
845,four,0.0,2.0,0.0
846,frame,0.0,0.0,2.0
847,francisco,0.0,1.0,0.0
848,freaking,0.0,8.0,0.0
849,free,0.0,0.0,5.0
850,french,0.0,19.0,0.0
851,frequency,0.0,0.0,4.0
852,frequently,0.0,20.0,4.0
853,fri,0.0,0.0,1.0
854,friend,0.0,8.0,1.0
855,friendly,0.0,1.0,0.0
856,friends,0.0,9.0,0.0
857,fromhead,0.0,0.0,1.0
858,full,0.0,2.0,6.0
859,fullest,0.0,0.0,8.0
860,fullstory,0.0,0.0,2.0
861,fully,0.0,1.0,0.0
862,function,0.0,206.0,33.0
863,functions,0.0,0.0,1.0
864,fund,0.0,1.0,7.0
865,funding,0.0,4.0,2.0
866,fundnational,0.0,1.0,0.0
867,funds,0.0,3.0,0.0
868,funtion,0.0,0.0,1.0
869,further,0.0,0.0,3.0
870,future,0.0,0.0,3.0
871,gaallowlinker,0.0,0.0,1.0
872,gaclientid,0.0,0.0,1.0
873,gacode,0.0,0.0,1.0
874,gaithersburg,0.0,0.0,1.0
875,garage,0.0,1.0,0.0
876,garages,0.0,2.0,0.0
877,gender,0.0,0.0,4.0
878,general,0.0,0.0,11.0
879,generally,0.0,1.0,0.0
880,generation,0.0,0.0,1.0
881,generic,0.0,19.0,2.0
882,gently,0.0,4.0,0.0
883,george,0.0,1.0,0.0
884,george’s,0.0,0.0,1.0
885,german,0.0,19.0,0.0
886,gestation,0.0,1.0,0.0
887,gestational,0.0,3.0,0.0
888,get,0.0,1.0,57.0
889,getcookie,0.0,0.0,1.0
890,geturlvars,0.0,0.0,1.0
891,gift,0.0,0.0,21.0
892,giftsection,0.0,0.0,1.0
893,give,0.0,9.0,12.0
894,gives,0.0,1.0,1.0
895,giving,0.0,1.0,1.0
896,glad,0.0,0.0,1.0
897,global,0.0,0.0,3.0
898,glossary,0.0,0.0,5.0
899,goal,0.0,1.0,0.0
900,goes,0.0,0.0,2.0
901,going,0.0,1.0,0.0
902,golden,0.0,2.0,1.0
903,gone,0.0,0.0,2.0
904,good,0.0,0.0,4.0
905,goods,0.0,0.0,2.0
906,google,0.0,0.0,8.0
907,got,0.0,0.0,2.0
908,gov,0.0,0.0,2.0
909,govcheck,0.0,0.0,1.0
910,government,0.0,0.0,1.0
911,goverrormsg,0.0,0.0,1.0
912,gowns,0.0,1.0,0.0
913,grab,0.0,0.0,6.0
914,grabs,0.0,0.0,6.0
915,graduate,0.0,1.0,0.0
916,grants,0.0,0.0,1.0
917,grateful,0.0,2.0,0.0
918,gratitude,0.0,0.0,2.0
919,grayscale,0.0,19.0,0.0
920,great,0.0,1.0,12.0
921,greater,0.0,0.0,3.0
922,gregory,0.0,2.0,0.0
923,groups,0.0,0.0,2.0
924,gtm,0.0,0.0,2.0
925,guaranteed,0.0,0.0,1.0
926,guardian,0.0,0.0,2.0
927,guardian's,0.0,0.0,2.0
928,guidance,0.0,4.0,0.0
929,guide,0.0,3.0,1.0
930,guidelines,0.0,1.0,1.0
931,gulf,0.0,0.0,3.0
932,gynecologic,0.0,1.0,0.0
933,gynecologist,0.0,0.0,1.0
934,gynecologists,0.0,0.0,1.0
935,gynecology,0.0,60.0,1.0
936,had,0.0,8.0,0.0
937,hampshire,0.0,1.0,0.0
938,handheld,0.0,3.0,0.0
939,happens,0.0,2.0,0.0
940,happy,0.0,0.0,1.0
941,harmful,0.0,0.0,1.0
942,harvard,0.0,3.0,0.0
943,hash,0.0,0.0,1.0
944,hashes,0.0,0.0,1.0
945,hat,0.0,0.0,1.0
946,hate,0.0,0.0,1.0
947,have,0.0,116.0,37.0
948,haven't,0.0,0.0,1.0
949,having,0.0,1.0,1.0
950,head,0.0,0.0,1.0
951,headers,0.0,0.0,2.0
952,health,0.0,41.0,91.0
953,healthcare,0.0,0.0,4.0
954,healthier,0.0,0.0,1.0
955,healthrelationships,0.0,0.0,1.0
956,healthsexual,0.0,0.0,1.0
957,healthy,0.0,1.0,4.0
958,hear,0.0,2.0,4.0
959,heart,0.0,9.0,0.0
960,heating,0.0,1.0,0.0
961,heavier,0.0,1.0,0.0
962,help,0.0,23.0,11.0
963,helpful,0.0,0.0,1.0
964,helping,0.0,1.0,2.0
965,helps,0.0,1.0,0.0
966,hence,0.0,0.0,1.0
967,henson,0.0,0.0,2.0
968,her,0.0,1.0,0.0
969,here,0.0,53.0,5.0
970,herelearn,0.0,3.0,0.0
971,here’s,0.0,0.0,1.0
972,hidden,0.0,0.0,2.0
973,hide,0.0,0.0,10.0
974,hides,0.0,0.0,5.0
975,hiding,0.0,0.0,1.0
976,high,0.0,20.0,0.0
977,higher,0.0,1.0,0.0
978,highest,0.0,22.0,0.0
979,highly,0.0,2.0,0.0
980,hill,0.0,0.0,1.0
981,hipaa,0.0,0.0,2.0
982,his,0.0,1.0,0.0
983,history,0.0,42.0,0.0
984,hiv,0.0,0.0,4.0
985,hold,0.0,8.0,0.0
986,holes,0.0,0.0,2.0
987,hollow,0.0,0.0,8.0
988,home,0.0,17.0,8.0
989,homepage,0.0,0.0,4.0
990,honoree,0.0,0.0,5.0
991,honoreecontainer,0.0,0.0,1.0
992,honoreeemail,0.0,0.0,1.0
993,honoreeerror,0.0,0.0,1.0
994,honoreefield,0.0,0.0,1.0
995,honortoggle,0.0,0.0,1.0
996,hoodie,0.0,0.0,2.0
997,hoodiesbaby,0.0,0.0,1.0
998,hora,0.0,0.0,1.0
999,hormone,0.0,2.0,4.0
1000,hospital,0.0,6.0,0.0
1001,hostname,0.0,15.0,0.0
1002,hot,0.0,1.0,0.0
1003,hotel,0.0,6.0,0.0
1004,hotels,0.0,3.0,0.0
1005,hotfix,0.0,0.0,2.0
1006,hotline,0.0,3.0,0.0
1007,hour,0.0,5.0,1.0
1008,hours,0.0,8.0,7.0
1009,house,0.0,0.0,1.0
1010,how,0.0,14.0,21.0
1011,hscsn,0.0,0.0,1.0
1012,htmldiv,0.0,38.0,0.0
1013,htmldivcss,0.0,26.0,0.0
1014,hub,0.0,1.0,0.0
1015,humanly,0.0,8.0,0.0
1016,hysteroscopic,0.0,1.0,0.0
1017,i'd,0.0,0.0,2.0
1018,iad,0.0,3.0,0.0
1019,icon,0.0,0.0,1.0
1020,idaho,0.0,0.0,3.0
1021,identify,0.0,0.0,1.0
1022,identity,0.0,0.0,4.0
1023,ifr,0.0,5.0,0.0
1024,iframe,0.0,34.0,0.0
1025,iframeparams,0.0,15.0,0.0
1026,ignore,0.0,0.0,2.0
1027,iho,0.0,0.0,6.0
1028,ihocount,0.0,0.0,1.0
1029,image,0.0,0.0,4.0
1030,img,0.0,168.0,9.0
1031,immediate,0.0,0.0,1.0
1032,immediately,0.0,1.0,0.0
1033,imo,0.0,0.0,5.0
1034,imocount,0.0,0.0,1.0
1035,impact,0.0,0.0,7.0
1036,implant,0.0,0.0,2.0
1037,implantation,0.0,1.0,0.0
1038,implantations,0.0,1.0,0.0
1039,implants,0.0,0.0,1.0
1040,important,0.0,1.0,0.0
1041,improve,0.0,2.0,6.0
1042,inaccurately,0.0,2.0,0.0
1043,inappropriate,0.0,0.0,1.0
1044,inauguration,0.0,0.0,1.0
1045,incest,0.0,1.0,0.0
1046,inclement,0.0,0.0,2.0
1047,include,0.0,18.0,3.0
1048,includes,0.0,18.0,0.0
1049,including,0.0,8.0,4.0
1050,increase,0.0,39.0,0.0
1051,increases,0.0,1.0,0.0
1052,incredible,0.0,1.0,0.0
1053,incremental,0.0,0.0,1.0
1054,independence,0.0,0.0,1.0
1055,independent,0.0,0.0,4.0
1056,indigenous,0.0,0.0,1.0
1057,induce,0.0,1.0,0.0
1058,induced,0.0,2.0,0.0
1059,induction,0.0,6.0,0.0
1060,infants,0.0,0.0,1.0
1061,infections,0.0,0.0,4.0
1062,infinite,0.0,0.0,15.0
1063,info,0.0,86.0,6.0
1064,infocon,0.0,0.0,1.0
1065,inforgot,0.0,0.0,1.0
1066,informarte,0.0,0.0,1.0
1067,information,0.0,10.0,22.0
1068,informational,0.0,0.0,1.0
1069,informed,0.0,19.0,1.0
1070,inherit,0.0,0.0,1.0
1071,init,0.0,0.0,1.0
1072,initial,0.0,13.0,0.0
1073,initialize,0.0,0.0,1.0
1074,initiative,0.0,0.0,1.0
1075,inline,0.0,38.0,0.0
1076,inmessengerfacebook,0.0,0.0,1.0
1077,input,0.0,10.0,3.0
1078,insert,0.0,0.0,1.0
1079,inserting,0.0,1.0,0.0
1080,insertion,0.0,1.0,0.0
1081,inset,0.0,19.0,4.0
1082,inside,0.0,2.0,1.0
1083,insights,0.0,0.0,3.0
1084,instagram,0.0,2.0,2.0
1085,instanceof,0.0,0.0,82.0
1086,instantly,0.0,0.0,1.0
1087,instead,0.0,0.0,1.0
1088,insurance,0.0,1.0,22.0
1089,integration,0.0,0.0,2.0
1090,interested,0.0,0.0,1.0
1091,interfere,0.0,1.0,0.0
1092,internal,0.0,0.0,2.0
1093,international,0.0,3.0,0.0
1094,internet,0.0,0.0,3.0
1095,interpretation,0.0,0.0,4.0
1096,interpreter,0.0,0.0,2.0
1097,interpreters,0.0,0.0,2.0
1098,interrupt,0.0,0.0,1.0
1099,intervene,0.0,0.0,1.0
1100,into,0.0,9.0,4.0
1101,intracavitary,0.0,2.0,0.0
1102,intracavity,0.0,1.0,0.0
1103,intrauterine,0.0,6.0,0.0
1104,intravenous,0.0,4.0,0.0
1105,invasive,0.0,2.0,0.0
1106,involve,0.0,2.0,0.0
1107,involved,0.0,0.0,18.0
1108,involvement,0.0,1.0,0.0
1109,involves,0.0,1.0,0.0
1110,inyección,0.0,0.0,2.0
1111,irs,0.0,0.0,2.0
1112,isjotform,0.0,5.0,0.0
1113,island,0.0,1.0,0.0
1114,ismonthlygift,0.0,0.0,2.0
1115,isn't,0.0,0.0,2.0
1116,isprofane,0.0,0.0,1.0
1117,issues,0.0,0.0,6.0
1118,it's,0.0,19.0,4.0
1119,italian,0.0,19.0,0.0
1120,items,0.0,0.0,1.0
1121,iterate,0.0,0.0,2.0
1122,iteration,0.0,0.0,2.0
1123,itself,0.0,4.0,0.0
1124,iud,0.0,1.0,3.0
1125,i’m,0.0,0.0,2.0
1126,january,0.0,0.0,1.0
1127,javascript,0.0,0.0,4.0
1128,jennefer,0.0,3.0,0.0
1129,jessica,0.0,1.0,0.0
1130,jewelry,0.0,1.0,0.0
1131,job,0.0,0.0,1.0
1132,jobs,0.0,0.0,6.0
1133,join,0.0,39.0,3.0
1134,joined,0.0,0.0,1.0
1135,journey,0.0,1.0,0.0
1136,json,0.0,0.0,4.0
1137,judgement…the,0.0,8.0,0.0
1138,just,0.0,16.0,8.0
1139,kaiser,0.0,0.0,1.0
1140,keep,0.0,4.0,5.0
1141,keeps,0.0,0.0,2.0
1142,kentucky,0.0,0.0,7.0
1143,kept,0.0,8.0,2.0
1144,ketorolac,0.0,1.0,0.0
1145,key,0.0,0.0,3.0
1146,keypress,0.0,0.0,1.0
1147,keys,0.0,77.0,3.0
1148,keyvalue,0.0,38.0,0.0
1149,kindness,0.0,1.0,0.0
1150,king,0.0,0.0,1.0
1151,kit,0.0,0.0,1.0
1152,kits,0.0,0.0,1.0
1153,know,0.0,1.0,12.0
1154,knowledge,0.0,0.0,1.0
1155,known,0.0,5.0,0.0
1156,kuperstock,0.0,2.0,0.0
1157,label,0.0,0.0,102.0
1158,labels,0.0,0.0,1.0
1159,labor,0.0,1.0,2.0
1160,lacking,0.0,0.0,1.0
1161,landing,0.0,0.0,1.0
1162,lang,0.0,19.0,0.0
1163,language,0.0,0.0,7.0
1164,lapel,0.0,0.0,1.0
1165,largest,0.0,0.0,3.0
1166,las,0.0,0.0,2.0
1167,last,0.0,1.0,7.0
1168,lastnameerror,0.0,0.0,1.0
1169,lastnamefield,0.0,0.0,1.0
1170,lasts,0.0,5.0,0.0
1171,later,0.0,2.0,0.0
1172,latest,0.0,19.0,4.0
1173,latinos,0.0,0.0,1.0
1174,laugh,0.0,8.0,0.0
1175,law,0.0,0.0,1.0
1176,lawapplyassociate,0.0,0.0,1.0
1177,lawhybridapplyparalegal,0.0,0.0,1.0
1178,lawhybridapplysenior,0.0,0.0,1.0
1179,lawnyc,0.0,0.0,1.0
1180,laws,0.0,1.0,3.0
1181,lawsuit,0.0,0.0,3.0
1182,lead,0.0,0.0,1.0
1183,leadership,0.0,1.0,2.0
1184,leading,0.0,0.0,3.0
1185,learn,0.0,22.0,21.0
1186,learning,0.0,0.0,1.0
1187,least,0.0,38.0,2.0
1188,leave,0.0,21.0,0.0
1189,leaving,0.0,0.0,5.0
1190,left,0.0,24.0,9.0
1191,legal,0.0,3.0,7.0
1192,leiomyomas,0.0,2.0,0.0
1193,length,0.0,0.0,1.0
1194,less,0.0,4.0,0.0
1195,let,0.0,0.0,26.0
1196,letters,0.0,0.0,1.0
1197,let’s,0.0,0.0,1.0
1198,level,0.0,22.0,0.0
1199,levonorgestrel,0.0,1.0,0.0
1200,library,0.0,9.0,0.0
1201,lidocaine,0.0,2.0,0.0
1202,life,0.0,2.0,0.0
1203,ligation,0.0,1.0,0.0
1204,light,0.0,32.0,0.0
1205,like,0.0,62.0,4.0
1206,likely,0.0,3.0,0.0
1207,liletta,0.0,4.0,0.0
1208,limited,0.0,1.0,0.0
1209,line,0.0,13.0,4.0
1210,linear,0.0,0.0,5.0
1211,link,0.0,0.0,8.0
1212,links,0.0,19.0,0.0
1213,list,0.0,3.0,1.0
1214,listed,0.0,1.0,1.0
1215,litigation,0.0,0.0,3.0
1216,live,0.0,0.0,4.0
1217,llcif,0.0,0.0,1.0
1218,load,0.0,12.0,5.0
1219,loading,0.0,0.0,23.0
1220,loads,0.0,0.0,3.0
1221,local,0.0,12.0,8.0
1222,locally,0.0,0.0,2.0
1223,located,0.0,9.0,2.0
1224,locating,0.0,1.0,1.0
1225,location,0.0,42.0,0.0
1226,lodash,0.0,0.0,1.0
1227,log,0.0,0.0,3.0
1228,long,0.0,0.0,5.0
1229,look,0.0,4.0,4.0
1230,looking,0.0,2.0,0.0
1231,looks,0.0,8.0,1.0
1232,los,0.0,1.0,6.0
1233,lose,0.0,1.0,0.0
1234,loud,0.0,1.0,0.0
1235,louis,0.0,0.0,3.0
1236,love,0.0,2.0,0.0
1237,loving,0.0,8.0,1.0
1238,lower,0.0,0.0,1.0
1239,lowest,0.0,1.0,0.0
1240,luther,0.0,0.0,1.0
1241,lyft,0.0,1.0,0.0
1242,mac,0.0,19.0,0.0
1243,made,0.0,1.0,2.0
1244,mail,0.0,0.0,13.0
1245,mailchecks,0.0,0.0,1.0
1246,mailed,0.0,0.0,1.0
1247,mailinfo,0.0,0.0,3.0
1248,mailtoggle,0.0,0.0,1.0
1249,main,0.0,0.0,53.0
1250,maintain,0.0,1.0,0.0
1251,major,0.0,0.0,2.0
1252,majority,0.0,3.0,0.0
1253,make,0.0,39.0,14.0
1254,makes,0.0,1.0,0.0
1255,making,0.0,10.0,1.0
1256,manage,0.0,1.0,1.0
1257,management,0.0,7.0,0.0
1258,managementnyc,0.0,0.0,1.0
1259,mandated,0.0,1.0,0.0
1260,many,0.0,7.0,6.0
1261,map,0.0,1.0,1.0
1262,mapped,0.0,0.0,2.0
1263,mappedfalse,0.0,0.0,2.0
1264,mappedga,0.0,0.0,1.0
1265,mappedms,0.0,0.0,1.0
1266,mappedq,0.0,0.0,2.0
1267,mappedtext,0.0,0.0,4.0
1268,mappedtrue,0.0,0.0,2.0
1269,maps,0.0,0.0,2.0
1270,mar,0.0,0.0,3.0
1271,marc,0.0,2.0,0.0
1272,market,0.0,0.0,1.0
1273,marketing,0.0,0.0,1.0
1274,marketingnew,0.0,0.0,1.0
1275,marketplace,0.0,0.0,2.0
1276,marketsource,0.0,0.0,5.0
1277,marriott,0.0,1.0,0.0
1278,marshall,0.0,1.0,0.0
1279,martin,0.0,0.0,1.0
1280,masks,0.0,2.0,0.0
1281,master,0.0,1.0,0.0
1282,masturbation,0.0,0.0,2.0
1283,match,0.0,0.0,5.0
1284,materials,0.0,0.0,1.0
1285,maternal,0.0,2.0,0.0
1286,matter,0.0,0.0,7.0
1287,matthew,0.0,2.0,0.0
1288,mau,0.0,0.0,1.0
1289,may,0.0,35.0,9.0
1290,mean,0.0,0.0,1.0
1291,meaningful,0.0,0.0,2.0
1292,means,0.0,0.0,3.0
1293,measures,0.0,0.0,1.0
1294,media,0.0,25.0,2.0
1295,medicaid,0.0,0.0,7.0
1296,medical,0.0,71.0,4.0
1297,medication,0.0,7.0,4.0
1298,medications,0.0,27.0,0.0
1299,medicine,0.0,1.0,0.0
1300,medium,0.0,0.0,3.0
1301,meet,0.0,12.0,0.0
1302,member,0.0,3.0,2.0
1303,members,0.0,2.0,0.0
1304,membership,0.0,0.0,11.0
1305,memorial,0.0,0.0,1.0
1306,men's,0.0,0.0,4.0
1307,menstrual,0.0,2.0,0.0
1308,menstruate,0.0,1.0,0.0
1309,mental,0.0,0.0,4.0
1310,mentions,0.0,0.0,1.0
1311,menu,0.0,0.0,1.0
1312,merch,0.0,0.0,1.0
1313,merge,0.0,0.0,3.0
1314,merges,0.0,0.0,2.0
1315,message,0.0,0.0,6.0
1316,messages,0.0,0.0,7.0
1317,meta,0.0,0.0,1.0
1318,method,0.0,1.0,10.0
1319,methods,0.0,5.0,2.0
1320,metro,0.0,7.0,3.0
1321,metropolitan,0.0,0.0,18.0
1322,mexico…”,0.0,1.0,0.0
1323,microphone,0.0,0.0,2.0
1324,microsoft,0.0,0.0,2.0
1325,mifepristone,0.0,2.0,0.0
1326,might,0.0,0.0,3.0
1327,mild,0.0,5.0,0.0
1328,miles,0.0,3.0,0.0
1329,million,0.0,0.0,5.0
1330,millions,0.0,0.0,4.0
1331,min,0.0,0.0,2.0
1332,minimally,0.0,2.0,0.0
1333,minimize,0.0,4.0,0.0
1334,minimum,0.0,2.0,0.0
1335,miniplayer,0.0,0.0,1.0
1336,minors,0.0,1.0,0.0
1337,minus,0.0,0.0,1.0
1338,minute,0.0,0.0,1.0
1339,minutes,0.0,8.0,1.0
1340,mirena,0.0,1.0,1.0
1341,miscarriage,0.0,1.0,0.0
1342,misleading,0.0,0.0,1.0
1343,misoprostol,0.0,2.0,0.0
1344,missed,0.0,1.0,0.0
1345,missing,0.0,1.0,1.0
1346,mission,0.0,0.0,2.0
1347,mississippi,0.0,0.0,3.0
1348,missouri,0.0,0.0,3.0
1349,mobile,0.0,0.0,3.0
1350,moco,0.0,0.0,1.0
1351,modal,0.0,0.0,5.0
1352,model,0.0,2.0,0.0
1353,mon,0.0,1.0,1.0
1354,monitor,0.0,0.0,1.0
1355,monte,0.0,0.0,3.0
1356,monthly,0.0,0.0,5.0
1357,months,0.0,0.0,9.0
1358,more,0.0,57.0,35.0
1359,morning,0.0,0.0,3.0
1360,moses,0.0,0.0,6.0
1361,most,0.0,22.0,10.0
1362,motivation,0.0,1.0,0.0
1363,motrin,0.0,1.0,0.0
1364,mountains,0.0,0.0,5.0
1365,mousedown,0.0,0.0,1.0
1366,move,0.0,0.0,1.0
1367,moving,0.0,0.0,1.0
1368,mph,0.0,3.0,0.0
1369,much,0.0,7.0,0.0
1370,multiple,0.0,5.0,0.0
1371,multistep,0.0,0.0,1.0
1372,must,0.0,1.0,6.0
1373,mypostrender,0.0,0.0,12.0
1374,mypresegue,0.0,0.0,1.0
1375,myth,0.0,1.0,0.0
1376,más,0.0,0.0,1.0
1377,método,0.0,0.0,2.0
1378,métodos,0.0,0.0,4.0
1379,naf,0.0,2.0,0.0
1380,nairobinew,0.0,0.0,1.0
1381,nairobioffice,0.0,0.0,1.0
1382,name,0.0,0.0,12.0
1383,narrated,0.0,0.0,1.0
1384,national,0.0,7.0,0.0
1385,nationally,0.0,0.0,1.0
1386,nation’s,0.0,0.0,6.0
1387,native,0.0,0.0,2.0
1388,nav,0.0,0.0,1.0
1389,navigation,0.0,0.0,21.0
1390,ncas,0.0,0.0,1.0
1391,near,0.0,1.0,2.0
1392,nearby,0.0,1.0,0.0
1393,nearest,0.0,1.0,0.0
1394,necesidades,0.0,0.0,1.0
1395,necesitamos,0.0,0.0,1.0
1396,necessary,0.0,1.0,2.0
1397,need,0.0,18.0,11.0
1398,needed,0.0,1.0,0.0
1399,needs,0.0,35.0,2.0
1400,negative,0.0,19.0,0.0
1401,neither,0.0,0.0,3.0
1402,neithercheck,0.0,0.0,1.0
1403,net,0.0,0.0,1.0
1404,network,0.0,3.0,1.0
1405,networkthe,0.0,1.0,0.0
1406,never,0.0,2.0,3.0
1407,new,0.0,81.0,51.0
1408,newredirect,0.0,0.0,2.0
1409,news,0.0,0.0,2.0
1410,newsletter,0.0,0.0,1.0
1411,newsroom,0.0,0.0,2.0
1412,next,0.0,5.0,3.0
1413,nnaf,0.0,1.0,0.0
1414,noma,0.0,0.0,2.0
1415,nonbinary,0.0,0.0,1.0
1416,none,0.0,258.0,9.0
1417,nonprofit,0.0,0.0,2.0
1418,nor,0.0,19.0,0.0
1419,noreferrer,0.0,0.0,1.0
1420,normal,0.0,24.0,9.0
1421,north,0.0,2.0,12.0
1422,northern,0.0,0.0,4.0
1423,nosotros,0.0,0.0,1.0
1424,not,0.0,90.0,12.0
1425,note,0.0,0.0,3.0
1426,notice,0.0,0.0,2.0
1427,notification,0.0,0.0,2.0
1428,notifications,0.0,0.0,2.0
1429,november,0.0,0.0,1.0
1430,now,0.0,2.0,11.0
1431,null,0.0,19.0,2.0
1432,num,0.0,0.0,2.0
1433,number,0.0,4.0,6.0
1434,numbing,0.0,5.0,0.0
1435,numpad,0.0,0.0,2.0
1436,nurse,0.0,4.0,0.0
1437,nurses,0.0,2.0,0.0
1438,nursing,0.0,1.0,0.0
1439,nuvaring,0.0,0.0,1.0
1440,nuzzle,0.0,0.0,1.0
1441,nynyc,0.0,0.0,1.0
1442,nyoffice,0.0,0.0,4.0
1443,nyt,0.0,0.0,2.0
1444,object,0.0,0.0,1.0
1445,observación,0.0,0.0,2.0
1446,observer,0.0,0.0,1.0
1447,obstetrics,0.0,3.0,0.0
1448,obtain,0.0,0.0,3.0
1449,obtaining,0.0,22.0,0.0
1450,occasionally,0.0,0.0,1.0
1451,off,0.0,9.0,15.0
1452,offenders,0.0,0.0,1.0
1453,offer,0.0,7.0,1.0
1454,offered,0.0,0.0,4.0
1455,offering,0.0,0.0,1.0
1456,offers,0.0,2.0,1.0
1457,office,0.0,4.0,11.0
1458,officeapplyaffiliate,0.0,0.0,1.0
1459,officeapplymanaging,0.0,0.0,1.0
1460,officeapplymarketing,0.0,0.0,1.0
1461,officedirect,0.0,0.0,1.0
1462,officehybriddirect,0.0,0.0,1.0
1463,officeoffice,0.0,0.0,1.0
1464,officer,0.0,1.0,11.0
1465,officeremoteoffice,0.0,0.0,1.0
1466,offices,0.0,0.0,2.0
1467,officials,0.0,0.0,3.0
1468,often,0.0,5.0,0.0
1469,ohio,0.0,0.0,3.0
1470,old,0.0,0.0,4.0
1471,older,0.0,0.0,1.0
1472,once,0.0,6.0,1.0
1473,one,0.0,67.0,10.0
1474,ones,0.0,1.0,0.0
1475,online,0.0,2.0,16.0
1476,only,0.0,288.0,15.0
1477,onpolymerready,0.0,0.0,1.0
1478,opacity,0.0,19.0,22.0
1479,open,0.0,67.0,15.0
1480,opening,0.0,2.0,0.0
1481,openings,0.0,0.0,1.0
1482,openly,0.0,0.0,1.0
1483,opennewtab,0.0,19.0,0.0
1484,operated,0.0,0.0,7.0
1485,operating,0.0,0.0,5.0
1486,operations,0.0,1.0,2.0
1487,opportunities,0.0,0.0,1.0
1488,opposite,0.0,0.0,1.0
1489,opt,0.0,2.0,0.0
1490,option,0.0,14.0,2.0
1491,optional,0.0,0.0,2.0
1492,options,0.0,22.0,2.0
1493,optionvalue,0.0,0.0,1.0
1494,oral,0.0,1.0,0.0
1495,orcomplete,0.0,1.0,0.0
1496,order,0.0,1.0,0.0
1497,organization,0.0,0.0,3.0
1498,organizations,0.0,6.0,4.0
1499,orientation,0.0,0.0,4.0
1500,original,0.0,0.0,1.0
1501,other,0.0,15.0,16.0
1502,otherwise,0.0,22.0,2.0
1503,our,0.0,149.0,76.0
1504,out,0.0,10.0,22.0
1505,outline,0.0,1.0,0.0
1506,outside,0.0,1.0,2.0
1507,outstanding,0.0,0.0,2.0
1508,ovarian,0.0,1.0,0.0
1509,over,0.0,13.0,4.0
1510,overall,0.0,1.0,0.0
1511,overturning,0.0,0.0,1.0
1512,overview,0.0,0.0,6.0
1513,own,0.0,14.0,4.0
1514,oxford,0.0,0.0,1.0
1515,pad,0.0,1.0,2.0
1516,page,0.0,95.0,7.0
1517,pagejobs,0.0,0.0,1.0
1518,pages,0.0,0.0,3.0
1519,paid,0.0,0.0,1.0
1520,pain,0.0,11.0,0.0
1521,pants,0.0,1.0,0.0
1522,paragard,0.0,0.0,1.0
1523,paragraph,0.0,0.0,1.0
1524,parameter,0.0,0.0,1.0
1525,parent,0.0,3.0,6.0
1526,parent's,0.0,0.0,1.0
1527,parental,0.0,1.0,0.0
1528,parenthood,0.0,1.0,269.0
1529,parents,0.0,0.0,4.0
1530,parking,0.0,6.0,3.0
1531,part,0.0,0.0,1.0
1532,participate,0.0,0.0,10.0
1533,particular,0.0,7.0,0.0
1534,partner,0.0,0.0,3.0
1535,partnering,0.0,1.0,0.0
1536,pass,0.0,0.0,1.0
1537,passed,0.0,1.0,0.0
1538,passionately,0.0,0.0,1.0
1539,passwords,0.0,0.0,1.0
1540,path,0.0,0.0,13.0
1541,patient,0.0,68.0,3.0
1542,patients,0.0,95.0,2.0
1543,patients’,0.0,4.0,0.0
1544,patient’s,0.0,1.0,0.0
1545,pay,0.0,1.0,4.0
1546,payload,0.0,2.0,2.0
1547,payment,0.0,2.0,6.0
1548,paymentmethod,0.0,0.0,1.0
1549,payments,0.0,0.0,2.0
1550,pcg,0.0,3.0,0.0
1551,pelvic,0.0,6.0,0.0
1552,people,0.0,19.0,9.0
1553,peoples',0.0,0.0,1.0
1554,percentage,0.0,0.0,1.0
1555,perform,0.0,21.0,0.0
1556,performed,0.0,5.0,0.0
1557,period,0.0,4.0,5.0
1558,perks,0.0,0.0,1.0
1559,permanente,0.0,0.0,1.0
1560,permission,0.0,0.0,4.0
1561,person,0.0,5.0,0.0
1562,personal,0.0,1.0,3.0
1563,person’s,0.0,1.0,0.0
1564,phone,0.0,63.0,0.0
1565,photo,0.0,1.0,0.0
1566,photos,0.0,2.0,2.0
1567,physical,0.0,0.0,6.0
1568,physician,0.0,12.0,0.0
1569,physicians,0.0,4.0,0.0
1570,picture,0.0,2.0,1.0
1571,piercings,0.0,1.0,0.0
1572,pill,0.0,4.0,6.0
1573,pin,0.0,0.0,2.0
1574,pink,0.0,0.0,3.0
1575,pinshats,0.0,0.0,1.0
1576,pittsburgh,0.0,2.0,0.0
1577,place,0.0,30.0,0.0
1578,placed,0.0,2.0,1.0
1579,placement,0.0,3.0,0.0
1580,placing,0.0,1.0,0.0
1581,plains,0.0,0.0,5.0
1582,plan,0.0,2.0,3.0
1583,planned,0.0,1.0,271.0
1584,planning,0.0,3.0,1.0
1585,plans,0.0,0.0,2.0
1586,playback,0.0,0.0,2.0
1587,player,0.0,38.0,0.0
1588,please,0.0,53.0,33.0
1589,plugin,0.0,19.0,0.0
1590,plus,0.0,0.0,1.0
1591,pocket,0.0,0.0,1.0
1592,podría,0.0,0.0,1.0
1593,point,0.0,0.0,1.0
1594,policies,0.0,0.0,3.0
1595,policy,0.0,0.0,19.0
1596,policyapplypolicy,0.0,0.0,1.0
1597,policyhybridplanned,0.0,0.0,1.0
1598,policyprivacy,0.0,0.0,1.0
1599,policyterms,0.0,0.0,2.0
1600,policywork,0.0,0.0,1.0
1601,political,0.0,0.0,3.0
1602,politicians’,0.0,0.0,1.0
1603,polymer,0.0,4.0,0.0
1604,polyps,0.0,2.0,0.0
1605,populate,0.0,0.0,2.0
1606,populated,0.0,0.0,1.0
1607,populates,0.0,0.0,5.0
1608,por,0.0,0.0,1.0
1609,portuguese,0.0,19.0,0.0
1610,positive,0.0,1.0,0.0
1611,possible,0.0,34.0,0.0
1612,post,0.0,2.0,3.0
1613,postal,0.0,0.0,2.0
1614,postdata,0.0,0.0,2.0
1615,postrender,0.0,0.0,2.0
1616,posts,0.0,0.0,2.0
1617,potential,0.0,18.0,0.0
1618,powered,0.0,1.0,1.0
1619,ppfa,0.0,0.0,8.0
1620,ppmw,0.0,0.0,7.0
1621,ppmw's,0.0,0.0,1.0
1622,ppo,0.0,0.0,1.0
1623,practical,0.0,1.0,0.0
1624,practice,0.0,8.0,0.0
1625,pre,0.0,0.0,2.0
1626,precautions,0.0,1.0,0.0
1627,predictions,0.0,0.0,2.0
1628,preferred,0.0,0.0,2.0
1629,preganancy,0.0,1.0,0.0
1630,pregnancies,0.0,4.0,0.0
1631,pregnancy,0.0,28.0,10.0
1632,pregnant,0.0,1.0,6.0
1633,premium,0.0,0.0,1.0
1634,preparations,0.0,0.0,1.0
1635,prescription,0.0,0.0,2.0
1636,prescriptions,0.0,1.0,1.0
1637,presence,0.0,1.0,0.0
1638,president,0.0,0.0,4.0
1639,presidents,0.0,0.0,1.0
1640,presize,0.0,9.0,0.0
1641,press,0.0,0.0,3.0
1642,pressroom,0.0,0.0,1.0
1643,pretty,0.0,0.0,3.0
1644,prev,0.0,0.0,1.0
1645,prevent,0.0,2.0,7.0
1646,preventing,0.0,0.0,2.0
1647,prevents,0.0,1.0,0.0
1648,preview,0.0,0.0,3.0
1649,previous,0.0,0.0,1.0
1650,price,0.0,1.0,0.0
1651,pricing,0.0,0.0,1.0
1652,primarily,0.0,2.0,4.0
1653,primary,0.0,0.0,6.0
1654,print,0.0,0.0,3.0
1655,prior,0.0,1.0,1.0
1656,prioritizing,0.0,3.0,0.0
1657,privacy,0.0,11.0,13.0
1658,private,0.0,32.0,4.0
1659,privately,0.0,0.0,1.0
1660,problem,0.0,0.0,4.0
1661,procedure,0.0,53.0,1.0
1662,procedures,0.0,6.0,0.0
1663,process,0.0,19.0,0.0
1664,processing,0.0,1.0,1.0
1665,products,0.0,0.0,10.0
1666,profanity,0.0,0.0,1.0
1667,professionals,0.0,0.0,1.0
1668,profile,0.0,0.0,1.0
1669,profits,0.0,0.0,1.0
1670,program,0.0,0.0,2.0
1671,programs,0.0,0.0,2.0
1672,project,0.0,0.0,1.0
1673,promo,0.0,0.0,4.0
1674,promos,0.0,0.0,3.0
1675,promotional,0.0,0.0,1.0
1676,properties,0.0,0.0,2.0
1677,property,0.0,0.0,2.0
1678,proportion,0.0,1.0,0.0
1679,prospective,0.0,2.0,0.0
1680,protect,0.0,0.0,9.0
1681,protective,0.0,1.0,0.0
1682,provide,0.0,61.0,7.0
1683,provided,0.0,1.0,2.0
1684,provider,0.0,6.0,11.0
1685,providers,0.0,66.0,4.0
1686,provides,0.0,20.0,0.0
1687,providing,0.0,1.0,0.0
1688,pst,0.0,2.0,0.0
1689,public,0.0,1.0,2.0
1690,publications,0.0,0.0,1.0
1691,pull,0.0,0.0,3.0
1692,pulling,0.0,0.0,5.0
1693,pulls,0.0,0.0,1.0
1694,purchase,0.0,0.0,1.0
1695,purposes,0.0,0.0,1.0
1696,push,0.0,0.0,2.0
1697,put,0.0,0.0,3.0
1698,píldoras,0.0,0.0,2.0
1699,qodeadminajax,0.0,19.0,0.0
1700,qodeglobalvars,0.0,19.0,0.0
1701,qodelike,0.0,19.0,0.0
1702,qualified,0.0,1.0,0.0
1703,qualify,0.0,0.0,1.0
1704,quality,0.0,1.0,0.0
1705,quarters,0.0,1.0,0.0
1706,que,0.0,0.0,1.0
1707,queries,0.0,0.0,1.0
1708,querystring,0.0,0.0,1.0
1709,querystrings,0.0,0.0,1.0
1710,question,0.0,0.0,8.0
1711,questions,0.0,26.0,9.0
1712,queue,0.0,0.0,2.0
1713,quick,0.0,2.0,1.0
1714,quickexit,0.0,19.0,0.0
1715,quickexittrigger,0.0,19.0,0.0
1716,quit,0.0,0.0,1.0
1717,quizzes,0.0,0.0,2.0
1718,race,0.0,0.0,2.0
1719,radio,0.0,0.0,2.0
1720,radiology,0.0,1.0,0.0
1721,raleway,0.0,11.0,0.0
1722,rarely,0.0,1.0,0.0
1723,rates,0.0,0.0,1.0
1724,rdpze,0.0,0.0,1.0
1725,reach,0.0,7.0,2.0
1726,reached,0.0,0.0,4.0
1727,read,0.0,11.0,9.0
1728,readable,0.0,19.0,0.0
1729,reagan,0.0,2.0,0.0
1730,really,0.0,17.0,4.0
1731,reason,0.0,1.0,0.0
1732,reasons,0.0,0.0,1.0
1733,receipt,0.0,0.0,2.0
1734,receive,0.0,9.0,4.0
1735,received,0.0,0.0,1.0
1736,receiving,0.0,3.0,1.0
1737,recess,0.0,0.0,1.0
1738,recipient,0.0,0.0,5.0
1739,recommendations,0.0,0.0,1.0
1740,record,0.0,0.0,2.0
1741,records,0.0,0.0,2.0
1742,recover,0.0,6.0,0.0
1743,recruitment,0.0,0.0,7.0
1744,recurringfrequency,0.0,0.0,3.0
1745,red,0.0,5.0,2.0
1746,reddit,0.0,2.0,0.0
1747,redirect,0.0,19.0,0.0
1748,redirected,0.0,0.0,4.0
1749,reduce,0.0,4.0,0.0
1750,reducing,0.0,1.0,0.0
1751,reduction,0.0,2.0,0.0
1752,reductions,0.0,2.0,0.0
1753,reeves,0.0,4.0,0.0
1754,refer,0.0,60.0,1.0
1755,referral,0.0,25.0,0.0
1756,referrals,0.0,0.0,3.0
1757,referred,0.0,8.0,0.0
1758,referring,0.0,1.0,0.0
1759,refill,0.0,0.0,1.0
1760,reform,0.0,0.0,1.0
1761,regardless,0.0,9.0,0.0
1762,region,0.0,0.0,6.0
1763,regional,0.0,0.0,6.0
1764,registered,0.0,0.0,2.0
1765,registration,0.0,0.0,2.0
1766,regulations,0.0,0.0,2.0
1767,reimbursement,0.0,1.0,0.0
1768,related,0.0,2.0,0.0
1769,relationships,0.0,0.0,4.0
1770,relative,0.0,126.0,0.0
1771,relaxed,0.0,2.0,0.0
1772,release,0.0,1.0,0.0
1773,releases,0.0,0.0,2.0
1774,reliable,0.0,0.0,1.0
1775,remain,0.0,3.0,5.0
1776,remaining,0.0,1.0,0.0
1777,remains,0.0,0.0,1.0
1778,remove,0.0,28.0,2.0
1779,removes,0.0,3.0,0.0
1780,removing,0.0,0.0,1.0
1781,renders,0.0,0.0,3.0
1782,repeat,0.0,15.0,1.0
1783,report,0.0,0.0,5.0
1784,reports,0.0,0.0,2.0
1785,reposition,0.0,0.0,2.0
1786,reproductive,0.0,38.0,17.0
1787,repurpse,0.0,0.0,2.0
1788,req,0.0,0.0,2.0
1789,request,0.0,97.0,0.0
1790,requested,0.0,0.0,2.0
1791,requestheaders,0.0,0.0,2.0
1792,requests,0.0,0.0,2.0
1793,require,0.0,12.0,5.0
1794,required,0.0,0.0,1.0
1795,requiredare,0.0,0.0,1.0
1796,requirements,0.0,1.0,0.0
1797,requires,0.0,5.0,0.0
1798,research,0.0,1.0,21.0
1799,researchnew,0.0,0.0,1.0
1800,resection,0.0,1.0,0.0
1801,reset,0.0,19.0,0.0
1802,resharper,0.0,0.0,10.0
1803,residency,0.0,3.0,0.0
1804,resources,0.0,44.0,4.0
1805,respect,0.0,0.0,1.0
1806,respects,0.0,0.0,2.0
1807,response,0.0,0.0,4.0
1808,responsehybridoffice,0.0,0.0,1.0
1809,responseoffice,0.0,0.0,1.0
1810,rest,0.0,0.0,1.0
1811,reston,0.0,2.0,0.0
1812,restore,0.0,0.0,6.0
1813,result,0.0,29.0,0.0
1814,results,0.0,38.0,0.0
1815,resume,0.0,2.0,0.0
1816,retention,0.0,0.0,1.0
1817,retrieving,0.0,0.0,2.0
1818,return,0.0,32.0,35.0
1819,returned,0.0,1.0,0.0
1820,returns,0.0,0.0,2.0
1821,revapi,0.0,12.0,0.0
1822,revenue,0.0,0.0,1.0
1823,review,0.0,4.0,4.0
1824,reviews,0.0,2.0,0.0
1825,revolution,0.0,18.0,0.0
1826,rhode,0.0,1.0,0.0
1827,right,0.0,11.0,12.0
1828,rightclick,0.0,0.0,1.0
1829,rights,0.0,0.0,9.0
1830,risk,0.0,0.0,1.0
1831,road,0.0,0.0,2.0
1832,rocky,0.0,0.0,5.0
1833,roe,0.0,0.0,2.0
1834,ronald,0.0,1.0,0.0
1835,roo,0.0,0.0,3.0
1836,rooftop,0.0,0.0,1.0
1837,room,0.0,13.0,0.0
1838,rooms,0.0,2.0,0.0
1839,root,0.0,1.0,1.0
1840,rose,0.0,0.0,1.0
1841,routine,0.0,1.0,0.0
1842,rule,0.0,0.0,1.0
1843,run,0.0,0.0,2.0
1844,running,0.0,0.0,2.0
1845,runs,0.0,0.0,5.0
1846,russian,0.0,19.0,0.0
1847,russo,0.0,1.0,0.0
1848,safe,0.0,3.0,4.0
1849,safely,0.0,1.0,2.0
1850,safer,0.0,1.0,1.0
1851,safety,0.0,1.0,1.0
1852,safetyhow,0.0,0.0,1.0
1853,salesforce,0.0,0.0,1.0
1854,saline,0.0,4.0,0.0
1855,same,0.0,3.0,1.0
1856,san,0.0,2.0,0.0
1857,sans,0.0,0.0,1.0
1858,sasheer,0.0,0.0,1.0
1859,sat,0.0,20.0,1.0
1860,save,0.0,0.0,3.0
1861,say,0.0,8.0,0.0
1862,scar,0.0,2.0,0.0
1863,scare,0.0,0.0,1.0
1864,scarvestravelhome,0.0,0.0,1.0
1865,schedule,0.0,0.0,6.0
1866,scheduled,0.0,0.0,1.0
1867,scheduling,0.0,0.0,2.0
1868,school,0.0,3.0,0.0
1869,schools,0.0,0.0,1.0
1870,science,0.0,1.0,0.0
1871,scorecard,0.0,0.0,1.0
1872,screen,0.0,300.0,18.0
1873,screened,0.0,1.0,0.0
1874,screening,0.0,1.0,0.0
1875,screenings,0.0,0.0,1.0
1876,script,0.0,5.0,2.0
1877,scroll,0.0,34.0,0.0
1878,search,0.0,0.0,43.0
1879,second,0.0,9.0,3.0
1880,seconds,0.0,0.0,41.0
1881,section,0.0,0.0,5.0
1882,sedation,0.0,12.0,0.0
1883,see,0.0,11.0,9.0
1884,seeking,0.0,4.0,2.0
1885,seems,0.0,0.0,1.0
1886,seen,0.0,8.0,0.0
1887,segment,0.0,0.0,2.0
1888,segoe,0.0,2.0,2.0
1889,segue,0.0,0.0,4.0
1890,select,0.0,95.0,12.0
1891,selected,0.0,0.0,9.0
1892,selection,0.0,0.0,1.0
1893,selective,0.0,4.0,0.0
1894,selects,0.0,0.0,4.0
1895,send,0.0,0.0,5.0
1896,senior,0.0,0.0,14.0
1897,sent,0.0,0.0,2.0
1898,separate,0.0,0.0,1.0
1899,serif,0.0,49.0,0.0
1900,seriously,0.0,8.0,0.0
1901,serve,0.0,0.0,2.0
1902,served,0.0,1.0,0.0
1903,serves,0.0,3.0,0.0
1904,service,0.0,2.0,8.0
1905,services,0.0,51.0,42.0
1906,set,0.0,9.0,16.0
1907,setting,0.0,0.0,1.0
1908,settings,0.0,9.0,3.0
1909,several,0.0,12.0,0.0
1910,sex,0.0,0.0,18.0
1911,sexual,0.0,0.0,21.0
1912,sexuality,0.0,0.0,1.0
1913,sexually,0.0,0.0,4.0
1914,sham,0.0,0.0,2.0
1915,share,0.0,1.0,13.0
1916,shared,0.0,0.0,1.0
1917,she,0.0,4.0,0.0
1918,shift,0.0,0.0,2.0
1919,shimmer,0.0,0.0,9.0
1920,shipping,0.0,0.0,3.0
1921,shop,0.0,0.0,9.0
1922,short,0.0,3.0,0.0
1923,shot,0.0,0.0,2.0
1924,should,0.0,5.0,4.0
1925,show,0.0,0.0,10.0
1926,showing,0.0,1.0,1.0
1927,shown,0.0,0.0,1.0
1928,shut,0.0,0.0,1.0
1929,side,0.0,9.0,0.0
1930,sign,0.0,0.0,9.0
1931,silver,0.0,4.0,1.0
1932,similar,0.0,6.0,0.0
1933,simple,0.0,3.0,1.0
1934,single,0.0,0.0,2.0
1935,singleton,0.0,1.0,0.0
1936,singletons,0.0,1.0,0.0
1937,sis,0.0,1.0,0.0
1938,site,0.0,1.0,7.0
1939,sitemap,0.0,0.0,3.0
1940,situation,0.0,1.0,0.0
1941,situations,0.0,22.0,0.0
1942,six,0.0,0.0,1.0
1943,size,0.0,1.0,0.0
1944,sizes,0.0,0.0,2.0
1945,skilled,0.0,11.0,0.0
1946,skip,0.0,19.0,1.0
1947,skyla,0.0,0.0,1.0
1948,sleeve,0.0,0.0,3.0
1949,slider,0.0,27.0,0.0
1950,slightly…”,0.0,1.0,0.0
1951,slow,0.0,0.0,1.0
1952,slowly,0.0,10.0,0.0
1953,small,0.0,41.0,4.0
1954,smooth,0.0,0.0,1.0
1955,sobre,0.0,0.0,1.0
1956,social,0.0,0.0,4.0
1957,socks,0.0,0.0,1.0
1958,solid,0.0,546.0,96.0
1959,some,0.0,17.0,3.0
1960,someone,0.0,1.0,3.0
1961,son,0.0,0.0,6.0
1962,sonographic,0.0,1.0,0.0
1963,sonohysterography,0.0,2.0,0.0
1964,soon,0.0,49.0,2.0
1965,sorry,0.0,0.0,4.0
1966,sorted,0.0,1.0,0.0
1967,source,0.0,2.0,2.0
1968,south,0.0,0.0,5.0
1969,southeast,0.0,0.0,4.0
1970,southern,0.0,0.0,3.0
1971,southwest,0.0,0.0,6.0
1972,space,0.0,1.0,0.0
1973,span,0.0,11.0,8.0
1974,spanish,0.0,19.0,0.0
1975,sparkling,0.0,1.0,0.0
1976,speak,0.0,2.0,6.0
1977,special,0.0,8.0,0.0
1978,specialist,0.0,5.0,0.0
1979,specialize,0.0,2.0,0.0
1980,specializes,0.0,2.0,0.0
1981,specially,0.0,1.0,0.0
1982,specific,0.0,5.0,2.0
1983,specifics,0.0,1.0,0.0
1984,spend,0.0,4.0,0.0
1985,spent,0.0,3.0,0.0
1986,spot,0.0,0.0,7.0
1987,src,0.0,25.0,0.0
1988,ssr,0.0,2.0,2.0
1989,staff,0.0,31.0,2.0
1990,stand,0.0,0.0,3.0
1991,standard,0.0,8.0,1.0
1992,standing,0.0,0.0,1.0
1993,stanford,0.0,1.0,0.0
1994,start,0.0,2.0,6.0
1995,state,0.0,2.0,14.0
1996,statement,0.0,0.0,4.0
1997,statementisnotterminated,0.0,0.0,4.0
1998,states,0.0,0.0,8.0
1999,station,0.0,2.0,0.0
2000,stations,0.0,1.0,0.0
2001,stay,0.0,22.0,3.0
2002,std,0.0,0.0,6.0
2003,stds,0.0,0.0,1.0
2004,step,0.0,4.0,1.0
2005,steps,0.0,2.0,0.0
2006,sterile,0.0,4.0,0.0
2007,sterilization,0.0,0.0,2.0
2008,sticky,0.0,0.0,6.0
2009,still,0.0,3.0,5.0
2010,stop,0.0,1.0,4.0
2011,stops,0.0,1.0,0.0
2012,storage,0.0,0.0,1.0
2013,store,0.0,0.0,10.0
2014,storenow,0.0,0.0,2.0
2015,stories,0.0,1.0,0.0
2016,story,0.0,0.0,8.0
2017,straight,0.0,0.0,1.0
2018,strategyapplyvice,0.0,0.0,1.0
2019,strategynyc,0.0,0.0,1.0
2020,strategyoffice,0.0,0.0,1.0
2021,strategyremoteoffice,0.0,0.0,1.0
2022,street,0.0,4.0,1.0
2023,stretchy,0.0,1.0,0.0
2024,string,0.0,0.0,6.0
2025,strings,0.0,0.0,1.0
2026,strive,0.0,2.0,0.0
2027,strong,0.0,1.0,1.0
2028,strongcontrollerparms,0.0,7.0,0.0
2029,stronger,0.0,0.0,2.0
2030,strongly,0.0,1.0,0.0
2031,student,0.0,0.0,1.0
2032,stunt,0.0,0.0,1.0
2033,style,0.0,0.0,1.0
2034,styles,0.0,0.0,4.0
2035,styling,0.0,0.0,3.0
2036,stylize,0.0,0.0,4.0
2037,subject,0.0,0.0,1.0
2038,submission,0.0,0.0,2.0
2039,submit,0.0,19.0,7.0
2040,submitbtn,0.0,0.0,1.0
2041,submitpresegue,0.0,0.0,2.0
2042,submitsegue,0.0,0.0,4.0
2043,submitted,0.0,0.0,2.0
2044,submucosal,0.0,1.0,0.0
2045,subscribe,0.0,0.0,4.0
2046,success,0.0,1.0,0.0
2047,successfully,0.0,1.0,0.0
2048,such,0.0,1.0,4.0
2049,suction,0.0,3.0,0.0
2050,suggest,0.0,1.0,0.0
2051,suite,0.0,3.0,1.0
2052,suites,0.0,1.0,0.0
2053,suitland,0.0,0.0,1.0
2054,sun,0.0,0.0,1.0
2055,sunday,0.0,0.0,1.0
2056,superlatives,0.0,8.0,0.0
2057,support,0.0,24.0,5.0
2058,supported,0.0,8.0,0.0
2059,supporters,0.0,0.0,1.0
2060,supporting,0.0,0.0,1.0
2061,supportive,0.0,2.0,0.0
2062,supports,0.0,0.0,1.0
2063,supreme,0.0,0.0,3.0
2064,sure,0.0,4.0,8.0
2065,surfaces,0.0,1.0,0.0
2066,surpassed,0.0,8.0,0.0
2067,survey,0.0,0.0,2.0
2068,survival,0.0,1.0,0.0
2069,svg,0.0,1.0,3.0
2070,svp,0.0,0.0,4.0
2071,switch,0.0,5.0,0.0
2072,symptoms,0.0,3.0,0.0
2073,sync,0.0,0.0,1.0
2074,syntax,0.0,0.0,1.0
2075,synthetic,0.0,4.0,0.0
2076,tab,0.0,38.0,0.0
2077,tabs,0.0,0.0,1.0
2078,tag,0.0,0.0,2.0
2079,tailor,0.0,1.0,0.0
2080,take,0.0,17.0,14.0
2081,taken,0.0,1.0,0.0
2082,takes,0.0,8.0,0.0
2083,taking,0.0,2.0,3.0
2084,talk,0.0,0.0,2.0
2085,talking,0.0,8.0,1.0
2086,taraji,0.0,0.0,2.0
2087,target,0.0,0.0,10.0
2088,tax,0.0,0.0,6.0
2089,taxing,0.0,1.0,0.0
2090,team,0.0,42.0,4.0
2091,techniques,0.0,3.0,0.0
2092,teens,0.0,0.0,6.0
2093,telecommuteroffice,0.0,0.0,2.0
2094,telehealth,0.0,0.0,4.0
2095,telemetrybasedata,0.0,0.0,2.0
2096,telemetryitem,0.0,0.0,2.0
2097,telephone,0.0,0.0,2.0
2098,tell,0.0,0.0,5.0
2099,ten,0.0,19.0,0.0
2100,tennessee,0.0,0.0,3.0
2101,term,0.0,2.0,1.0
2102,terminate,0.0,7.0,0.0
2103,termination,0.0,4.0,0.0
2104,terms,0.0,0.0,10.0
2105,test,0.0,3.0,2.0
2106,testimonials,0.0,40.0,0.0
2107,testing,0.0,0.0,7.0
2108,texas,0.0,0.0,2.0
2109,text,0.0,39.0,5.0
2110,textarea,0.0,0.0,2.0
2111,textchange,0.0,0.0,1.0
2112,than,0.0,11.0,5.0
2113,thank,0.0,11.0,5.0
2114,thankful,0.0,1.0,0.0
2115,thanksgiving,0.0,0.0,1.0
2116,that's,0.0,0.0,2.0
2117,theater,0.0,0.0,1.0
2118,their,0.0,22.0,2.0
2119,them,0.0,1.0,5.0
2120,theme,0.0,0.0,1.0
2121,then,0.0,19.0,2.0
2122,therapy,0.0,0.0,4.0
2123,there,0.0,10.0,3.0
2124,there's,0.0,0.0,2.0
2125,there’s,0.0,0.0,2.0
2126,these,0.0,8.0,2.0
2127,they,0.0,17.0,8.0
2128,they're,0.0,0.0,1.0
2129,they’re,0.0,0.0,1.0
2130,they’ve,0.0,0.0,2.0
2131,thin,0.0,0.0,1.0
2132,thing,0.0,0.0,1.0
2133,think,0.0,0.0,5.0
2134,third,0.0,6.0,0.0
2135,this,0.0,82.0,81.0
2136,thisplugin,0.0,0.0,1.0
2137,thoroughly,0.0,1.0,0.0
2138,those,0.0,1.0,2.0
2139,thousands,0.0,0.0,2.0
2140,three,0.0,0.0,1.0
2141,thrilled,0.0,1.0,0.0
2142,through,0.0,12.0,11.0
2143,throughout,0.0,3.0,0.0
2144,thurgood,0.0,1.0,0.0
2145,thurs,0.0,0.0,1.0
2146,ticket©,0.0,0.0,1.0
2147,tiene,0.0,0.0,1.0
2148,tiktok,0.0,0.0,1.0
2149,tile,0.0,0.0,1.0
2150,time,0.0,21.0,8.0
2151,timefull,0.0,0.0,1.0
2152,timeno,0.0,0.0,1.0
2153,times,0.0,1.0,1.0
2154,tipsheet,0.0,0.0,1.0
2155,title,0.0,0.0,1.0
2156,toastfadein,0.0,0.0,9.0
2157,today,0.0,1.0,3.0
2158,toe,0.0,0.0,1.0
2159,toggle,0.0,0.0,21.0
2160,toggling,0.0,0.0,1.0
2161,token,0.0,0.0,2.0
2162,told,0.0,1.0,0.0
2163,tomar,0.0,0.0,1.0
2164,too,0.0,0.0,2.0
2165,took,0.0,9.0,0.0
2166,tool,0.0,0.0,1.0
2167,toolbar,0.0,19.0,0.0
2168,tools,0.0,19.0,1.0
2169,top,0.0,57.0,8.0
2170,touch,0.0,0.0,1.0
2171,tov,0.0,0.0,1.0
2172,tpj,0.0,12.0,0.0
2173,tracker,0.0,0.0,1.0
2174,tracking,0.0,0.0,1.0
2175,tract,0.0,0.0,1.0
2176,traffic,0.0,1.0,0.0
2177,train,0.0,8.0,0.0
2178,trained,0.0,2.0,0.0
2179,training,0.0,1.0,1.0
2180,trains,0.0,1.0,0.0
2181,trans,0.0,0.0,1.0
2182,transaction,0.0,0.0,5.0
2183,transformation,0.0,0.0,1.0
2184,transgender,0.0,0.0,4.0
2185,transition,0.0,0.0,1.0
2186,transitions,0.0,0.0,1.0
2187,transmitted,0.0,0.0,4.0
2188,transparent,0.0,29.0,1.0
2189,transportation,0.0,1.0,0.0
2190,transvaginal,0.0,2.0,0.0
2191,tratando,0.0,0.0,1.0
2192,travel,0.0,44.0,0.0
2193,traveling,0.0,1.0,0.0
2194,treated,0.0,2.0,0.0
2195,treatment,0.0,0.0,4.0
2196,treatments,0.0,0.0,1.0
2197,triangle,0.0,2.0,0.0
2198,tribute,0.0,0.0,1.0
2199,trigger,0.0,0.0,4.0
2200,trimester,0.0,48.0,0.0
2201,trimesters,0.0,1.0,0.0
2202,trimester”,0.0,1.0,0.0
2203,triplets,0.0,1.0,0.0
2204,troubleshooting,0.0,9.0,0.0
2205,true,0.0,5.0,2.0
2206,truly,0.0,10.0,1.0
2207,trusted,0.0,0.0,6.0
2208,try,0.0,0.0,7.0
2209,trying,0.0,0.0,1.0
2210,trymonthlynotice,0.0,0.0,1.0
2211,tubal,0.0,3.0,2.0
2212,tube,0.0,1.0,0.0
2213,tues,0.0,0.0,1.0
2214,turn,0.0,20.0,2.0
2215,turned,0.0,1.0,2.0
2216,turns,0.0,2.0,0.0
2217,twice,0.0,0.0,2.0
2218,twins,0.0,2.0,0.0
2219,twitter,0.0,0.0,3.0
2220,two,0.0,20.0,2.0
2221,type,0.0,2.0,1.0
2222,typeallfull,0.0,0.0,1.0
2223,typeof,0.0,5.0,1.0
2224,types,0.0,1.0,1.0
2225,typethis,0.0,0.0,1.0
2226,typically,0.0,9.0,0.0
2227,uber,0.0,1.0,0.0
2228,ucsf,0.0,1.0,0.0
2229,uhc,0.0,0.0,1.0
2230,ultrasonographic,0.0,2.0,0.0
2231,ultrasound,0.0,15.0,0.0
2232,umr,0.0,0.0,1.0
2233,unable,0.0,0.0,3.0
2234,uncertain,0.0,3.0,0.0
2235,uncheck,0.0,0.0,2.0
2236,unchecked,0.0,0.0,2.0
2237,undefined,0.0,0.0,1.0
2238,under,0.0,10.0,12.0
2239,underline,0.0,20.0,0.0
2240,underneath,0.0,0.0,2.0
2241,understand,0.0,8.0,0.0
2242,union,0.0,6.0,0.0
2243,unique,0.0,1.0,2.0
2244,united,0.0,0.0,2.0
2245,university,0.0,7.0,0.0
2246,unless,0.0,0.0,1.0
2247,unlikely,0.0,1.0,0.0
2248,unnecessary,0.0,0.0,2.0
2249,uno,0.0,0.0,2.0
2250,unset,0.0,34.0,0.0
2251,unsubscribe,0.0,0.0,1.0
2252,until,0.0,0.0,6.0
2253,update,0.0,1.0,1.0
2254,updateaffiliateid,0.0,0.0,3.0
2255,updated,0.0,1.0,1.0
2256,updates,0.0,0.0,3.0
2257,updating,0.0,0.0,1.0
2258,uploading,0.0,0.0,1.0
2259,uplog,0.0,0.0,1.0
2260,upon,0.0,0.0,2.0
2261,uppercase,0.0,7.0,0.0
2262,urban,0.0,0.0,2.0
2263,urinary,0.0,0.0,1.0
2264,url,0.0,5.0,2.0
2265,urls,0.0,5.0,0.0
2266,usa,0.0,0.0,1.0
2267,usar,0.0,0.0,2.0
2268,usd,0.0,0.0,2.0
2269,use,0.0,49.0,15.0
2270,usecontact,0.0,0.0,2.0
2271,used,0.0,6.0,14.0
2272,useful,0.0,1.0,0.0
2273,usematchviewport,0.0,1.0,1.0
2274,user,0.0,0.0,12.0
2275,users,0.0,0.0,1.0
2276,uses,0.0,0.0,1.0
2277,using,0.0,23.0,0.0
2278,usually,0.0,5.0,0.0
2279,uterine,0.0,9.0,0.0
2280,uterus,0.0,4.0,0.0
2281,utmost,0.0,1.0,0.0
2282,vaccine,0.0,0.0,3.0
2283,vaccines,0.0,0.0,4.0
2284,vagina,0.0,0.0,4.0
2285,val,0.0,0.0,1.0
2286,valid,0.0,0.0,3.0
2287,validated,0.0,0.0,3.0
2288,validation,0.0,0.0,6.0
2289,valuable,0.0,0.0,3.0
2290,value,0.0,0.0,13.0
2291,values,0.0,0.0,2.0
2292,valueyes,0.0,0.0,2.0
2293,var,0.0,547.0,127.0
2294,variable,0.0,0.0,4.0
2295,variables,0.0,0.0,2.0
2296,variableusedoutofscope,0.0,0.0,2.0
2297,various,0.0,1.0,1.0
2298,vars,0.0,0.0,1.0
2299,vasectomy,0.0,0.0,2.0
2300,vast,0.0,3.0,0.0
2301,version,0.0,19.0,1.0
2302,very,0.0,9.0,0.0
2303,via,0.0,0.0,4.0
2304,vice,0.0,0.0,14.0
2305,video,0.0,0.0,38.0
2306,videos,0.0,1.0,6.0
2307,view,0.0,0.0,5.0
2308,violence,0.0,1.0,0.0
2309,virginia,0.0,0.0,1.0
2310,virtual,0.0,0.0,2.0
2311,visible,0.0,0.0,1.0
2312,visit,0.0,1.0,1.0
2313,visitors,0.0,1.0,0.0
2314,visits,0.0,19.0,0.0
2315,visual,0.0,0.0,1.0
2316,vital,0.0,0.0,4.0
2317,void,0.0,9.0,4.0
2318,volunteer,0.0,0.0,9.0
2319,volunteering,0.0,0.0,4.0
2320,volunteers,0.0,0.0,1.0
2321,voting,0.0,0.0,2.0
2322,vulva,0.0,0.0,2.0
2323,wade,0.0,0.0,2.0
2324,wait,0.0,0.0,2.0
2325,waiting,0.0,4.0,1.0
2326,walk,0.0,0.0,2.0
2327,walked,0.0,2.0,0.0
2328,want,0.0,11.0,12.0
2329,wanted,0.0,1.0,0.0
2330,wash,0.0,1.0,0.0
2331,washington,0.0,60.0,3.0
2332,wasn’t,0.0,9.0,0.0
2333,watch,0.0,0.0,1.0
2334,watching,0.0,0.0,1.0
2335,water,0.0,1.0,0.0
2336,way,0.0,3.0,0.0
2337,ways,0.0,0.0,6.0
2338,we'll,0.0,0.0,2.0
2339,we're,0.0,0.0,1.0
2340,we've,0.0,2.0,0.0
2341,wear,0.0,9.0,1.0
2342,wearing,0.0,1.0,0.0
2343,weather,0.0,0.0,1.0
2344,website,0.0,2.0,6.0
2345,website's,0.0,0.0,2.0
2346,websitenational,0.0,1.0,0.0
2347,websitethe,0.0,1.0,0.0
2348,wed,0.0,1.0,1.0
2349,week,0.0,1.0,0.0
2350,weekday,0.0,0.0,1.0
2351,weeks,0.0,113.0,0.0
2352,welcomed,0.0,2.0,0.0
2353,welcoming,0.0,9.0,0.0
2354,well,0.0,2.0,1.0
2355,wellness,0.0,0.0,5.0
2356,went,0.0,0.0,1.0
2357,west,0.0,3.0,0.0
2358,we’ll,0.0,0.0,3.0
2359,we’re,0.0,0.0,2.0
2360,we’ve,0.0,0.0,1.0
2361,what,0.0,11.0,15.0
2362,whatever,0.0,1.0,1.0
2363,when,0.0,12.0,23.0
2364,whenever,0.0,0.0,1.0
2365,where,0.0,11.0,2.0
2366,whether,0.0,5.0,0.0
2367,which,0.0,18.0,1.0
2368,while,0.0,9.0,6.0
2369,white,0.0,62.0,0.0
2370,whitehill,0.0,0.0,6.0
2371,who,0.0,32.0,6.0
2372,whole,0.0,10.0,0.0
2373,why,0.0,0.0,3.0
2374,width,0.0,0.0,5.0
2375,willamette,0.0,0.0,2.0
2376,williamette,0.0,0.0,1.0
2377,willing,0.0,0.0,3.0
2378,willrespond,0.0,1.0,0.0
2379,win,0.0,0.0,1.0
2380,window,0.0,76.0,3.0
2381,wink,0.0,1.0,0.0
2382,wipe,0.0,38.0,0.0
2383,wipepage,0.0,19.0,0.0
2384,wish,0.0,8.0,2.0
2385,withdrawal,0.0,0.0,2.0
2386,within,0.0,12.0,1.0
2387,without,0.0,4.0,5.0
2388,women,0.0,19.0,1.0
2389,women's,0.0,0.0,7.0
2390,womens,0.0,1.0,0.0
2391,won't,0.0,0.0,3.0
2392,wonderful,0.0,9.0,0.0
2393,word,0.0,0.0,1.0
2394,wordexp,0.0,0.0,1.0
2395,words,0.0,0.0,2.0
2396,work,0.0,1.0,6.0
2397,works,0.0,0.0,3.0
2398,workstest,0.0,0.0,1.0
2399,world,0.0,1.0,1.0
2400,worried,0.0,0.0,1.0
2401,would,0.0,70.0,3.0
2402,wrap,0.0,0.0,1.0
2403,wrapping,0.0,12.0,0.0
2404,write,0.0,0.0,1.0
2405,writing,0.0,0.0,1.0
2406,yard,0.0,0.0,1.0
2407,year,0.0,1.0,18.0
2408,year's,0.0,0.0,2.0
2409,years,0.0,3.0,61.0
2410,york,0.0,0.0,2.0
2411,you,0.0,303.0,123.0
2412,you're,0.0,1.0,1.0
2413,you've,0.0,0.0,1.0
2414,younextclear,0.0,0.0,1.0
2415,young,0.0,0.0,1.0
2416,your,0.0,136.0,155.0
2417,yours,0.0,1.0,0.0
2418,yourself,0.0,0.0,1.0
2419,yoururl,0.0,19.0,0.0
2420,youth,0.0,0.0,1.0
2421,youtube,0.0,0.0,2.0
2422,you’d,0.0,6.0,0.0
2423,you’re,0.0,0.0,1.0
2424,ytinitialdata,0.0,0.0,1.0
2425,zip,0.0,0.0,9.0
2426,“dilation,0.0,3.0,0.0
2427,“from,0.0,1.0,0.0
2428,“it,0.0,1.0,0.0
2429,“late,0.0,5.0,0.0
2430,“later,0.0,2.0,0.0
2431,“reason”,0.0,7.0,0.0
2432,“the,0.0,9.0,0.0
2433,“there,0.0,1.0,0.0
2434,“this,0.0,3.0,0.0
