,token,Total0,Total1,Total2,Total3,Total4
0,'appropriate,3.0,3.0,3.0,3.0,0.0
1,'as,2.0,2.0,2.0,2.0,0.0
2,'at,1.0,1.0,1.0,1.0,0.0
3,'congratulations,1.0,1.0,1.0,1.0,0.0
4,'fake,1.0,1.0,1.0,1.0,0.0
5,'finding,8.0,8.0,8.0,8.0,0.0
6,'google,3.0,3.0,3.0,3.0,0.0
7,'government,1.0,1.0,1.0,1.0,0.0
8,'in,1.0,1.0,1.0,1.0,0.0
9,'initial',2.0,2.0,2.0,2.0,0.0
10,'location,8.0,8.0,8.0,8.0,0.0
11,'many,1.0,1.0,1.0,1.0,0.0
12,'mazel,1.0,1.0,1.0,1.0,0.0
13,'mute',1.0,1.0,1.0,1.0,0.0
14,'my,1.0,1.0,1.0,1.0,0.0
15,'product,1.0,1.0,1.0,1.0,0.0
16,'recipient,1.0,1.0,1.0,1.0,0.0
17,'script,2.0,2.0,2.0,2.0,0.0
18,'select,4.0,4.0,4.0,4.0,0.0
19,'select',4.0,4.0,4.0,4.0,0.0
20,'thank,1.0,1.0,1.0,1.0,0.0
21,'there,8.0,8.0,8.0,8.0,0.0
22,'thinking,1.0,1.0,1.0,1.0,0.0
23,'use,10.0,10.0,10.0,10.0,0.0
24,able,5.0,5.0,5.0,6.0,0.0
25,abnormal,1.0,1.0,1.0,1.0,0.0
26,abortion,91.0,90.0,91.0,91.0,0.0
27,abortions,5.0,5.0,5.0,5.0,0.0
28,abortion”,1.0,1.0,1.0,1.0,0.0
29,about,55.0,55.0,55.0,58.0,0.0
30,above,2.0,2.0,2.0,2.0,0.0
31,abstinence,2.0,2.0,2.0,2.0,0.0
32,abuse,1.0,1.0,1.0,1.0,0.0
33,accept,1.0,1.0,1.0,1.0,0.0
34,accepted,1.0,1.0,1.0,1.0,0.0
35,access,41.0,41.0,41.0,41.0,0.0
36,accessible,1.0,1.0,1.0,1.0,0.0
37,accessing,1.0,1.0,1.0,1.0,0.0
38,accessories,1.0,1.0,1.0,1.0,0.0
39,accompanied,1.0,1.0,1.0,1.0,0.0
40,accompany,1.0,1.0,1.0,1.0,0.0
41,account,8.0,8.0,8.0,8.0,0.0
42,accounts,1.0,1.0,1.0,1.0,0.0
43,accounttoggle,1.0,1.0,1.0,1.0,0.0
44,accurate,12.0,12.0,12.0,12.0,0.0
45,ach,1.0,1.0,1.0,1.0,0.0
46,across,2.0,2.0,2.0,2.0,0.0
47,action,22.0,22.0,22.0,22.0,0.0
48,actions,1.0,1.0,1.0,1.0,0.0
49,actiontag,1.0,1.0,1.0,1.0,0.0
50,active,1.0,1.0,1.0,1.0,0.0
51,activiation,1.0,1.0,1.0,1.0,0.0
52,activists,2.0,2.0,2.0,2.0,0.0
53,activity,5.0,5.0,5.0,5.0,0.0
54,adcreate,1.0,1.0,1.0,1.0,0.0
55,add,15.0,15.0,15.0,15.0,0.0
56,additional,12.0,12.0,12.0,12.0,0.0
57,addms,1.0,1.0,1.0,1.0,0.0
58,address,9.0,9.0,9.0,9.0,0.0
59,addresses,2.0,2.0,2.0,2.0,0.0
60,adds,5.0,5.0,5.0,5.0,0.0
61,adhere,1.0,1.0,1.0,1.0,0.0
62,administrationnew,1.0,1.0,1.0,1.0,0.0
63,administrative,1.0,1.0,1.0,1.0,0.0
64,ads,2.0,2.0,2.0,2.0,0.0
65,adult,1.0,1.0,1.0,1.0,0.0
66,advance,2.0,2.0,2.0,2.0,0.0
67,advanced,1.0,1.0,1.0,1.0,0.0
68,advances,1.0,1.0,1.0,1.0,0.0
69,advancing,2.0,2.0,2.0,2.0,0.0
70,advocacy,12.0,12.0,12.0,12.0,0.0
71,advocate,1.0,1.0,1.0,1.0,0.0
72,aff,3.0,3.0,3.0,3.0,0.0
73,affilate,2.0,2.0,2.0,2.0,0.0
74,affiliate,17.0,17.0,17.0,17.0,0.0
75,affiliatecode,2.0,2.0,2.0,2.0,0.0
76,affiliatecodelocation,1.0,1.0,1.0,1.0,0.0
77,affiliateid,4.0,4.0,4.0,4.0,0.0
78,affiliation,1.0,1.0,1.0,1.0,0.0
79,affirming,1.0,1.0,1.0,1.0,0.0
80,affordable,7.0,7.0,7.0,7.0,0.0
81,africa,1.0,1.0,1.0,1.0,0.0
82,after,19.0,19.0,18.0,19.0,0.0
83,again,2.0,2.0,2.0,2.0,0.0
84,against,2.0,2.0,2.0,2.0,0.0
85,age,24.0,24.0,24.0,25.0,0.0
86,agent,9.0,9.0,9.0,9.0,0.0
87,ago,41.0,41.0,41.0,41.0,0.0
88,agree,1.0,1.0,1.0,1.0,0.0
89,alerts,2.0,2.0,2.0,2.0,0.0
90,all,51.0,51.0,51.0,50.0,0.0
91,allow,2.0,2.0,2.0,2.0,0.0
92,allowable,6.0,6.0,6.0,6.0,0.0
93,allowed,0.0,0.0,0.0,1.0,0.0
94,allows,7.0,7.0,7.0,7.0,0.0
95,already,1.0,1.0,1.0,1.0,0.0
96,also,11.0,11.0,11.0,11.0,0.0
97,always,9.0,9.0,9.0,9.0,0.0
98,amazing,1.0,1.0,1.0,1.0,0.0
99,america,6.0,6.0,6.0,6.0,0.0
100,america's,2.0,2.0,2.0,2.0,0.0
101,america’s,5.0,5.0,5.0,5.0,0.0
102,amount,4.0,4.0,4.0,4.0,0.0
103,analystnyc,1.0,1.0,1.0,1.0,0.0
104,analytics,2.0,2.0,2.0,2.0,0.0
105,anatomy,2.0,2.0,2.0,2.0,0.0
106,anillo,2.0,2.0,2.0,2.0,0.0
107,announce,1.0,1.0,1.0,1.0,0.0
108,annual,5.0,5.0,5.0,5.0,0.0
109,anonymous,2.0,2.0,2.0,2.0,0.0
110,answer,2.0,2.0,2.0,2.0,0.0
111,answering,2.0,2.0,2.0,2.0,0.0
112,answers,4.0,4.0,4.0,4.0,0.0
113,anthem,1.0,1.0,0.0,1.0,0.0
114,anticonceptivo,1.0,1.0,1.0,1.0,0.0
115,any,30.0,30.0,30.0,33.0,0.0
116,anything,1.0,1.0,1.0,1.0,0.0
117,anywhere,1.0,1.0,1.0,1.0,0.0
118,api,1.0,1.0,1.0,1.0,0.0
119,apologize,1.0,1.0,1.0,1.0,0.0
120,app,10.0,10.0,10.0,10.0,0.0
121,apparel,1.0,1.0,1.0,1.0,0.0
122,appear,2.0,2.0,2.0,2.0,0.0
123,appends,2.0,2.0,2.0,2.0,0.0
124,applicant,1.0,1.0,1.0,1.0,0.0
125,applied,1.0,1.0,1.0,1.0,0.0
126,apply,2.0,2.0,2.0,3.0,0.0
127,appointment,29.0,29.0,29.0,29.0,0.0
128,appointments,3.0,3.0,3.0,3.0,0.0
129,archived,1.0,1.0,1.0,1.0,0.0
130,area,1.0,1.0,1.0,2.0,0.0
131,arm,3.0,3.0,3.0,3.0,0.0
132,around,0.0,0.0,0.0,4.0,0.0
133,arrange,2.0,2.0,2.0,2.0,0.0
134,arrangements,1.0,1.0,1.0,1.0,0.0
135,array,5.0,5.0,5.0,5.0,0.0
136,arrive,1.0,1.0,1.0,1.0,0.0
137,arrow,6.0,6.0,6.0,6.0,0.0
138,art,1.0,1.0,1.0,1.0,0.0
139,ask,8.0,8.0,8.0,8.0,0.0
140,asked,5.0,5.0,5.0,5.0,0.0
141,assault,6.0,6.0,6.0,6.0,0.0
142,assistance,1.0,1.0,1.0,1.0,0.0
143,assoc,2.0,2.0,2.0,2.0,0.0
144,atlantic,5.0,5.0,5.0,5.0,0.0
145,attack,2.0,2.0,2.0,2.0,0.0
146,attacks,9.0,9.0,9.0,9.0,0.0
147,attending,1.0,1.0,1.0,1.0,0.0
148,attorneynyc,1.0,1.0,1.0,1.0,0.0
149,attributefilter,1.0,1.0,1.0,1.0,0.0
150,attributes,1.0,1.0,1.0,1.0,0.0
151,auth,2.0,2.0,2.0,2.0,0.0
152,auto,2.0,2.0,2.0,2.0,0.0
153,autofocus,1.0,1.0,1.0,1.0,0.0
154,automatic,2.0,2.0,2.0,2.0,0.0
155,autopopulate,14.0,14.0,14.0,14.0,0.0
156,available,20.0,20.0,20.0,22.0,0.0
157,avenue,0.0,0.0,1.0,0.0,0.0
158,ayudarte,1.0,1.0,1.0,1.0,0.0
159,back,26.0,26.0,26.0,27.0,0.0
160,background,25.0,25.0,25.0,25.0,0.0
161,bad,2.0,2.0,2.0,2.0,0.0
162,badword,3.0,3.0,3.0,3.0,0.0
163,badwordfilter,1.0,1.0,1.0,1.0,0.0
164,badwords,1.0,1.0,1.0,1.0,0.0
165,balance,0.0,0.0,0.0,1.0,0.0
166,balances,2.0,2.0,2.0,2.0,0.0
167,ban,3.0,3.0,3.0,3.0,0.0
168,bank,2.0,2.0,2.0,2.0,0.0
169,bans,15.0,15.0,15.0,15.0,0.0
170,bare,0.0,0.0,0.0,1.0,0.0
171,barre,0.0,0.0,0.0,3.0,0.0
172,basados,2.0,2.0,2.0,2.0,0.0
173,based,3.0,3.0,3.0,3.0,0.0
174,basic,4.0,4.0,4.0,13.0,0.0
175,basta,1.0,1.0,1.0,1.0,0.0
176,because,1.0,1.0,1.0,1.0,0.0
177,become,3.0,3.0,3.0,3.0,0.0
178,becomes,2.0,2.0,2.0,2.0,0.0
179,been,6.0,6.0,6.0,6.0,0.0
180,before,4.0,4.0,4.0,4.0,0.0
181,being,6.0,6.0,6.0,6.0,0.0
182,below,3.0,3.0,3.0,3.0,0.0
183,benefit,1.0,1.0,1.0,1.0,0.0
184,benefits,1.0,1.0,1.0,1.0,0.0
185,best,2.0,2.0,2.0,2.0,0.0
186,between,1.0,1.0,1.0,1.0,0.0
187,bill,4.0,4.0,4.0,4.0,0.0
188,billed,1.0,1.0,1.0,1.0,0.0
189,billing,4.0,4.0,4.0,4.0,0.0
190,bills,1.0,1.0,1.0,1.0,0.0
191,bind,1.0,1.0,1.0,1.0,0.0
192,birth,64.0,64.0,63.0,64.0,0.0
193,black,1.0,1.0,1.0,1.0,0.0
194,block,5.0,5.0,5.0,5.0,0.0
195,blog,12.0,12.0,12.0,12.0,0.0
196,blue,4.0,4.0,4.0,4.0,0.0
197,bluemail,28.0,28.0,28.0,28.0,0.0
198,blur,1.0,1.0,1.0,1.0,0.0
199,bodies,12.0,12.0,12.0,12.0,0.0
200,body,2.0,2.0,2.0,2.0,0.0
201,bogus,1.0,1.0,1.0,1.0,0.0
202,book,19.0,19.0,19.0,19.0,0.0
203,both,3.0,3.0,3.0,3.0,0.0
204,bothinfo,1.0,1.0,1.0,1.0,0.0
205,bottom,1.0,1.0,1.0,3.0,0.0
206,box,2.0,2.0,2.0,2.0,0.0
207,brand,1.0,1.0,1.0,1.0,0.0
208,breaking,1.0,1.0,1.0,1.0,0.0
209,breast,1.0,1.0,1.0,1.0,0.0
210,bring,2.0,2.0,2.0,1.0,0.0
211,brings,2.0,2.0,2.0,2.0,0.0
212,broke,1.0,1.0,1.0,1.0,0.0
213,brown,1.0,1.0,1.0,1.0,0.0
214,browse,0.0,0.0,0.0,1.0,0.0
215,browser,3.0,3.0,3.0,3.0,0.0
216,bucket,1.0,1.0,1.0,1.0,0.0
217,budget,1.0,1.0,1.0,1.0,0.0
218,burlington,3.0,0.0,0.0,0.0,0.0
219,burnham,0.0,0.0,12.0,0.0,0.0
220,business,1.0,1.0,1.0,1.0,0.0
221,but,3.0,3.0,3.0,3.0,0.0
222,button,10.0,10.0,10.0,10.0,0.0
223,buttons,4.0,4.0,4.0,4.0,0.0
224,buttonsubmit,14.0,14.0,14.0,14.0,0.0
225,cada,2.0,2.0,2.0,2.0,0.0
226,call,36.0,36.0,36.0,36.0,0.0
227,calling,1.0,1.0,1.0,3.0,0.0
228,campaigns,8.0,8.0,8.0,8.0,0.0
229,campaignsapplynational,1.0,1.0,1.0,1.0,0.0
230,campaignshybridpublic,1.0,1.0,1.0,1.0,0.0
231,campaignspublic,1.0,1.0,1.0,1.0,0.0
232,can,59.0,59.0,58.0,62.0,0.0
233,can't,1.0,1.0,1.0,1.0,0.0
234,cancellation,3.0,3.0,3.0,3.0,0.0
235,cancelled,1.0,1.0,1.0,1.0,0.0
236,cancelling,1.0,1.0,1.0,1.0,0.0
237,cancer,7.0,7.0,7.0,7.0,0.0
238,candidates,1.0,1.0,1.0,1.0,0.0
239,cannot,2.0,2.0,2.0,2.0,0.0
240,cap,1.0,1.0,1.0,1.0,0.0
241,captions,2.0,2.0,2.0,2.0,0.0
242,capuchón,2.0,2.0,2.0,2.0,0.0
243,card,11.0,11.0,11.0,11.0,0.0
244,cards,5.0,5.0,5.0,5.0,0.0
245,care,91.0,91.0,91.0,91.0,0.0
246,caregiver's,1.0,1.0,1.0,1.0,0.0
247,cart,11.0,11.0,11.0,11.0,0.0
248,case,4.0,4.0,4.0,4.0,0.0
249,cash,1.0,1.0,1.0,1.0,0.0
250,cat's,1.0,1.0,1.0,1.0,0.0
251,catamaran,1.0,1.0,1.0,1.0,0.0
252,catch,2.0,2.0,2.0,2.0,0.0
253,categories,1.0,1.0,1.0,1.0,0.0
254,cba,1.0,1.0,1.0,1.0,0.0
255,cctext,1.0,1.0,1.0,1.0,0.0
256,center,31.0,31.0,31.0,34.0,0.0
257,centered,1.0,1.0,1.0,1.0,0.0
258,centergroupsaboutcreate,1.0,1.0,1.0,1.0,0.0
259,centerprivacy,1.0,1.0,1.0,1.0,0.0
260,centers,5.0,5.0,5.0,5.0,0.0
261,central,6.0,6.0,6.0,6.0,0.0
262,cervical,3.0,3.0,3.0,3.0,0.0
263,cessation,1.0,1.0,1.0,1.0,0.0
264,challenging,1.0,1.0,1.0,1.0,0.0
265,change,12.0,12.0,12.0,12.0,0.0
266,changed,1.0,1.0,1.0,1.0,0.0
267,changes,2.0,2.0,2.0,2.0,0.0
268,channel,4.0,4.0,4.0,4.0,0.0
269,charge,1.0,1.0,1.0,1.0,0.0
270,charges,0.0,0.0,0.0,4.0,0.0
271,charging,1.0,1.0,1.0,1.0,0.0
272,chart,2.0,2.0,2.0,2.0,0.0
273,chatbot,3.0,3.0,3.0,3.0,0.0
274,check,10.0,10.0,10.0,10.0,0.0
275,checkbox,10.0,10.0,10.0,10.0,0.0
276,checkboxes,5.0,5.0,5.0,5.0,0.0
277,checked,2.0,2.0,2.0,2.0,0.0
278,chief,12.0,12.0,12.0,12.0,0.0
279,childcare,3.0,3.0,3.0,3.0,0.0
280,children,2.0,2.0,2.0,3.0,0.0
281,chirp,1.0,1.0,1.0,1.0,0.0
282,choice,1.0,1.0,1.0,1.0,0.0
283,choicestermshelpcontact,1.0,1.0,1.0,1.0,0.0
284,choose,51.0,51.0,51.0,52.0,0.0
285,choosing,2.0,2.0,2.0,2.0,0.0
286,christmas,3.0,3.0,3.0,3.0,0.0
287,cigna,1.0,1.0,1.0,1.0,0.0
288,circle,8.0,8.0,8.0,8.0,0.0
289,city,12.0,12.0,12.0,12.0,0.0
290,class,4.0,4.0,4.0,4.0,0.0
291,classes,2.0,2.0,2.0,2.0,0.0
292,clean,3.0,3.0,3.0,3.0,0.0
293,cleanbadfirstname,1.0,1.0,1.0,1.0,0.0
294,cleanbadlastname,1.0,1.0,1.0,1.0,0.0
295,cleanbadword,1.0,1.0,1.0,1.0,0.0
296,click,9.0,9.0,9.0,9.0,0.0
297,clicking,9.0,9.0,9.0,9.0,0.0
298,clicks,1.0,1.0,1.0,1.0,0.0
299,client,1.0,1.0,1.0,1.0,0.0
300,clientid,1.0,1.0,1.0,1.0,0.0
301,clinic,5.0,5.0,5.0,5.0,0.0
302,close,1.0,1.0,1.0,1.0,0.0
303,closed,7.0,9.0,8.0,9.0,0.0
304,closely,1.0,1.0,1.0,1.0,0.0
305,coast,3.0,3.0,3.0,3.0,0.0
306,code,25.0,25.0,25.0,25.0,0.0
307,coitus,2.0,2.0,2.0,2.0,0.0
308,collection,1.0,1.0,1.0,1.0,0.0
309,color,20.0,20.0,20.0,20.0,0.0
310,columbia,3.0,3.0,3.0,3.0,0.0
311,come,6.0,6.0,5.0,6.0,0.0
312,comes,2.0,2.0,2.0,2.0,0.0
313,coming,3.0,3.0,3.0,3.0,0.0
314,comments,2.0,2.0,2.0,2.0,0.0
315,commitment,1.0,1.0,1.0,1.0,0.0
316,committee,2.0,2.0,2.0,2.0,0.0
317,committees,1.0,1.0,1.0,1.0,0.0
318,common,1.0,1.0,1.0,1.0,0.0
319,communicationen,1.0,1.0,1.0,1.0,0.0
320,communications,3.0,3.0,3.0,3.0,0.0
321,communities,1.0,1.0,1.0,1.0,0.0
322,community,1.0,1.0,1.0,1.0,0.0
323,company,2.0,2.0,2.0,2.0,0.0
324,compare,1.0,1.0,1.0,1.0,0.0
325,complete,1.0,1.0,1.0,1.0,0.0
326,compliance,1.0,1.0,1.0,1.0,0.0
327,components,1.0,1.0,1.0,1.0,0.0
328,concerned,0.0,0.0,0.0,3.0,0.0
329,condolences,1.0,1.0,1.0,1.0,0.0
330,condom,8.0,8.0,8.0,8.0,0.0
331,condoms,1.0,1.0,1.0,1.0,0.0
332,condón,5.0,5.0,5.0,5.0,0.0
333,conferencesfinanceoffice,1.0,1.0,1.0,1.0,0.0
334,conferencesnyc,1.0,1.0,1.0,1.0,0.0
335,confidential,4.0,4.0,4.0,4.0,0.0
336,confidentiality,1.0,1.0,1.0,1.0,0.0
337,confront,2.0,2.0,2.0,2.0,0.0
338,confuse,1.0,1.0,1.0,1.0,0.0
339,congressional,1.0,1.0,1.0,1.0,0.0
340,connect,1.0,1.0,1.0,1.0,0.0
341,connection,3.0,3.0,3.0,3.0,0.0
342,consent,7.0,7.0,7.0,7.0,0.0
343,consider,1.0,1.0,1.0,1.0,0.0
344,consideration,2.0,2.0,2.0,2.0,0.0
345,considering,1.0,1.0,1.0,1.0,0.0
346,consolidated,1.0,1.0,1.0,1.0,0.0
347,const,23.0,23.0,23.0,23.0,0.0
348,constitute,1.0,1.0,1.0,1.0,0.0
349,constitutional,1.0,1.0,1.0,1.0,0.0
350,contact,34.0,34.0,34.0,34.0,0.0
351,contain,2.0,2.0,2.0,2.0,0.0
352,content,11.0,11.0,11.0,11.0,0.0
353,contents,1.0,1.0,1.0,1.0,0.0
354,contextmenu,1.0,1.0,1.0,1.0,0.0
355,continue,1.0,1.0,1.0,1.0,0.0
356,continuous,4.0,4.0,4.0,4.0,0.0
357,contraception,18.0,18.0,17.0,18.0,0.0
358,contraceptive,1.0,1.0,1.0,1.0,0.0
359,contracted,1.0,1.0,1.0,1.0,0.0
360,contracts,1.0,1.0,1.0,1.0,0.0
361,contribution,6.0,6.0,6.0,6.0,0.0
362,contributions,1.0,1.0,1.0,1.0,0.0
363,control,60.0,61.0,59.0,60.0,0.0
364,controlarnos,1.0,1.0,1.0,1.0,0.0
365,controlreproductive,1.0,1.0,1.0,1.0,0.0
366,convenient,2.0,2.0,2.0,2.0,0.0
367,cookie,2.0,2.0,2.0,2.0,0.0
368,cookiebanner,1.0,1.0,1.0,1.0,0.0
369,cookies,1.0,1.0,1.0,1.0,0.0
370,copay,1.0,1.0,1.0,1.0,0.0
371,copies,1.0,1.0,1.0,1.0,0.0
372,copy,4.0,4.0,4.0,4.0,0.0
373,copycat,2.0,2.0,2.0,2.0,0.0
374,copying,1.0,1.0,1.0,1.0,0.0
375,copyright,1.0,1.0,1.0,1.0,0.0
376,corporate,1.0,1.0,1.0,1.0,0.0
377,correct,2.0,2.0,2.0,2.0,0.0
378,correctly,1.0,1.0,1.0,1.0,0.0
379,corresponding,3.0,3.0,3.0,3.0,0.0
380,cost,3.0,3.0,5.0,5.0,0.0
381,costs,1.0,1.0,1.0,1.0,0.0
382,could,4.0,4.0,4.0,4.0,0.0
383,couldn't,14.0,14.0,14.0,14.0,0.0
384,counsel,5.0,5.0,5.0,5.0,0.0
385,counselhybridoffice,1.0,1.0,1.0,1.0,0.0
386,counseling,2.0,2.0,2.0,2.0,0.0
387,counseloffice,1.0,1.0,1.0,1.0,0.0
388,coupon,1.0,1.0,1.0,1.0,0.0
389,court,3.0,3.0,3.0,3.0,0.0
390,courtesy,1.0,1.0,1.0,1.0,0.0
391,courts,1.0,1.0,1.0,1.0,0.0
392,cover,1.0,1.0,1.0,1.0,0.0
393,coverage,5.0,5.0,5.0,5.0,0.0
394,covered,2.0,2.0,2.0,2.0,0.0
395,create,5.0,5.0,5.0,5.0,0.0
396,created,1.0,1.0,1.0,1.0,0.0
397,credit,2.0,2.0,2.0,2.0,0.0
398,cross,1.0,1.0,1.0,1.0,0.0
399,cta,14.0,14.0,14.0,14.0,0.0
400,ctas,14.0,14.0,14.0,14.0,0.0
401,culture,6.0,6.0,6.0,6.0,0.0
402,currency,4.0,4.0,4.0,4.0,0.0
403,current,11.0,11.0,11.0,11.0,0.0
404,currentemailerror,1.0,1.0,1.0,1.0,0.0
405,currentgiftamount,4.0,4.0,4.0,4.0,0.0
406,currently,2.0,2.0,2.0,2.0,0.0
407,currentqs,2.0,2.0,2.0,2.0,0.0
408,custom,10.0,10.0,10.0,10.0,0.0
409,customer,1.0,1.0,1.0,1.0,0.0
410,cycles,1.0,1.0,1.0,1.0,0.0
411,cómo,2.0,2.0,2.0,2.0,0.0
412,data,15.0,15.0,15.0,23.0,0.0
413,datalayer,8.0,8.0,8.0,8.0,0.0
414,date,1.0,1.0,1.0,1.0,0.0
415,day,18.0,18.0,18.0,18.0,0.0
416,days,2.0,2.0,2.0,2.0,0.0
417,dcoffice,7.0,7.0,7.0,7.0,0.0
418,dcteamallfederation,1.0,1.0,1.0,1.0,0.0
419,dead,1.0,1.0,1.0,1.0,0.0
420,deal,5.0,5.0,5.0,5.0,0.0
421,decide,1.0,1.0,1.0,1.0,0.0
422,decidirte,1.0,1.0,1.0,1.0,0.0
423,decisions,1.0,1.0,1.0,1.0,0.0
424,declared,1.0,1.0,1.0,1.0,0.0
425,declined,1.0,1.0,1.0,1.0,0.0
426,decor,1.0,1.0,1.0,1.0,0.0
427,deduction,2.0,2.0,2.0,2.0,0.0
428,deepest,1.0,1.0,1.0,1.0,0.0
429,default,29.0,29.0,29.0,29.0,0.0
430,defaultms,1.0,1.0,1.0,1.0,0.0
431,defaults,2.0,2.0,2.0,2.0,0.0
432,defeat,1.0,1.0,1.0,1.0,0.0
433,defend,2.0,2.0,2.0,2.0,0.0
434,define,1.0,1.0,1.0,1.0,0.0
435,delay,1.0,1.0,1.0,1.0,0.0
436,delete,2.0,2.0,2.0,2.0,0.0
437,deleted,2.0,2.0,2.0,2.0,0.0
438,deliberately,1.0,1.0,1.0,1.0,0.0
439,delivered,1.0,1.0,1.0,1.0,0.0
440,delivers,5.0,5.0,5.0,5.0,0.0
441,delivery,2.0,2.0,2.0,2.0,0.0
442,denial,1.0,1.0,1.0,1.0,0.0
443,department,3.0,3.0,3.0,3.0,0.0
444,dependent,1.0,1.0,1.0,1.0,0.0
445,depending,1.0,1.0,1.0,1.0,0.0
446,depo,1.0,1.0,1.0,1.0,0.0
447,description,4.0,4.0,4.0,4.0,0.0
448,deseamos,1.0,1.0,1.0,1.0,0.0
449,deserve,1.0,1.0,1.0,1.0,0.0
450,deserves,1.0,1.0,1.0,1.0,0.0
451,details,4.0,4.0,4.0,4.0,0.0
452,determine,1.0,1.0,1.0,1.0,0.0
453,development,18.0,18.0,18.0,18.0,0.0
454,device,1.0,1.0,1.0,1.0,0.0
455,diafragma,2.0,2.0,2.0,2.0,0.0
456,diaphragm,1.0,1.0,1.0,1.0,0.0
457,did,3.0,3.0,3.0,3.0,0.0
458,diferentes,1.0,1.0,1.0,1.0,0.0
459,different,5.0,5.0,5.0,5.0,0.0
460,difficult,1.0,1.0,1.0,1.0,0.0
461,digital,9.0,9.0,9.0,9.0,0.0
462,direct,5.0,5.0,5.0,5.0,0.0
463,directed,8.0,8.0,8.0,8.0,0.0
464,directions,1.0,1.0,1.0,1.0,0.0
465,directly,3.0,3.0,3.0,3.0,0.0
466,disable,6.0,6.0,6.0,6.0,0.0
467,disabled,1.0,1.0,1.0,1.0,0.0
468,disabling,1.0,1.0,1.0,1.0,0.0
469,discounted,3.0,3.0,3.0,3.0,0.0
470,discounts,1.0,1.0,1.0,1.0,0.0
471,discrete,1.0,1.0,1.0,1.0,0.0
472,discuss,1.0,1.0,1.0,1.0,0.0
473,discussion,1.0,1.0,1.0,1.0,0.0
474,dispensing,1.0,1.0,1.0,1.0,0.0
475,display,9.0,9.0,9.0,9.0,0.0
476,div,6.0,6.0,6.0,6.0,0.0
477,diving,1.0,1.0,1.0,1.0,0.0
478,django,14.0,14.0,14.0,14.0,0.0
479,docasap,1.0,1.0,1.0,1.0,0.0
480,document,3.0,3.0,3.0,3.0,0.0
481,does,21.0,21.0,21.0,21.0,0.0
482,doesn't,1.0,1.0,1.0,1.0,0.0
483,dollar,2.0,2.0,2.0,2.0,0.0
484,don't,18.0,19.0,19.0,19.0,0.0
485,donate,39.0,39.0,39.0,39.0,0.0
486,donation,1.0,1.0,1.0,1.0,0.0
487,donations,2.0,2.0,2.0,2.0,0.0
488,donor,16.0,16.0,16.0,16.0,0.0
489,don’t,3.0,3.0,2.0,3.0,0.0
490,doors,1.0,1.0,1.0,1.0,0.0
491,dotted,1.0,1.0,1.0,1.0,0.0
492,down,8.0,8.0,8.0,10.0,0.0
493,download,6.0,6.0,6.0,6.0,0.0
494,downloaded,1.0,1.0,1.0,1.0,0.0
495,downtown,0.0,0.0,0.0,1.0,0.0
496,drastic,1.0,1.0,1.0,1.0,0.0
497,driving,1.0,1.0,1.0,1.0,0.0
498,drop,4.0,4.0,4.0,4.0,0.0
499,dropdown,4.0,4.0,4.0,4.0,0.0
500,drug,2.0,2.0,2.0,2.0,0.0
501,dua,1.0,1.0,1.0,1.0,0.0
502,due,7.0,7.0,7.0,7.0,0.0
503,during,4.0,4.0,4.0,4.0,0.0
504,dysfunction,6.0,6.0,6.0,6.0,0.0
505,ea's,2.0,2.0,2.0,2.0,0.0
506,each,7.0,7.0,7.0,7.0,0.0
507,earrings,1.0,1.0,1.0,1.0,0.0
508,ease,15.0,15.0,15.0,15.0,0.0
509,easily,2.0,2.0,2.0,2.0,0.0
510,east,0.0,0.0,0.0,3.0,0.0
511,eatoaffiliatemap,1.0,1.0,1.0,1.0,0.0
512,ecard,3.0,3.0,3.0,3.0,0.0
513,ecardmessage,1.0,1.0,1.0,1.0,0.0
514,ecards,1.0,1.0,1.0,1.0,0.0
515,ecardsection,1.0,1.0,1.0,1.0,0.0
516,ecardupdate,1.0,1.0,1.0,1.0,0.0
517,ecardvalidation,1.0,1.0,1.0,1.0,0.0
518,echoes,2.0,2.0,2.0,2.0,0.0
519,edit,1.0,1.0,1.0,1.0,0.0
520,editor,1.0,1.0,1.0,1.0,0.0
521,educate,1.0,1.0,1.0,1.0,0.0
522,education,15.0,15.0,14.0,15.0,0.0
523,educators,4.0,4.0,4.0,4.0,0.0
524,effective,6.0,6.0,6.0,6.0,0.0
525,effectiveness,2.0,2.0,2.0,2.0,0.0
526,ein,2.0,2.0,2.0,2.0,0.0
527,ejaculating,2.0,2.0,2.0,2.0,0.0
528,elected,2.0,2.0,2.0,2.0,0.0
529,elections,4.0,4.0,4.0,4.0,0.0
530,elegir,1.0,1.0,1.0,1.0,0.0
531,element,1.0,1.0,1.0,1.0,0.0
532,elements,1.0,1.0,1.0,1.0,0.0
533,eligible,5.0,5.0,5.0,5.0,0.0
534,eliminated,1.0,1.0,1.0,1.0,0.0
535,else,74.0,74.0,74.0,74.0,0.0
536,email,30.0,30.0,30.0,30.0,0.0
537,emailerrormsg,1.0,1.0,1.0,1.0,0.0
538,emailfield,1.0,1.0,1.0,1.0,0.0
539,emailinfo,2.0,2.0,2.0,2.0,0.0
540,emailreq,1.0,1.0,1.0,1.0,0.0
541,emails,1.0,1.0,1.0,1.0,0.0
542,emailtoggle,1.0,1.0,1.0,1.0,0.0
543,embed,1.0,1.0,1.0,1.0,0.0
544,emergencia,2.0,2.0,2.0,2.0,0.0
545,emergency,20.0,20.0,19.0,20.0,0.0
546,empty,7.0,7.0,7.0,7.0,0.0
547,enable,3.0,3.0,3.0,3.0,0.0
548,enabled,2.0,2.0,2.0,2.0,0.0
549,encodedtweet,2.0,2.0,2.0,2.0,0.0
550,encontrar,1.0,1.0,1.0,1.0,0.0
551,encourage,2.0,2.0,2.0,2.0,0.0
552,end,8.0,8.0,8.0,8.0,0.0
553,endorse,1.0,1.0,1.0,1.0,0.0
554,engagement,7.0,7.0,7.0,7.0,0.0
555,england,39.0,39.0,39.0,39.0,0.0
556,enough,2.0,2.0,2.0,2.0,0.0
557,enroll,5.0,5.0,5.0,5.0,0.0
558,enrolled,2.0,2.0,2.0,2.0,0.0
559,enrollees,1.0,1.0,1.0,1.0,0.0
560,enrollment,2.0,2.0,2.0,2.0,0.0
561,ensure,3.0,3.0,3.0,3.0,0.0
562,enter,32.0,32.0,32.0,36.0,0.0
563,equity,3.0,3.0,3.0,3.0,0.0
564,erectile,2.0,2.0,2.0,2.0,0.0
565,error,41.0,41.0,41.0,41.0,0.0
566,error',1.0,1.0,1.0,1.0,0.0
567,errorcheck,14.0,14.0,14.0,14.0,0.0
568,español,7.0,7.0,7.0,7.0,0.0
569,estimate,1.0,1.0,1.0,1.0,0.0
570,estás,1.0,1.0,1.0,1.0,0.0
571,eur,2.0,2.0,2.0,2.0,0.0
572,euro,2.0,2.0,2.0,2.0,0.0
573,even,2.0,2.0,2.0,2.0,0.0
574,event,6.0,6.0,6.0,6.0,0.0
575,events,7.0,7.0,7.0,7.0,0.0
576,evergreen,1.0,1.0,1.0,1.0,0.0
577,every,7.0,7.0,7.0,7.0,0.0
578,everyaction,1.0,1.0,1.0,1.0,0.0
579,everyone,2.0,2.0,2.0,2.0,0.0
580,everything,1.0,1.0,1.0,1.0,0.0
581,evp,5.0,5.0,5.0,5.0,0.0
582,exam,1.0,1.0,1.0,1.0,0.0
583,except,4.0,4.0,4.0,4.0,0.0
584,excepted,1.0,1.0,1.0,1.0,0.0
585,exception,1.0,1.0,1.0,1.0,0.0
586,exchanges,1.0,1.0,1.0,1.0,0.0
587,excited,1.0,1.0,1.0,1.0,0.0
588,excluded,2.0,2.0,2.0,2.0,0.0
589,exclusive,1.0,1.0,1.0,1.0,0.0
590,exempt,1.0,1.0,1.0,1.0,0.0
591,existing,3.0,3.0,3.0,3.0,0.0
592,exists,14.0,14.0,14.0,14.0,0.0
593,exit,0.0,0.0,0.0,2.0,0.0
594,expands,1.0,1.0,1.0,1.0,0.0
595,expansion,2.0,2.0,2.0,2.0,0.0
596,expect,4.0,4.0,4.0,4.0,0.0
597,expected,1.0,1.0,1.0,1.0,0.0
598,experience,2.0,2.0,2.0,2.0,0.0
599,experiencing,1.0,1.0,1.0,1.0,0.0
600,expert,1.0,1.0,1.0,1.0,0.0
601,experts,5.0,5.0,5.0,5.0,0.0
602,expiresess,1.0,1.0,1.0,1.0,0.0
603,explicitly,1.0,1.0,1.0,1.0,0.0
604,explosion,1.0,1.0,1.0,1.0,0.0
605,extent,8.0,8.0,8.0,8.0,0.0
606,facebook,4.0,4.0,4.0,6.0,0.0
607,facebookenglish,1.0,1.0,1.0,1.0,0.0
608,facebookyou,1.0,1.0,1.0,1.0,0.0
609,facts,4.0,4.0,4.0,4.0,0.0
610,fadein,4.0,4.0,4.0,4.0,0.0
611,fadeout,4.0,4.0,4.0,4.0,0.0
612,failed,1.0,1.0,1.0,1.0,0.0
613,failure,2.0,2.0,2.0,2.0,0.0
614,fair,1.0,1.0,1.0,1.0,0.0
615,faith,3.0,3.0,3.0,3.0,0.0
616,false,1.0,1.0,1.0,1.0,0.0
617,family,9.0,9.0,9.0,9.0,0.0
618,faq,2.0,2.0,2.0,2.0,0.0
619,fast,1.0,1.0,1.0,1.0,0.0
620,faster,1.0,1.0,1.0,1.0,0.0
621,featured,1.0,1.0,1.0,1.0,0.0
622,features,1.0,1.0,1.0,1.0,0.0
623,featuresnfl,1.0,1.0,1.0,1.0,0.0
624,featuring,2.0,2.0,2.0,2.0,0.0
625,federal,10.0,10.0,10.0,10.0,0.0
626,federation,12.0,12.0,12.0,12.0,0.0
627,fee,0.0,1.0,1.0,1.0,0.0
628,feel,3.0,3.0,3.0,3.0,0.0
629,female,2.0,2.0,2.0,2.0,0.0
630,feminism,1.0,1.0,1.0,1.0,0.0
631,feminist,1.0,1.0,1.0,1.0,0.0
632,field,40.0,40.0,40.0,40.0,0.0
633,fields,4.0,4.0,4.0,4.0,0.0
634,fight,4.0,4.0,4.0,4.0,0.0
635,figures,2.0,2.0,2.0,2.0,0.0
636,file,3.0,3.0,3.0,3.0,0.0
637,files,1.0,1.0,1.0,1.0,0.0
638,fill,21.0,21.0,21.0,21.0,0.0
639,filter,12.0,12.0,12.0,12.0,0.0
640,final,2.0,2.0,2.0,2.0,0.0
641,financehybridoffice,1.0,1.0,1.0,1.0,0.0
642,financial,6.0,6.0,6.0,6.0,0.0
643,financially,1.0,1.0,1.0,1.0,0.0
644,find,48.0,48.0,48.0,48.0,0.0
645,finding,8.0,8.0,8.0,8.0,0.0
646,finished,0.0,0.0,0.0,1.0,0.0
647,fire,2.0,2.0,2.0,2.0,0.0
648,fired,1.0,1.0,1.0,1.0,0.0
649,first,25.0,25.0,25.0,25.0,0.0
650,firsthealth,1.0,1.0,1.0,1.0,0.0
651,firstname,1.0,1.0,1.0,1.0,0.0
652,firstnameerror,1.0,1.0,1.0,1.0,0.0
653,firstnamefield,1.0,1.0,1.0,1.0,0.0
654,fits,1.0,1.0,1.0,1.0,0.0
655,five,1.0,1.0,1.0,1.0,0.0
656,fix,4.0,4.0,4.0,4.0,0.0
657,fjs,8.0,8.0,8.0,8.0,0.0
658,float,1.0,1.0,1.0,1.0,0.0
659,flu,1.0,1.0,1.0,1.0,0.0
660,focus,14.0,14.0,14.0,14.0,0.0
661,follow,37.0,37.0,37.0,41.0,0.0
662,following,6.0,6.0,6.0,6.0,0.0
663,font,2.0,2.0,2.0,2.0,0.0
664,forced,1.0,1.0,1.0,1.0,0.0
665,form,33.0,33.0,33.0,33.0,0.0
666,format,7.0,7.0,7.0,7.0,0.0
667,formed,1.0,1.0,1.0,1.0,0.0
668,formelements,1.0,1.0,1.0,1.0,0.0
669,formnever,1.0,1.0,1.0,1.0,0.0
670,forms,11.0,11.0,11.0,10.0,0.0
671,formurl,1.0,1.0,1.0,1.0,0.0
672,forward,1.0,1.0,1.0,1.0,0.0
673,found,1.0,1.0,1.0,1.0,0.0
674,founded,1.0,1.0,1.0,1.0,0.0
675,foundoptionvalue,1.0,1.0,1.0,1.0,0.0
676,frame,2.0,2.0,2.0,2.0,0.0
677,free,10.0,10.0,10.0,12.0,0.0
678,frequency,4.0,4.0,4.0,4.0,0.0
679,frequently,4.0,4.0,4.0,4.0,0.0
680,fri,1.0,1.0,1.0,1.0,0.0
681,friend,1.0,1.0,1.0,1.0,0.0
682,full,9.0,9.0,9.0,9.0,0.0
683,fullest,8.0,8.0,8.0,8.0,0.0
684,fullstory,2.0,2.0,2.0,2.0,0.0
685,fully,2.0,2.0,2.0,2.0,0.0
686,function,64.0,64.0,64.0,64.0,0.0
687,functionality,2.0,2.0,2.0,2.0,0.0
688,functions,1.0,1.0,1.0,1.0,0.0
689,fund,5.0,5.0,5.0,5.0,0.0
690,funding,2.0,2.0,2.0,2.0,0.0
691,funtion,1.0,1.0,1.0,1.0,0.0
692,further,3.0,3.0,3.0,3.0,0.0
693,future,3.0,3.0,3.0,3.0,0.0
694,gaallowlinker,1.0,1.0,1.0,1.0,0.0
695,gaclientid,1.0,1.0,1.0,1.0,0.0
696,gacode,1.0,1.0,1.0,1.0,0.0
697,gender,5.0,5.0,5.0,5.0,0.0
698,general,11.0,11.0,11.0,11.0,0.0
699,generation,1.0,1.0,1.0,1.0,0.0
700,generic,2.0,2.0,2.0,2.0,0.0
701,get,89.0,89.0,89.0,89.0,0.0
702,getcookie,1.0,1.0,1.0,1.0,0.0
703,getting,1.0,1.0,1.0,0.0,0.0
704,geturlvars,1.0,1.0,1.0,1.0,0.0
705,gift,20.0,20.0,20.0,20.0,0.0
706,giftsection,1.0,1.0,1.0,1.0,0.0
707,give,9.0,9.0,9.0,9.0,0.0
708,given,1.0,1.0,1.0,1.0,0.0
709,gives,1.0,1.0,1.0,1.0,0.0
710,giving,1.0,1.0,1.0,1.0,0.0
711,glad,1.0,1.0,1.0,1.0,0.0
712,global,2.0,2.0,2.0,2.0,0.0
713,glossary,5.0,5.0,5.0,5.0,0.0
714,goal,1.0,1.0,1.0,1.0,0.0
715,goes,2.0,2.0,2.0,2.0,0.0
716,gone,2.0,2.0,2.0,2.0,0.0
717,good,3.0,3.0,3.0,3.0,0.0
718,goods,2.0,2.0,2.0,2.0,0.0
719,google,9.0,9.0,9.0,9.0,0.0
720,got,2.0,2.0,2.0,2.0,0.0
721,gov,2.0,2.0,2.0,2.0,0.0
722,govcheck,1.0,1.0,1.0,1.0,0.0
723,government,1.0,1.0,1.0,1.0,0.0
724,goverrormsg,1.0,1.0,1.0,1.0,0.0
725,grab,6.0,6.0,6.0,6.0,0.0
726,grabs,6.0,6.0,6.0,6.0,0.0
727,grants,1.0,1.0,1.0,1.0,0.0
728,gratitude,2.0,2.0,2.0,2.0,0.0
729,great,12.0,12.0,12.0,12.0,0.0
730,greater,3.0,3.0,3.0,3.0,0.0
731,groups,2.0,2.0,2.0,2.0,0.0
732,gtm,2.0,2.0,2.0,2.0,0.0
733,guaranteed,1.0,1.0,1.0,1.0,0.0
734,guardian,2.0,2.0,2.0,2.0,0.0
735,guardian's,2.0,2.0,2.0,2.0,0.0
736,guide,1.0,1.0,1.0,1.0,0.0
737,guidelines,2.0,2.0,2.0,2.0,0.0
738,gulf,3.0,3.0,3.0,3.0,0.0
739,guys,1.0,1.0,1.0,1.0,0.0
740,gynecologist,1.0,1.0,1.0,1.0,0.0
741,gynecologists,1.0,1.0,1.0,1.0,0.0
742,gynecology,1.0,1.0,1.0,1.0,0.0
743,hampshire,4.0,4.0,4.0,4.0,0.0
744,hands,1.0,1.0,1.0,1.0,0.0
745,happens,1.0,1.0,1.0,1.0,0.0
746,happy,1.0,1.0,1.0,1.0,0.0
747,harmful,1.0,1.0,1.0,1.0,0.0
748,hash,1.0,1.0,1.0,1.0,0.0
749,hashes,1.0,1.0,1.0,1.0,0.0
750,hat,1.0,1.0,1.0,1.0,0.0
751,hate,1.0,1.0,1.0,1.0,0.0
752,have,42.0,43.0,43.0,43.0,0.0
753,haven't,1.0,1.0,1.0,1.0,0.0
754,having,1.0,1.0,1.0,1.0,0.0
755,head,1.0,1.0,1.0,1.0,0.0
756,headers,2.0,2.0,2.0,2.0,0.0
757,health,150.0,150.0,150.0,154.0,0.0
758,healthcare,3.0,3.0,3.0,3.0,0.0
759,healthier,1.0,1.0,1.0,1.0,0.0
760,healthrelationships,1.0,1.0,1.0,1.0,0.0
761,healthsexual,1.0,1.0,1.0,1.0,0.0
762,healthy,2.0,2.0,2.0,2.0,0.0
763,hear,5.0,5.0,5.0,5.0,0.0
764,held,1.0,1.0,1.0,1.0,0.0
765,help,15.0,15.0,15.0,15.0,0.0
766,helping,1.0,1.0,1.0,1.0,0.0
767,hence,1.0,1.0,1.0,1.0,0.0
768,henson,2.0,2.0,2.0,2.0,0.0
769,here,3.0,3.0,3.0,3.0,0.0
770,here’s,1.0,1.0,1.0,1.0,0.0
771,hidden,2.0,2.0,2.0,2.0,0.0
772,hide,10.0,10.0,10.0,10.0,0.0
773,hides,5.0,5.0,5.0,5.0,0.0
774,hiding,1.0,1.0,1.0,1.0,0.0
775,high,1.0,1.0,1.0,1.0,0.0
776,hill,0.0,0.0,0.0,2.0,0.0
777,hipaa,10.0,10.0,10.0,10.0,0.0
778,history,1.0,1.0,1.0,1.0,0.0
779,hiv,15.0,15.0,15.0,15.0,0.0
780,hmpxv,1.0,1.0,1.0,1.0,0.0
781,hold,3.0,3.0,3.0,3.0,0.0
782,holes,2.0,2.0,2.0,2.0,0.0
783,hollow,16.0,16.0,16.0,16.0,0.0
784,home,8.0,8.0,8.0,8.0,0.0
785,homepage,8.0,8.0,8.0,8.0,0.0
786,honoree,5.0,5.0,5.0,5.0,0.0
787,honoreecontainer,1.0,1.0,1.0,1.0,0.0
788,honoreeemail,1.0,1.0,1.0,1.0,0.0
789,honoreeerror,1.0,1.0,1.0,1.0,0.0
790,honoreefield,1.0,1.0,1.0,1.0,0.0
791,honortoggle,1.0,1.0,1.0,1.0,0.0
792,hoodie,2.0,2.0,2.0,2.0,0.0
793,hoodiesbaby,1.0,1.0,1.0,1.0,0.0
794,hora,1.0,1.0,1.0,1.0,0.0
795,hormone,15.0,15.0,15.0,15.0,0.0
796,hotfix,2.0,2.0,2.0,2.0,0.0
797,hour,1.0,1.0,1.0,1.0,0.0
798,hours,8.0,8.0,8.0,8.0,0.0
799,house,1.0,1.0,1.0,1.0,0.0
800,hover,1.0,1.0,1.0,1.0,0.0
801,hovering,1.0,1.0,1.0,1.0,0.0
802,how,23.0,23.0,23.0,23.0,0.0
803,hphc,1.0,1.0,1.0,1.0,0.0
804,hpv,2.0,2.0,2.0,2.0,0.0
805,i'd,2.0,2.0,2.0,2.0,0.0
806,icon,1.0,1.0,1.0,1.0,0.0
807,idaho,3.0,3.0,3.0,3.0,0.0
808,identify,1.0,1.0,1.0,1.0,0.0
809,identity,4.0,4.0,4.0,4.0,0.0
810,ignore,2.0,2.0,2.0,2.0,0.0
811,iho,6.0,6.0,6.0,6.0,0.0
812,ihocount,1.0,1.0,1.0,1.0,0.0
813,image,8.0,8.0,8.0,8.0,0.0
814,img,9.0,9.0,9.0,9.0,0.0
815,immediate,1.0,1.0,1.0,1.0,0.0
816,immediately,0.0,0.0,0.0,1.0,0.0
817,immunizations,1.0,1.0,1.0,1.0,0.0
818,imo,5.0,5.0,5.0,5.0,0.0
819,imocount,1.0,1.0,1.0,1.0,0.0
820,impact,7.0,7.0,7.0,7.0,0.0
821,implant,2.0,2.0,2.0,2.0,0.0
822,implants,1.0,1.0,1.0,1.0,0.0
823,important,1.0,1.0,1.0,1.0,0.0
824,improve,6.0,6.0,6.0,6.0,0.0
825,inappropriate,1.0,1.0,1.0,1.0,0.0
826,inc,1.0,1.0,1.0,1.0,0.0
827,include,4.0,4.0,4.0,4.0,0.0
828,included,2.0,2.0,2.0,2.0,0.0
829,includes,1.0,1.0,1.0,1.0,0.0
830,including,11.0,11.0,11.0,11.0,0.0
831,income,1.0,1.0,1.0,1.0,0.0
832,inconvenience,1.0,1.0,1.0,1.0,0.0
833,incorrect,1.0,1.0,1.0,1.0,0.0
834,incremental,1.0,1.0,1.0,1.0,0.0
835,independence,1.0,1.0,1.0,1.0,0.0
836,independent,8.0,8.0,8.0,8.0,0.0
837,infants,1.0,1.0,1.0,1.0,0.0
838,infections,5.0,5.0,5.0,5.0,0.0
839,infertility,1.0,1.0,1.0,1.0,0.0
840,infinite,15.0,15.0,15.0,15.0,0.0
841,info,12.0,12.0,12.0,12.0,0.0
842,infocon,1.0,1.0,1.0,1.0,0.0
843,inforgot,1.0,1.0,1.0,1.0,0.0
844,informarte,1.0,1.0,1.0,1.0,0.0
845,information,37.0,37.0,37.0,37.0,0.0
846,informational,1.0,1.0,1.0,1.0,0.0
847,informed,1.0,1.0,1.0,1.0,0.0
848,inherit,1.0,1.0,1.0,1.0,0.0
849,init,1.0,1.0,1.0,1.0,0.0
850,initial,1.0,1.0,1.0,1.0,0.0
851,initialize,1.0,1.0,1.0,1.0,0.0
852,initiative,1.0,1.0,1.0,1.0,0.0
853,inmessengerfacebook,1.0,1.0,1.0,1.0,0.0
854,input,3.0,3.0,3.0,3.0,0.0
855,insert,1.0,1.0,1.0,1.0,0.0
856,inset,4.0,4.0,4.0,4.0,0.0
857,inside,1.0,1.0,1.0,1.0,0.0
858,insights,3.0,3.0,3.0,3.0,0.0
859,instagram,2.0,2.0,2.0,2.0,0.0
860,instanceof,150.0,150.0,150.0,150.0,0.0
861,instantly,1.0,1.0,1.0,1.0,0.0
862,instead,1.0,1.0,1.0,1.0,0.0
863,insurance,28.0,28.0,28.0,28.0,0.0
864,insurances,2.0,2.0,2.0,2.0,0.0
865,integration,2.0,2.0,2.0,2.0,0.0
866,internal,2.0,2.0,2.0,2.0,0.0
867,internet,3.0,3.0,3.0,3.0,0.0
868,internships,1.0,1.0,1.0,1.0,0.0
869,interpretation,4.0,4.0,4.0,6.0,0.0
870,interpreter,2.0,2.0,2.0,2.0,0.0
871,interpreters,2.0,2.0,2.0,2.0,0.0
872,interrupt,1.0,1.0,1.0,1.0,0.0
873,intervene,1.0,1.0,1.0,1.0,0.0
874,into,4.0,4.0,4.0,6.0,0.0
875,invalid,1.0,1.0,1.0,1.0,0.0
876,invoices,1.0,1.0,1.0,1.0,0.0
877,involved,29.0,29.0,29.0,29.0,0.0
878,inyección,2.0,2.0,2.0,2.0,0.0
879,irs,2.0,2.0,2.0,2.0,0.0
880,ismonthlygift,2.0,2.0,2.0,2.0,0.0
881,isn't,2.0,2.0,2.0,2.0,0.0
882,isprofane,1.0,1.0,1.0,1.0,0.0
883,issues,9.0,9.0,9.0,9.0,0.0
884,it's,5.0,5.0,5.0,5.0,0.0
885,items,1.0,1.0,1.0,1.0,0.0
886,iterate,2.0,2.0,2.0,2.0,0.0
887,iteration,2.0,2.0,2.0,2.0,0.0
888,iud,4.0,4.0,4.0,4.0,0.0
889,i’m,2.0,2.0,2.0,2.0,0.0
890,january,1.0,1.0,1.0,1.0,0.0
891,javascript,4.0,4.0,4.0,4.0,0.0
892,job,1.0,1.0,1.0,1.0,0.0
893,jobs,13.0,13.0,13.0,13.0,0.0
894,johnsbury,0.0,0.0,0.0,1.0,0.0
895,join,5.0,5.0,5.0,5.0,0.0
896,joined,1.0,1.0,1.0,1.0,0.0
897,json,4.0,4.0,4.0,4.0,0.0
898,june,2.0,2.0,2.0,2.0,0.0
899,juneteenth,0.0,0.0,0.0,1.0,0.0
900,just,8.0,8.0,8.0,8.0,0.0
901,keep,5.0,5.0,5.0,5.0,0.0
902,keeps,2.0,2.0,2.0,2.0,0.0
903,kentucky,7.0,7.0,7.0,7.0,0.0
904,kept,2.0,2.0,2.0,2.0,0.0
905,key,3.0,3.0,3.0,3.0,0.0
906,keypress,1.0,1.0,1.0,1.0,0.0
907,keys,3.0,3.0,3.0,3.0,0.0
908,know,13.0,13.0,13.0,13.0,0.0
909,knowledge,1.0,1.0,1.0,1.0,0.0
910,known,1.0,1.0,1.0,1.0,0.0
911,lab,4.0,4.0,4.0,4.0,0.0
912,label,102.0,102.0,102.0,102.0,0.0
913,labels,1.0,1.0,1.0,1.0,0.0
914,labor,2.0,2.0,2.0,2.0,0.0
915,lacking,1.0,1.0,1.0,1.0,0.0
916,landing,1.0,1.0,1.0,1.0,0.0
917,language,7.0,7.0,7.0,7.0,0.0
918,lapel,1.0,1.0,1.0,1.0,0.0
919,largest,3.0,3.0,3.0,3.0,0.0
920,las,2.0,2.0,2.0,2.0,0.0
921,last,18.0,18.0,18.0,18.0,0.0
922,lastnameerror,1.0,1.0,1.0,1.0,0.0
923,lastnamefield,1.0,1.0,1.0,1.0,0.0
924,late,2.0,2.0,2.0,2.0,0.0
925,latest,4.0,4.0,4.0,4.0,0.0
926,latinos,1.0,1.0,1.0,1.0,0.0
927,law,2.0,2.0,2.0,2.0,0.0
928,lawapplyassociate,1.0,1.0,1.0,1.0,0.0
929,lawhybridapplyparalegal,1.0,1.0,1.0,1.0,0.0
930,lawhybridapplysenior,1.0,1.0,1.0,1.0,0.0
931,lawnyc,1.0,1.0,1.0,1.0,0.0
932,laws,3.0,3.0,3.0,3.0,0.0
933,lawsuit,3.0,3.0,3.0,3.0,0.0
934,lead,1.0,1.0,1.0,1.0,0.0
935,leadership,2.0,2.0,2.0,2.0,0.0
936,leading,3.0,3.0,3.0,3.0,0.0
937,learn,27.0,27.0,27.0,27.0,0.0
938,learning,1.0,1.0,1.0,1.0,0.0
939,least,2.0,2.0,2.0,2.0,0.0
940,leaving,11.0,11.0,11.0,11.0,0.0
941,left,9.0,9.0,9.0,14.0,0.0
942,legal,7.0,7.0,7.0,7.0,0.0
943,length,1.0,1.0,1.0,1.0,0.0
944,less,1.0,1.0,1.0,1.0,0.0
945,let,38.0,38.0,38.0,38.0,0.0
946,letters,1.0,1.0,1.0,1.0,0.0
947,let’s,1.0,1.0,1.0,1.0,0.0
948,lgbtq,1.0,1.0,1.0,1.0,0.0
949,life,2.0,2.0,2.0,2.0,0.0
950,like,6.0,6.0,6.0,6.0,0.0
951,limited,5.0,5.0,5.0,5.0,0.0
952,line,2.0,2.0,2.0,2.0,0.0
953,linear,5.0,5.0,5.0,5.0,0.0
954,link,17.0,17.0,17.0,17.0,0.0
955,list,2.0,2.0,2.0,2.0,0.0
956,lists,2.0,2.0,2.0,2.0,0.0
957,litigation,3.0,3.0,3.0,3.0,0.0
958,live,4.0,4.0,4.0,4.0,0.0
959,living,1.0,1.0,1.0,1.0,0.0
960,llcif,1.0,1.0,1.0,1.0,0.0
961,load,5.0,5.0,5.0,5.0,0.0
962,loading,23.0,23.0,23.0,23.0,0.0
963,loads,3.0,3.0,3.0,3.0,0.0
964,local,9.0,9.0,9.0,9.0,0.0
965,locally,2.0,2.0,2.0,2.0,0.0
966,located,1.0,1.0,1.0,1.0,0.0
967,locating,1.0,1.0,1.0,1.0,0.0
968,location,2.0,2.0,2.0,2.0,0.0
969,locations,4.0,4.0,4.0,4.0,0.0
970,lodash,1.0,1.0,1.0,1.0,0.0
971,log,3.0,3.0,3.0,3.0,0.0
972,login,4.0,4.0,4.0,4.0,0.0
973,long,6.0,6.0,6.0,8.0,0.0
974,longer,1.0,1.0,1.0,3.0,0.0
975,look,4.0,4.0,4.0,4.0,0.0
976,looks,1.0,1.0,1.0,1.0,0.0
977,los,6.0,6.0,6.0,6.0,0.0
978,loss,1.0,1.0,1.0,1.0,0.0
979,louis,3.0,3.0,3.0,3.0,0.0
980,loving,1.0,1.0,1.0,1.0,0.0
981,lower,0.0,1.0,1.0,1.0,0.0
982,made,2.0,2.0,2.0,2.0,0.0
983,mail,17.0,17.0,17.0,17.0,0.0
984,mailchecks,1.0,1.0,1.0,1.0,0.0
985,mailed,3.0,3.0,3.0,3.0,0.0
986,mailinfo,3.0,3.0,3.0,3.0,0.0
987,mailtoggle,1.0,1.0,1.0,1.0,0.0
988,main,53.0,53.0,53.0,53.0,0.0
989,maine,2.0,2.0,2.0,2.0,0.0
990,mainecare,2.0,2.0,2.0,2.0,0.0
991,major,2.0,2.0,2.0,2.0,0.0
992,make,17.0,17.0,17.0,17.0,0.0
993,makes,1.0,1.0,1.0,1.0,0.0
994,making,1.0,1.0,1.0,1.0,0.0
995,manage,1.0,1.0,1.0,1.0,0.0
996,managementnyc,1.0,1.0,1.0,1.0,0.0
997,many,6.0,6.0,6.0,6.0,0.0
998,map,1.0,1.0,1.0,1.0,0.0
999,mapped,2.0,2.0,2.0,2.0,0.0
1000,mappedfalse,2.0,2.0,2.0,2.0,0.0
1001,mappedga,1.0,1.0,1.0,1.0,0.0
1002,mappedms,1.0,1.0,1.0,1.0,0.0
1003,mappedq,2.0,2.0,2.0,2.0,0.0
1004,mappedtext,4.0,4.0,4.0,4.0,0.0
1005,mappedtrue,2.0,2.0,2.0,2.0,0.0
1006,maps,2.0,2.0,2.0,2.0,0.0
1007,mar,3.0,3.0,3.0,3.0,0.0
1008,market,1.0,1.0,1.0,1.0,0.0
1009,marketing,1.0,1.0,1.0,1.0,0.0
1010,marketingnew,1.0,1.0,1.0,1.0,0.0
1011,marketplace,2.0,2.0,2.0,2.0,0.0
1012,marketsource,5.0,5.0,5.0,5.0,0.0
1013,masturbation,2.0,2.0,2.0,2.0,0.0
1014,match,5.0,5.0,5.0,5.0,0.0
1015,materials,1.0,1.0,1.0,1.0,0.0
1016,matter,6.0,6.0,6.0,6.0,0.0
1017,mau,1.0,1.0,1.0,1.0,0.0
1018,maximum,1.0,1.0,1.0,1.0,0.0
1019,may,21.0,22.0,22.0,29.0,0.0
1020,mean,1.0,1.0,1.0,1.0,0.0
1021,meaningful,2.0,2.0,2.0,2.0,0.0
1022,means,4.0,4.0,4.0,4.0,0.0
1023,measures,1.0,1.0,1.0,1.0,0.0
1024,media,2.0,2.0,2.0,2.0,0.0
1025,medicaid,5.0,5.0,5.0,5.0,0.0
1026,medical,6.0,6.0,5.0,6.0,0.0
1027,medication,4.0,4.0,4.0,4.0,0.0
1028,medium,3.0,3.0,3.0,3.0,0.0
1029,meet,1.0,1.0,1.0,1.0,0.0
1030,member,2.0,2.0,3.0,2.0,0.0
1031,membership,11.0,11.0,11.0,11.0,0.0
1032,memorial,1.0,1.0,1.0,1.0,0.0
1033,men,1.0,1.0,1.0,1.0,0.0
1034,men's,14.0,14.0,14.0,14.0,0.0
1035,mental,12.0,12.0,12.0,13.0,0.0
1036,mention,1.0,1.0,1.0,1.0,0.0
1037,mentions,1.0,1.0,1.0,1.0,0.0
1038,menu,1.0,1.0,1.0,1.0,0.0
1039,merge,3.0,3.0,3.0,3.0,0.0
1040,merges,2.0,2.0,2.0,2.0,0.0
1041,message,8.0,8.0,8.0,8.0,0.0
1042,messages,19.0,19.0,19.0,19.0,0.0
1043,meta,1.0,1.0,1.0,1.0,0.0
1044,method,11.0,11.0,11.0,11.0,0.0
1045,methods,2.0,2.0,2.0,2.0,0.0
1046,metropolitan,4.0,4.0,4.0,4.0,0.0
1047,microphone,2.0,2.0,2.0,2.0,0.0
1048,microsoft,2.0,2.0,2.0,2.0,0.0
1049,middle,1.0,1.0,1.0,1.0,0.0
1050,might,3.0,3.0,3.0,3.0,0.0
1051,mile,0.0,0.0,0.0,1.0,0.0
1052,miles,0.0,0.0,0.0,1.0,0.0
1053,million,5.0,5.0,5.0,5.0,0.0
1054,millions,4.0,4.0,4.0,4.0,0.0
1055,min,2.0,2.0,2.0,2.0,0.0
1056,miniplayer,1.0,1.0,1.0,1.0,0.0
1057,minus,1.0,1.0,1.0,1.0,0.0
1058,minute,1.0,1.0,1.0,1.0,0.0
1059,minutes,1.0,1.0,1.0,1.0,0.0
1060,mirena,1.0,1.0,1.0,1.0,0.0
1061,miscarriage,1.0,1.0,1.0,1.0,0.0
1062,misleading,1.0,1.0,1.0,1.0,0.0
1063,missed,1.0,1.0,1.0,1.0,0.0
1064,missing,1.0,1.0,1.0,1.0,0.0
1065,mission,2.0,2.0,2.0,2.0,0.0
1066,mississippi,3.0,3.0,3.0,3.0,0.0
1067,missouri,3.0,3.0,3.0,3.0,0.0
1068,mobile,3.0,3.0,3.0,3.0,0.0
1069,modal,9.0,9.0,9.0,9.0,0.0
1070,mode,0.0,0.0,0.0,3.0,0.0
1071,mon,1.0,1.0,1.0,1.0,0.0
1072,monday,2.0,2.0,2.0,2.0,0.0
1073,money,1.0,1.0,1.0,1.0,0.0
1074,monitor,1.0,1.0,1.0,1.0,0.0
1075,monte,3.0,3.0,3.0,3.0,0.0
1076,month,4.0,4.0,4.0,4.0,0.0
1077,monthly,5.0,5.0,5.0,5.0,0.0
1078,months,10.0,10.0,10.0,10.0,0.0
1079,more,55.0,55.0,55.0,55.0,0.0
1080,morning,5.0,5.0,4.0,5.0,0.0
1081,most,13.0,13.0,13.0,13.0,0.0
1082,mountains,5.0,5.0,5.0,5.0,0.0
1083,mousedown,1.0,1.0,1.0,1.0,0.0
1084,move,1.0,1.0,1.0,1.0,0.0
1085,moving,1.0,1.0,1.0,1.0,0.0
1086,much,2.0,2.0,2.0,2.0,0.0
1087,multistep,1.0,1.0,1.0,1.0,0.0
1088,must,6.0,6.0,6.0,6.0,0.0
1089,mvp,1.0,1.0,1.0,1.0,0.0
1090,mychart,9.0,9.0,9.0,9.0,0.0
1091,mypostrender,12.0,12.0,12.0,12.0,0.0
1092,mypresegue,1.0,1.0,1.0,1.0,0.0
1093,más,1.0,1.0,1.0,1.0,0.0
1094,método,2.0,2.0,2.0,2.0,0.0
1095,métodos,4.0,4.0,4.0,4.0,0.0
1096,nairobinew,1.0,1.0,1.0,1.0,0.0
1097,nairobioffice,1.0,1.0,1.0,1.0,0.0
1098,name,12.0,12.0,12.0,12.0,0.0
1099,narrated,1.0,1.0,1.0,1.0,0.0
1100,nationally,1.0,1.0,1.0,1.0,0.0
1101,nation’s,6.0,6.0,6.0,6.0,0.0
1102,native,2.0,2.0,2.0,2.0,0.0
1103,nav,1.0,1.0,1.0,1.0,0.0
1104,navigate,1.0,1.0,1.0,1.0,0.0
1105,navigation,34.0,34.0,34.0,34.0,0.0
1106,near,1.0,1.0,1.0,1.0,0.0
1107,necesidades,1.0,1.0,1.0,1.0,0.0
1108,necesitamos,1.0,1.0,1.0,1.0,0.0
1109,necessary,2.0,2.0,2.0,2.0,0.0
1110,need,16.0,16.0,16.0,17.0,0.0
1111,needs,2.0,2.0,2.0,2.0,0.0
1112,neither,3.0,3.0,3.0,3.0,0.0
1113,neithercheck,1.0,1.0,1.0,1.0,0.0
1114,never,3.0,3.0,3.0,3.0,0.0
1115,new,120.0,120.0,120.0,120.0,0.0
1116,newredirect,2.0,2.0,2.0,2.0,0.0
1117,news,6.0,6.0,6.0,6.0,0.0
1118,newsletter,1.0,1.0,1.0,1.0,0.0
1119,newsroom,2.0,2.0,2.0,2.0,0.0
1120,next,6.0,6.0,6.0,6.0,0.0
1121,nh's,1.0,1.0,1.0,1.0,0.0
1122,nonbinary,1.0,1.0,1.0,1.0,0.0
1123,none,9.0,9.0,9.0,9.0,0.0
1124,nonprofit,2.0,2.0,2.0,2.0,0.0
1125,noreferrer,1.0,1.0,1.0,1.0,0.0
1126,normal,10.0,10.0,10.0,10.0,0.0
1127,north,12.0,12.0,12.0,14.0,0.0
1128,northern,51.0,51.0,51.0,51.0,0.0
1129,nosotros,1.0,1.0,1.0,1.0,0.0
1130,not,29.0,29.0,29.0,30.0,0.0
1131,note,6.0,6.0,6.0,6.0,0.0
1132,notification,2.0,2.0,2.0,2.0,0.0
1133,notifications,2.0,2.0,2.0,2.0,0.0
1134,notify,1.0,1.0,1.0,1.0,0.0
1135,now,15.0,15.0,15.0,15.0,0.0
1136,null,3.0,3.0,3.0,3.0,0.0
1137,num,2.0,2.0,2.0,2.0,0.0
1138,number,6.0,6.0,6.0,7.0,0.0
1139,numpad,2.0,2.0,2.0,2.0,0.0
1140,nuvaring,1.0,1.0,1.0,1.0,0.0
1141,nuzzle,1.0,1.0,1.0,1.0,0.0
1142,nynyc,1.0,1.0,1.0,1.0,0.0
1143,nyoffice,4.0,4.0,4.0,4.0,0.0
1144,nyt,2.0,2.0,2.0,2.0,0.0
1145,object,1.0,1.0,1.0,1.0,0.0
1146,observación,2.0,2.0,2.0,2.0,0.0
1147,observed,0.0,0.0,0.0,1.0,0.0
1148,observer,1.0,1.0,1.0,1.0,0.0
1149,obtain,2.0,2.0,2.0,2.0,0.0
1150,occasionally,1.0,1.0,1.0,1.0,0.0
1151,off,16.0,16.0,16.0,16.0,0.0
1152,offenders,1.0,1.0,1.0,1.0,0.0
1153,offer,2.0,2.0,2.0,3.0,0.0
1154,offered,5.0,5.0,5.0,5.0,0.0
1155,offering,1.0,1.0,1.0,1.0,0.0
1156,offers,2.0,2.0,2.0,2.0,0.0
1157,office,11.0,11.0,11.0,11.0,0.0
1158,officeapplyaffiliate,1.0,1.0,1.0,1.0,0.0
1159,officeapplymanaging,1.0,1.0,1.0,1.0,0.0
1160,officeapplymarketing,1.0,1.0,1.0,1.0,0.0
1161,officedirect,1.0,1.0,1.0,1.0,0.0
1162,officehybriddirect,1.0,1.0,1.0,1.0,0.0
1163,officeoffice,1.0,1.0,1.0,1.0,0.0
1164,officer,11.0,11.0,11.0,11.0,0.0
1165,officeremoteoffice,1.0,1.0,1.0,1.0,0.0
1166,offices,2.0,2.0,2.0,2.0,0.0
1167,officials,3.0,3.0,3.0,3.0,0.0
1168,ohio,3.0,3.0,3.0,3.0,0.0
1169,old,9.0,9.0,9.0,9.0,0.0
1170,once,1.0,1.0,1.0,1.0,0.0
1171,one,22.0,22.0,22.0,22.0,0.0
1172,online,16.0,16.0,16.0,16.0,0.0
1173,only,18.0,18.0,18.0,18.0,0.0
1174,onpolymerready,1.0,1.0,1.0,1.0,0.0
1175,onto,0.0,0.0,0.0,5.0,0.0
1176,opacity,22.0,22.0,22.0,22.0,0.0
1177,open,25.0,25.0,25.0,25.0,0.0
1178,openly,1.0,1.0,1.0,1.0,0.0
1179,operated,11.0,11.0,11.0,11.0,0.0
1180,operating,5.0,5.0,5.0,5.0,0.0
1181,operations,2.0,2.0,2.0,2.0,0.0
1182,opportunities,1.0,1.0,1.0,1.0,0.0
1183,opposite,1.0,1.0,1.0,1.0,0.0
1184,opt,0.0,0.0,0.0,4.0,0.0
1185,option,2.0,2.0,2.0,2.0,0.0
1186,optional,2.0,2.0,2.0,2.0,0.0
1187,options,4.0,5.0,5.0,5.0,0.0
1188,optionvalue,1.0,1.0,1.0,1.0,0.0
1189,optum,1.0,1.0,1.0,1.0,0.0
1190,order,2.0,2.0,2.0,3.0,0.0
1191,orders,1.0,1.0,1.0,1.0,0.0
1192,organization,3.0,3.0,3.0,3.0,0.0
1193,organizations,3.0,3.0,3.0,3.0,0.0
1194,orientation,4.0,4.0,4.0,4.0,0.0
1195,original,1.0,1.0,1.0,1.0,0.0
1196,other,31.0,32.0,32.0,32.0,0.0
1197,others,1.0,1.0,1.0,1.0,0.0
1198,otherwise,2.0,2.0,2.0,2.0,0.0
1199,our,83.0,83.0,83.0,83.0,0.0
1200,ourselves,1.0,1.0,1.0,1.0,0.0
1201,out,33.0,33.0,33.0,38.0,0.0
1202,outside,3.0,3.0,3.0,3.0,0.0
1203,outstanding,1.0,1.0,1.0,1.0,0.0
1204,over,7.0,7.0,7.0,7.0,0.0
1205,overview,6.0,6.0,6.0,6.0,0.0
1206,own,4.0,4.0,4.0,4.0,0.0
1207,oxford,1.0,1.0,1.0,1.0,0.0
1208,pack,1.0,1.0,1.0,1.0,0.0
1209,packaging,1.0,1.0,1.0,1.0,0.0
1210,pad,2.0,2.0,2.0,2.0,0.0
1211,page,7.0,7.0,7.0,7.0,0.0
1212,pagejobs,1.0,1.0,1.0,1.0,0.0
1213,pages,3.0,3.0,3.0,3.0,0.0
1214,pap,2.0,2.0,2.0,2.0,0.0
1215,paragard,1.0,1.0,1.0,1.0,0.0
1216,paragraph,1.0,1.0,1.0,1.0,0.0
1217,parameter,1.0,1.0,1.0,1.0,0.0
1218,parent,6.0,6.0,6.0,6.0,0.0
1219,parent's,1.0,1.0,1.0,1.0,0.0
1220,parenthood,328.0,328.0,328.0,328.0,0.0
1221,parenthood's,1.0,1.0,1.0,1.0,0.0
1222,parents,7.0,7.0,7.0,7.0,0.0
1223,parking,0.0,0.0,0.0,4.0,0.0
1224,participate,10.0,10.0,10.0,10.0,0.0
1225,partner,3.0,3.0,3.0,3.0,0.0
1226,pass,1.0,1.0,1.0,1.0,0.0
1227,passionately,1.0,1.0,1.0,1.0,0.0
1228,passwords,1.0,1.0,1.0,1.0,0.0
1229,past,1.0,1.0,1.0,1.0,0.0
1230,patch,1.0,1.0,1.0,1.0,0.0
1231,path,13.0,13.0,13.0,13.0,0.0
1232,patience,1.0,1.0,1.0,1.0,0.0
1233,patient,25.0,25.0,25.0,25.0,0.0
1234,patients,14.0,14.0,14.0,14.0,0.0
1235,paul,12.0,0.0,0.0,0.0,0.0
1236,pay,5.0,5.0,5.0,5.0,0.0
1237,payer,1.0,1.0,1.0,1.0,0.0
1238,payload,2.0,2.0,2.0,2.0,0.0
1239,payment,13.0,13.0,13.0,13.0,0.0
1240,paymentmethod,1.0,1.0,1.0,1.0,0.0
1241,payments,3.0,3.0,3.0,3.0,0.0
1242,pelvic,1.0,1.0,1.0,1.0,0.0
1243,people,13.0,13.0,13.0,13.0,0.0
1244,pep,1.0,1.0,1.0,1.0,0.0
1245,percentage,1.0,1.0,1.0,1.0,0.0
1246,period,14.0,14.0,14.0,14.0,0.0
1247,perks,1.0,1.0,1.0,1.0,0.0
1248,permission,4.0,4.0,4.0,4.0,0.0
1249,person,4.0,4.0,4.0,4.0,0.0
1250,personal,3.0,3.0,3.0,3.0,0.0
1251,pharmaceutical,3.0,3.0,3.0,3.0,0.0
1252,pharmacy,1.0,1.0,1.0,1.0,0.0
1253,phone,4.0,4.0,4.0,5.0,0.0
1254,photos,2.0,2.0,2.0,3.0,0.0
1255,physical,7.0,7.0,7.0,6.0,0.0
1256,physicals,1.0,1.0,1.0,1.0,0.0
1257,pill,18.0,18.0,18.0,18.0,0.0
1258,pills,10.0,10.0,10.0,10.0,0.0
1259,pin,2.0,2.0,2.0,2.0,0.0
1260,pink,3.0,3.0,3.0,3.0,0.0
1261,pinshats,1.0,1.0,1.0,1.0,0.0
1262,place,2.0,2.0,2.0,2.0,0.0
1263,placed,4.0,4.0,4.0,4.0,0.0
1264,plains,5.0,5.0,5.0,5.0,0.0
1265,plan,6.0,6.0,6.0,6.0,0.0
1266,planned,329.0,329.0,329.0,329.0,0.0
1267,planning,8.0,8.0,8.0,8.0,0.0
1268,plans,4.0,4.0,4.0,4.0,0.0
1269,playback,2.0,2.0,2.0,2.0,0.0
1270,please,78.0,78.0,78.0,81.0,0.0
1271,plus,1.0,1.0,1.0,1.0,0.0
1272,pocket,1.0,1.0,1.0,1.0,0.0
1273,podría,1.0,1.0,1.0,1.0,0.0
1274,point,1.0,1.0,1.0,1.0,0.0
1275,policies,6.0,6.0,6.0,6.0,0.0
1276,policy,27.0,27.0,27.0,27.0,0.0
1277,policyapplypolicy,1.0,1.0,1.0,1.0,0.0
1278,policyhybridplanned,1.0,1.0,1.0,1.0,0.0
1279,policyprivacy,1.0,1.0,1.0,1.0,0.0
1280,policyterms,2.0,2.0,2.0,2.0,0.0
1281,policywork,1.0,1.0,1.0,1.0,0.0
1282,political,3.0,3.0,3.0,3.0,0.0
1283,politicians’,1.0,1.0,1.0,1.0,0.0
1284,populate,2.0,2.0,2.0,2.0,0.0
1285,populated,1.0,1.0,1.0,1.0,0.0
1286,populates,16.0,16.0,16.0,16.0,0.0
1287,population,4.0,4.0,4.0,4.0,0.0
1288,por,1.0,1.0,1.0,1.0,0.0
1289,portal,17.0,17.0,17.0,17.0,0.0
1290,positions,1.0,1.0,1.0,1.0,0.0
1291,post,3.0,3.0,3.0,3.0,0.0
1292,postal,2.0,2.0,2.0,2.0,0.0
1293,postdata,2.0,2.0,2.0,2.0,0.0
1294,postrender,2.0,2.0,2.0,2.0,0.0
1295,posts,2.0,2.0,2.0,2.0,0.0
1296,poverty,1.0,1.0,1.0,1.0,0.0
1297,powered,1.0,1.0,1.0,1.0,0.0
1298,ppfa,8.0,8.0,8.0,8.0,0.0
1299,ppnne,5.0,5.0,5.0,5.0,0.0
1300,ppnne’s,2.0,2.0,2.0,2.0,0.0
1301,pre,2.0,2.0,2.0,2.0,0.0
1302,preconception,1.0,1.0,1.0,1.0,0.0
1303,predictions,2.0,2.0,2.0,2.0,0.0
1304,preferred,2.0,2.0,2.0,2.0,0.0
1305,pregnancy,22.0,22.0,21.0,22.0,0.0
1306,pregnant,6.0,6.0,6.0,6.0,0.0
1307,premium,1.0,1.0,1.0,1.0,0.0
1308,prep,1.0,1.0,1.0,1.0,0.0
1309,preparations,1.0,1.0,1.0,1.0,0.0
1310,prescribing,1.0,1.0,1.0,1.0,0.0
1311,prescription,5.0,5.0,5.0,5.0,0.0
1312,prescriptions,3.0,3.0,3.0,3.0,0.0
1313,president,4.0,4.0,4.0,4.0,0.0
1314,press,3.0,3.0,3.0,3.0,0.0
1315,pressroom,1.0,1.0,1.0,1.0,0.0
1316,pretty,3.0,3.0,3.0,3.0,0.0
1317,prevent,7.0,7.0,7.0,7.0,0.0
1318,preventing,1.0,1.0,1.0,1.0,0.0
1319,prevention,1.0,1.0,1.0,1.0,0.0
1320,preview,3.0,3.0,3.0,3.0,0.0
1321,previous,1.0,1.0,1.0,1.0,0.0
1322,prices,1.0,1.0,1.0,1.0,0.0
1323,pricing,1.0,1.0,1.0,1.0,0.0
1324,pride,1.0,1.0,1.0,1.0,0.0
1325,primarily,4.0,4.0,4.0,4.0,0.0
1326,primary,14.0,14.0,14.0,14.0,0.0
1327,print,3.0,3.0,3.0,3.0,0.0
1328,privacy,21.0,21.0,21.0,21.0,0.0
1329,private,14.0,14.0,14.0,14.0,0.0
1330,privately,1.0,1.0,1.0,1.0,0.0
1331,problem,8.0,8.0,8.0,8.0,0.0
1332,process,1.0,1.0,1.0,1.0,0.0
1333,processed,1.0,1.0,1.0,1.0,0.0
1334,processing,2.0,2.0,2.0,2.0,0.0
1335,products,11.0,11.0,11.0,11.0,0.0
1336,profanity,1.0,1.0,1.0,1.0,0.0
1337,professional,2.0,9.0,2.0,2.0,0.0
1338,profile,1.0,1.0,1.0,1.0,0.0
1339,program,6.0,7.0,7.0,8.0,0.0
1340,programs,8.0,8.0,8.0,8.0,0.0
1341,project,1.0,1.0,1.0,1.0,0.0
1342,promo,4.0,4.0,4.0,4.0,0.0
1343,promos,14.0,14.0,14.0,14.0,0.0
1344,promotional,1.0,1.0,1.0,1.0,0.0
1345,prompted,1.0,1.0,1.0,1.0,0.0
1346,properties,2.0,2.0,2.0,2.0,0.0
1347,property,2.0,2.0,2.0,2.0,0.0
1348,protect,8.0,8.0,8.0,8.0,0.0
1349,provide,11.0,11.0,11.0,11.0,0.0
1350,provided,3.0,3.0,3.0,3.0,0.0
1351,provider,24.0,24.0,24.0,24.0,0.0
1352,providers,3.0,3.0,3.0,3.0,0.0
1353,public,2.0,2.0,2.0,2.0,0.0
1354,publications,2.0,2.0,2.0,2.0,0.0
1355,pull,3.0,3.0,3.0,3.0,0.0
1356,pulling,5.0,5.0,5.0,5.0,0.0
1357,pulls,1.0,1.0,1.0,1.0,0.0
1358,purchase,2.0,2.0,2.0,2.0,0.0
1359,purposes,1.0,1.0,1.0,1.0,0.0
1360,push,2.0,2.0,2.0,2.0,0.0
1361,put,3.0,3.0,3.0,3.0,0.0
1362,píldoras,2.0,2.0,2.0,2.0,0.0
1363,qualify,3.0,4.0,4.0,7.0,0.0
1364,quality,1.0,1.0,1.0,1.0,0.0
1365,que,1.0,1.0,1.0,1.0,0.0
1366,queries,1.0,1.0,1.0,1.0,0.0
1367,querystring,1.0,1.0,1.0,1.0,0.0
1368,querystrings,1.0,1.0,1.0,1.0,0.0
1369,question,8.0,8.0,8.0,8.0,0.0
1370,questions,12.0,12.0,12.0,12.0,0.0
1371,queue,2.0,2.0,2.0,2.0,0.0
1372,quickly,1.0,1.0,1.0,1.0,0.0
1373,quit,1.0,1.0,1.0,1.0,0.0
1374,quitting,2.0,2.0,2.0,2.0,0.0
1375,quiz,1.0,1.0,1.0,1.0,0.0
1376,quizzes,2.0,2.0,2.0,2.0,0.0
1377,race,2.0,2.0,2.0,2.0,0.0
1378,radio,2.0,2.0,2.0,2.0,0.0
1379,range,1.0,1.0,1.0,1.0,0.0
1380,rapid,1.0,1.0,1.0,1.0,0.0
1381,rates,1.0,1.0,1.0,1.0,0.0
1382,rdpze,1.0,1.0,1.0,1.0,0.0
1383,reach,2.0,2.0,2.0,2.0,0.0
1384,reached,4.0,4.0,4.0,4.0,0.0
1385,read,9.0,9.0,9.0,9.0,0.0
1386,ready,1.0,1.0,1.0,1.0,0.0
1387,really,4.0,4.0,4.0,4.0,0.0
1388,reasons,1.0,1.0,1.0,1.0,0.0
1389,receipt,2.0,2.0,2.0,2.0,0.0
1390,receive,13.0,13.0,13.0,14.0,0.0
1391,received,1.0,1.0,1.0,1.0,0.0
1392,receiving,1.0,1.0,1.0,1.0,0.0
1393,recent,1.0,1.0,1.0,1.0,0.0
1394,recess,1.0,1.0,1.0,1.0,0.0
1395,recipient,5.0,5.0,5.0,5.0,0.0
1396,record,4.0,4.0,4.0,4.0,0.0
1397,records,1.0,1.0,1.0,1.0,0.0
1398,recruitment,7.0,7.0,7.0,7.0,0.0
1399,recurringfrequency,3.0,3.0,3.0,3.0,0.0
1400,redirected,8.0,8.0,8.0,8.0,0.0
1401,reduce,1.0,1.0,1.0,1.0,0.0
1402,refer,1.0,1.0,1.0,1.0,0.0
1403,referrals,12.0,13.0,12.0,12.0,0.0
1404,refill,2.0,2.0,2.0,2.0,0.0
1405,reform,1.0,1.0,1.0,1.0,0.0
1406,refund,1.0,1.0,1.0,1.0,0.0
1407,region,6.0,6.0,6.0,6.0,0.0
1408,regional,6.0,6.0,6.0,6.0,0.0
1409,registered,2.0,2.0,2.0,2.0,0.0
1410,registering,1.0,1.0,1.0,1.0,0.0
1411,registration,2.0,2.0,2.0,2.0,0.0
1412,regulations,4.0,4.0,4.0,4.0,0.0
1413,relationships,4.0,4.0,4.0,4.0,0.0
1414,releases,2.0,2.0,2.0,2.0,0.0
1415,reliable,1.0,1.0,1.0,1.0,0.0
1416,remain,8.0,8.0,8.0,8.0,0.0
1417,remaining,2.0,2.0,2.0,2.0,0.0
1418,remains,1.0,1.0,1.0,1.0,0.0
1419,remind,1.0,1.0,1.0,1.0,0.0
1420,reminding,1.0,1.0,1.0,1.0,0.0
1421,remove,2.0,2.0,2.0,2.0,0.0
1422,removing,1.0,1.0,1.0,1.0,0.0
1423,renders,3.0,3.0,3.0,3.0,0.0
1424,renew,1.0,1.0,1.0,1.0,0.0
1425,repeat,1.0,1.0,1.0,1.0,0.0
1426,report,5.0,5.0,5.0,5.0,0.0
1427,reports,2.0,2.0,2.0,2.0,0.0
1428,reposition,2.0,2.0,2.0,2.0,0.0
1429,reproductive,22.0,22.0,22.0,22.0,0.0
1430,repurpse,2.0,2.0,2.0,2.0,0.0
1431,req,2.0,2.0,2.0,2.0,0.0
1432,request,2.0,2.0,2.0,2.0,0.0
1433,requested,1.0,1.0,1.0,1.0,0.0
1434,requestheaders,2.0,2.0,2.0,2.0,0.0
1435,requests,4.0,4.0,4.0,4.0,0.0
1436,require,6.0,6.0,5.0,6.0,0.0
1437,required,2.0,2.0,2.0,1.0,0.0
1438,requiredare,1.0,1.0,1.0,1.0,0.0
1439,requirements,1.0,1.0,1.0,1.0,0.0
1440,requires,2.0,2.0,2.0,2.0,0.0
1441,research,21.0,21.0,21.0,21.0,0.0
1442,researchnew,1.0,1.0,1.0,1.0,0.0
1443,resharper,10.0,10.0,10.0,10.0,0.0
1444,residents,5.0,5.0,5.0,5.0,0.0
1445,resource,1.0,1.0,1.0,1.0,0.0
1446,resources,10.0,10.0,10.0,10.0,0.0
1447,respect,1.0,1.0,1.0,1.0,0.0
1448,respects,2.0,2.0,2.0,2.0,0.0
1449,response,4.0,4.0,4.0,4.0,0.0
1450,responsehybridoffice,1.0,1.0,1.0,1.0,0.0
1451,responseoffice,1.0,1.0,1.0,1.0,0.0
1452,responsible,1.0,1.0,1.0,1.0,0.0
1453,rest,1.0,1.0,1.0,1.0,0.0
1454,restore,6.0,6.0,6.0,6.0,0.0
1455,restrictions,1.0,1.0,1.0,1.0,0.0
1456,result,8.0,8.0,8.0,8.0,0.0
1457,results,6.0,6.0,6.0,6.0,0.0
1458,retention,1.0,1.0,1.0,1.0,0.0
1459,retrieving,2.0,2.0,2.0,2.0,0.0
1460,return,36.0,36.0,36.0,36.0,0.0
1461,returning,1.0,1.0,1.0,1.0,0.0
1462,returns,2.0,2.0,2.0,2.0,0.0
1463,revenue,1.0,1.0,1.0,1.0,0.0
1464,review,4.0,4.0,4.0,4.0,0.0
1465,right,11.0,11.0,11.0,13.0,0.0
1466,rightclick,1.0,1.0,1.0,1.0,0.0
1467,rights,9.0,9.0,9.0,9.0,0.0
1468,ring,2.0,2.0,2.0,2.0,0.0
1469,risk,2.0,2.0,2.0,2.0,0.0
1470,river,0.0,0.0,0.0,1.0,0.0
1471,road,0.0,1.0,0.0,1.0,0.0
1472,rocky,5.0,5.0,5.0,5.0,0.0
1473,roe,1.0,1.0,1.0,1.0,0.0
1474,roo,3.0,3.0,3.0,3.0,0.0
1475,root,1.0,1.0,1.0,1.0,0.0
1476,run,2.0,2.0,2.0,2.0,0.0
1477,running,4.0,4.0,4.0,4.0,0.0
1478,runs,5.0,5.0,5.0,5.0,0.0
1479,rutland,0.0,0.0,3.0,0.0,0.0
1480,safe,6.0,6.0,6.0,6.0,0.0
1481,safely,2.0,2.0,2.0,2.0,0.0
1482,safer,1.0,1.0,1.0,1.0,0.0
1483,safety,1.0,1.0,1.0,1.0,0.0
1484,safetyhow,1.0,1.0,1.0,1.0,0.0
1485,saint,4.0,0.0,0.0,0.0,0.0
1486,salesforce,1.0,1.0,1.0,1.0,0.0
1487,sans,1.0,1.0,1.0,1.0,0.0
1488,sasheer,1.0,1.0,1.0,1.0,0.0
1489,sat,1.0,1.0,1.0,1.0,0.0
1490,save,4.0,4.0,4.0,5.0,0.0
1491,say,2.0,2.0,2.0,2.0,0.0
1492,scare,1.0,1.0,1.0,1.0,0.0
1493,scarvestravelhome,1.0,1.0,1.0,1.0,0.0
1494,schedule,10.0,10.0,10.0,10.0,0.0
1495,scheduling,4.0,4.0,4.0,4.0,0.0
1496,school,2.0,2.0,2.0,1.0,0.0
1497,schools,1.0,1.0,1.0,1.0,0.0
1498,scorecard,1.0,1.0,1.0,1.0,0.0
1499,screen,18.0,18.0,18.0,18.0,0.0
1500,screening,1.0,1.0,1.0,1.0,0.0
1501,screenings,2.0,2.0,2.0,2.0,0.0
1502,script,2.0,2.0,2.0,2.0,0.0
1503,search,94.0,94.0,94.0,94.0,0.0
1504,second,3.0,3.0,3.0,3.0,0.0
1505,seconds,41.0,41.0,41.0,41.0,0.0
1506,section,5.0,5.0,5.0,5.0,0.0
1507,securely,1.0,1.0,1.0,1.0,0.0
1508,see,13.0,13.0,13.0,14.0,0.0
1509,seeking,2.0,2.0,2.0,2.0,0.0
1510,seems,1.0,1.0,1.0,1.0,0.0
1511,segment,2.0,2.0,2.0,2.0,0.0
1512,segoe,2.0,2.0,2.0,2.0,0.0
1513,segue,4.0,4.0,4.0,4.0,0.0
1514,select,15.0,15.0,15.0,15.0,0.0
1515,selected,9.0,9.0,9.0,9.0,0.0
1516,selection,1.0,1.0,1.0,1.0,0.0
1517,selects,4.0,4.0,4.0,4.0,0.0
1518,send,7.0,7.0,7.0,7.0,0.0
1519,senior,14.0,14.0,14.0,14.0,0.0
1520,sent,6.0,6.0,6.0,6.0,0.0
1521,separate,1.0,1.0,1.0,1.0,0.0
1522,serve,2.0,2.0,2.0,2.0,0.0
1523,service,30.0,30.0,30.0,30.0,0.0
1524,services,99.0,99.0,98.0,99.0,0.0
1525,set,27.0,27.0,27.0,27.0,0.0
1526,setting,2.0,2.0,2.0,2.0,0.0
1527,settings,3.0,3.0,3.0,3.0,0.0
1528,sex,18.0,18.0,18.0,18.0,0.0
1529,sexual,23.0,23.0,23.0,23.0,0.0
1530,sexuality,1.0,1.0,1.0,1.0,0.0
1531,sexually,5.0,5.0,5.0,5.0,0.0
1532,sham,2.0,2.0,2.0,2.0,0.0
1533,share,12.0,12.0,12.0,12.0,0.0
1534,shared,1.0,1.0,1.0,1.0,0.0
1535,shield,1.0,1.0,1.0,1.0,0.0
1536,shift,2.0,2.0,2.0,2.0,0.0
1537,shimmer,9.0,9.0,9.0,9.0,0.0
1538,ship,3.0,3.0,3.0,3.0,0.0
1539,shipment,9.0,9.0,9.0,9.0,0.0
1540,shipments,5.0,5.0,5.0,5.0,0.0
1541,shipping,8.0,8.0,8.0,8.0,0.0
1542,shop,8.0,8.0,8.0,8.0,0.0
1543,short,2.0,2.0,2.0,2.0,0.0
1544,shot,4.0,4.0,4.0,4.0,0.0
1545,should,5.0,5.0,5.0,5.0,0.0
1546,show,10.0,10.0,10.0,10.0,0.0
1547,showing,1.0,1.0,1.0,1.0,0.0
1548,shown,1.0,1.0,1.0,1.0,0.0
1549,shut,1.0,1.0,1.0,1.0,0.0
1550,side,1.0,1.0,1.0,1.0,0.0
1551,sign,12.0,12.0,12.0,12.0,0.0
1552,signature,1.0,1.0,1.0,1.0,0.0
1553,signing,1.0,1.0,1.0,1.0,0.0
1554,signs,0.0,0.0,0.0,2.0,0.0
1555,simple,1.0,1.0,1.0,1.0,0.0
1556,simplest,1.0,1.0,1.0,1.0,0.0
1557,single,2.0,2.0,2.0,2.0,0.0
1558,site,15.0,15.0,15.0,15.0,0.0
1559,sitemap,3.0,3.0,3.0,3.0,0.0
1560,sites,2.0,2.0,2.0,2.0,0.0
1561,six,1.0,1.0,1.0,1.0,0.0
1562,sizes,2.0,2.0,2.0,2.0,0.0
1563,skip,1.0,1.0,1.0,1.0,0.0
1564,skyla,1.0,1.0,1.0,1.0,0.0
1565,sleeve,3.0,3.0,3.0,3.0,0.0
1566,slipped,2.0,2.0,2.0,2.0,0.0
1567,slow,1.0,1.0,1.0,1.0,0.0
1568,small,4.0,4.0,4.0,4.0,0.0
1569,smoking,2.0,2.0,2.0,2.0,0.0
1570,smooth,1.0,1.0,1.0,1.0,0.0
1571,sobre,1.0,1.0,1.0,1.0,0.0
1572,social,4.0,4.0,4.0,4.0,0.0
1573,socks,1.0,1.0,1.0,1.0,0.0
1574,solid,96.0,96.0,96.0,96.0,0.0
1575,some,6.0,6.0,6.0,6.0,0.0
1576,someone,3.0,3.0,3.0,3.0,0.0
1577,son,6.0,6.0,6.0,6.0,0.0
1578,soon,3.0,3.0,3.0,3.0,0.0
1579,sorry,4.0,4.0,4.0,4.0,0.0
1580,source,3.0,3.0,3.0,3.0,0.0
1581,south,5.0,5.0,5.0,8.0,0.0
1582,southeast,4.0,4.0,4.0,4.0,0.0
1583,southern,3.0,3.0,3.0,3.0,0.0
1584,southwest,6.0,6.0,6.0,6.0,0.0
1585,span,8.0,8.0,8.0,8.0,0.0
1586,speak,10.0,10.0,10.0,10.0,0.0
1587,special,5.0,5.0,5.0,5.0,0.0
1588,specialty,1.0,1.0,1.0,1.0,0.0
1589,specific,2.0,2.0,2.0,2.0,0.0
1590,sports,1.0,1.0,1.0,1.0,0.0
1591,spot,7.0,7.0,7.0,7.0,0.0
1592,ssr,2.0,2.0,2.0,2.0,0.0
1593,staff,6.0,6.0,6.0,6.0,0.0
1594,staffing,1.0,1.0,1.0,1.0,0.0
1595,stand,3.0,3.0,3.0,3.0,0.0
1596,standard,1.0,1.0,1.0,1.0,0.0
1597,standing,1.0,1.0,1.0,1.0,0.0
1598,start,6.0,6.0,6.0,6.0,0.0
1599,state,26.0,26.0,26.0,26.0,0.0
1600,statement,4.0,4.0,4.0,4.0,0.0
1601,statementisnotterminated,4.0,4.0,4.0,4.0,0.0
1602,states,8.0,8.0,8.0,8.0,0.0
1603,stay,4.0,4.0,4.0,5.0,0.0
1604,std,20.0,20.0,19.0,20.0,0.0
1605,stds,1.0,1.0,1.0,1.0,0.0
1606,step,1.0,1.0,1.0,1.0,0.0
1607,sterilization,2.0,2.0,2.0,2.0,0.0
1608,sti,3.0,3.0,3.0,3.0,0.0
1609,sticky,28.0,28.0,28.0,28.0,0.0
1610,still,4.0,4.0,4.0,4.0,0.0
1611,stop,4.0,4.0,4.0,5.0,0.0
1612,storage,1.0,1.0,1.0,1.0,0.0
1613,store,9.0,9.0,9.0,9.0,0.0
1614,storenow,2.0,2.0,2.0,2.0,0.0
1615,story,5.0,5.0,5.0,5.0,0.0
1616,straight,1.0,1.0,1.0,1.0,0.0
1617,strategic,1.0,1.0,1.0,1.0,0.0
1618,strategyapplyvice,1.0,1.0,1.0,1.0,0.0
1619,strategynyc,1.0,1.0,1.0,1.0,0.0
1620,strategyoffice,1.0,1.0,1.0,1.0,0.0
1621,strategyremoteoffice,1.0,1.0,1.0,1.0,0.0
1622,street,2.0,1.0,1.0,2.0,0.0
1623,string,6.0,6.0,6.0,6.0,0.0
1624,strings,1.0,1.0,1.0,1.0,0.0
1625,strong,1.0,1.0,1.0,1.0,0.0
1626,stronger,2.0,2.0,2.0,2.0,0.0
1627,student,1.0,1.0,1.0,1.0,0.0
1628,stunt,1.0,1.0,1.0,1.0,0.0
1629,style,1.0,1.0,1.0,1.0,0.0
1630,styles,4.0,4.0,4.0,4.0,0.0
1631,styling,3.0,3.0,3.0,3.0,0.0
1632,stylize,4.0,4.0,4.0,4.0,0.0
1633,subcutaneous,1.0,1.0,1.0,1.0,0.0
1634,subject,4.0,4.0,4.0,4.0,0.0
1635,submission,2.0,2.0,2.0,2.0,0.0
1636,submit,7.0,7.0,7.0,7.0,0.0
1637,submitbtn,1.0,1.0,1.0,1.0,0.0
1638,submitpresegue,2.0,2.0,2.0,2.0,0.0
1639,submitsegue,4.0,4.0,4.0,4.0,0.0
1640,submitted,2.0,2.0,2.0,2.0,0.0
1641,subscribe,4.0,4.0,4.0,4.0,0.0
1642,successfully,1.0,1.0,1.0,1.0,0.0
1643,such,5.0,5.0,5.0,5.0,0.0
1644,sun,1.0,1.0,1.0,1.0,0.0
1645,sunday,1.0,1.0,1.0,1.0,0.0
1646,supplies,4.0,4.0,4.0,4.0,0.0
1647,supply,4.0,4.0,4.0,4.0,0.0
1648,support,6.0,6.0,6.0,6.0,0.0
1649,supporting,1.0,1.0,1.0,1.0,0.0
1650,supports,1.0,1.0,1.0,1.0,0.0
1651,supreme,3.0,3.0,3.0,3.0,0.0
1652,sure,6.0,6.0,6.0,6.0,0.0
1653,survey,2.0,2.0,2.0,2.0,0.0
1654,svg,3.0,3.0,3.0,3.0,0.0
1655,svp,4.0,4.0,4.0,4.0,0.0
1656,switch,0.0,0.0,0.0,2.0,0.0
1657,sync,1.0,1.0,1.0,1.0,0.0
1658,syntax,1.0,1.0,1.0,1.0,0.0
1659,tab,4.0,4.0,4.0,4.0,0.0
1660,tabs,1.0,1.0,1.0,1.0,0.0
1661,tag,2.0,2.0,2.0,2.0,0.0
1662,take,16.0,16.0,16.0,19.0,0.0
1663,taking,3.0,3.0,3.0,3.0,0.0
1664,talcott,0.0,9.0,0.0,0.0,0.0
1665,talk,2.0,2.0,2.0,2.0,0.0
1666,talking,1.0,1.0,1.0,1.0,0.0
1667,taraji,2.0,2.0,2.0,2.0,0.0
1668,target,18.0,18.0,18.0,18.0,0.0
1669,tax,7.0,7.0,7.0,7.0,0.0
1670,team,2.0,2.0,2.0,2.0,0.0
1671,technology,1.0,1.0,1.0,1.0,0.0
1672,teens,7.0,7.0,7.0,7.0,0.0
1673,telecommuteroffice,2.0,2.0,2.0,2.0,0.0
1674,telehealth,17.0,17.0,17.0,17.0,0.0
1675,telemetrybasedata,2.0,2.0,2.0,2.0,0.0
1676,telemetryitem,2.0,2.0,2.0,2.0,0.0
1677,telephone,2.0,2.0,2.0,2.0,0.0
1678,tell,6.0,6.0,6.0,6.0,0.0
1679,tennessee,3.0,3.0,3.0,3.0,0.0
1680,term,1.0,1.0,1.0,1.0,0.0
1681,terms,19.0,19.0,19.0,19.0,0.0
1682,test,9.0,9.0,9.0,9.0,0.0
1683,testing,25.0,25.0,23.0,25.0,0.0
1684,tests,3.0,3.0,3.0,3.0,0.0
1685,texas,2.0,2.0,2.0,2.0,0.0
1686,text,5.0,5.0,5.0,6.0,0.0
1687,textarea,2.0,2.0,2.0,2.0,0.0
1688,textchange,1.0,1.0,1.0,1.0,0.0
1689,than,10.0,10.0,10.0,10.0,0.0
1690,thank,6.0,6.0,6.0,6.0,0.0
1691,thanksgiving,1.0,1.0,1.0,1.0,0.0
1692,that's,2.0,2.0,2.0,2.0,0.0
1693,theater,1.0,1.0,1.0,1.0,0.0
1694,their,8.0,8.0,8.0,8.0,0.0
1695,them,5.0,5.0,5.0,5.0,0.0
1696,theme,1.0,1.0,1.0,1.0,0.0
1697,then,2.0,2.0,2.0,2.0,0.0
1698,therapy,15.0,15.0,15.0,15.0,0.0
1699,there,3.0,3.0,3.0,3.0,0.0
1700,there's,2.0,2.0,2.0,2.0,0.0
1701,there’s,2.0,2.0,2.0,2.0,0.0
1702,these,4.0,4.0,4.0,4.0,0.0
1703,they,8.0,8.0,8.0,8.0,0.0
1704,they're,1.0,1.0,1.0,1.0,0.0
1705,they’re,1.0,1.0,1.0,1.0,0.0
1706,they’ve,2.0,2.0,2.0,2.0,0.0
1707,thin,1.0,1.0,1.0,1.0,0.0
1708,thing,1.0,1.0,1.0,1.0,0.0
1709,think,5.0,5.0,5.0,5.0,0.0
1710,this,133.0,133.0,133.0,134.0,0.0
1711,thisplugin,1.0,1.0,1.0,1.0,0.0
1712,those,2.0,2.0,2.0,2.0,0.0
1713,thousands,1.0,1.0,1.0,1.0,0.0
1714,three,1.0,1.0,1.0,1.0,0.0
1715,through,18.0,18.0,18.0,19.0,0.0
1716,throws,1.0,1.0,1.0,1.0,0.0
1717,thurs,1.0,1.0,1.0,1.0,0.0
1718,ticket©,1.0,1.0,1.0,1.0,0.0
1719,tiene,1.0,1.0,1.0,1.0,0.0
1720,tiktok,1.0,1.0,1.0,1.0,0.0
1721,tile,1.0,1.0,1.0,1.0,0.0
1722,time,11.0,11.0,11.0,14.0,0.0
1723,timefull,1.0,1.0,1.0,1.0,0.0
1724,timeno,1.0,1.0,1.0,1.0,0.0
1725,times,2.0,2.0,2.0,2.0,0.0
1726,tipsheet,1.0,1.0,1.0,1.0,0.0
1727,title,1.0,1.0,1.0,1.0,0.0
1728,toastfadein,9.0,9.0,9.0,9.0,0.0
1729,today,2.0,2.0,2.0,2.0,0.0
1730,toggle,25.0,25.0,25.0,25.0,0.0
1731,toggling,1.0,1.0,1.0,1.0,0.0
1732,token,2.0,2.0,2.0,2.0,0.0
1733,tomar,1.0,1.0,1.0,1.0,0.0
1734,too,2.0,2.0,2.0,2.0,0.0
1735,tool,1.0,1.0,1.0,1.0,0.0
1736,top,12.0,12.0,12.0,12.0,0.0
1737,topics,2.0,2.0,2.0,2.0,0.0
1738,touch,1.0,1.0,1.0,1.0,0.0
1739,tov,1.0,1.0,1.0,1.0,0.0
1740,tracker,1.0,1.0,1.0,1.0,0.0
1741,tracking,1.0,1.0,1.0,1.0,0.0
1742,tract,1.0,1.0,0.0,1.0,0.0
1743,trans,1.0,1.0,1.0,1.0,0.0
1744,transaction,5.0,5.0,5.0,5.0,0.0
1745,transferred,1.0,1.0,1.0,1.0,0.0
1746,transformation,1.0,1.0,1.0,1.0,0.0
1747,transgender,13.0,13.0,13.0,13.0,0.0
1748,transition,1.0,1.0,1.0,1.0,0.0
1749,transitions,1.0,1.0,1.0,1.0,0.0
1750,transmitted,5.0,5.0,5.0,5.0,0.0
1751,transparent,1.0,1.0,1.0,1.0,0.0
1752,tratando,1.0,1.0,1.0,1.0,0.0
1753,travel,0.0,0.0,0.0,2.0,0.0
1754,treatment,17.0,17.0,17.0,17.0,0.0
1755,treatments,1.0,1.0,0.0,1.0,0.0
1756,tree,1.0,1.0,1.0,1.0,0.0
1757,tribute,1.0,1.0,1.0,1.0,0.0
1758,trigger,4.0,4.0,4.0,4.0,0.0
1759,true,2.0,2.0,2.0,2.0,0.0
1760,truly,2.0,2.0,2.0,2.0,0.0
1761,trusted,9.0,9.0,9.0,9.0,0.0
1762,truvada,1.0,1.0,1.0,1.0,0.0
1763,try,7.0,7.0,7.0,7.0,0.0
1764,trying,1.0,1.0,1.0,1.0,0.0
1765,trymonthlynotice,1.0,1.0,1.0,1.0,0.0
1766,tubal,2.0,2.0,2.0,2.0,0.0
1767,tues,1.0,1.0,1.0,1.0,0.0
1768,tufts,1.0,1.0,1.0,1.0,0.0
1769,turn,1.0,1.0,1.0,6.0,0.0
1770,turned,2.0,2.0,2.0,2.0,0.0
1771,twice,2.0,2.0,2.0,2.0,0.0
1772,twitter,3.0,3.0,3.0,3.0,0.0
1773,two,5.0,5.0,5.0,5.0,0.0
1774,type,1.0,1.0,1.0,1.0,0.0
1775,typeallfull,1.0,1.0,1.0,1.0,0.0
1776,typeof,1.0,1.0,1.0,1.0,0.0
1777,types,4.0,4.0,4.0,4.0,0.0
1778,typethis,1.0,1.0,1.0,1.0,0.0
1779,uhcsr,1.0,1.0,1.0,1.0,0.0
1780,unable,3.0,3.0,3.0,3.0,0.0
1781,uncheck,2.0,2.0,2.0,2.0,0.0
1782,unchecked,2.0,2.0,2.0,2.0,0.0
1783,undefined,1.0,1.0,1.0,1.0,0.0
1784,under,12.0,12.0,12.0,13.0,0.0
1785,underneath,2.0,2.0,2.0,2.0,0.0
1786,unique,2.0,2.0,2.0,2.0,0.0
1787,united,1.0,1.0,0.0,1.0,0.0
1788,unless,1.0,1.0,1.0,1.0,0.0
1789,unnecessary,2.0,2.0,2.0,2.0,0.0
1790,uno,2.0,2.0,2.0,2.0,0.0
1791,unprotected,2.0,2.0,2.0,2.0,0.0
1792,unsubscribe,1.0,1.0,1.0,1.0,0.0
1793,until,9.0,9.0,9.0,10.0,0.0
1794,upcoming,1.0,1.0,1.0,1.0,0.0
1795,update,1.0,1.0,1.0,1.0,0.0
1796,updateaffiliateid,3.0,3.0,3.0,3.0,0.0
1797,updated,1.0,1.0,1.0,1.0,0.0
1798,updates,4.0,4.0,4.0,4.0,0.0
1799,updating,1.0,1.0,1.0,1.0,0.0
1800,uploading,1.0,1.0,1.0,1.0,0.0
1801,uplog,1.0,1.0,1.0,1.0,0.0
1802,upon,2.0,2.0,2.0,2.0,0.0
1803,urban,2.0,2.0,2.0,2.0,0.0
1804,urinary,1.0,1.0,0.0,1.0,0.0
1805,url,2.0,2.0,2.0,2.0,0.0
1806,usa,1.0,1.0,1.0,1.0,0.0
1807,usar,2.0,2.0,2.0,2.0,0.0
1808,usd,2.0,2.0,2.0,2.0,0.0
1809,use,24.0,24.0,24.0,24.0,0.0
1810,usecontact,2.0,2.0,2.0,2.0,0.0
1811,used,14.0,14.0,14.0,14.0,0.0
1812,usematchviewport,1.0,1.0,1.0,1.0,0.0
1813,user,12.0,12.0,12.0,12.0,0.0
1814,users,1.0,1.0,1.0,1.0,0.0
1815,uses,1.0,1.0,1.0,1.0,0.0
1816,using,8.0,8.0,8.0,9.0,0.0
1817,uti,3.0,3.0,3.0,3.0,0.0
1818,vaccine,13.0,13.0,13.0,13.0,0.0
1819,vaccines,13.0,13.0,13.0,13.0,0.0
1820,vagina,4.0,4.0,4.0,4.0,0.0
1821,vaginal,1.0,1.0,1.0,1.0,0.0
1822,val,1.0,1.0,1.0,1.0,0.0
1823,valid,13.0,13.0,13.0,13.0,0.0
1824,validated,14.0,14.0,14.0,14.0,0.0
1825,validation,6.0,6.0,6.0,6.0,0.0
1826,valuable,3.0,3.0,3.0,3.0,0.0
1827,value,13.0,13.0,13.0,13.0,0.0
1828,values,2.0,2.0,2.0,2.0,0.0
1829,valueyes,2.0,2.0,2.0,2.0,0.0
1830,var,131.0,131.0,131.0,131.0,0.0
1831,variable,4.0,4.0,4.0,4.0,0.0
1832,variables,2.0,2.0,2.0,2.0,0.0
1833,variableusedoutofscope,2.0,2.0,2.0,2.0,0.0
1834,various,1.0,1.0,1.0,1.0,0.0
1835,vars,1.0,1.0,1.0,1.0,0.0
1836,vermont,5.0,5.0,5.0,5.0,0.0
1837,vermonters,1.0,1.0,1.0,1.0,0.0
1838,version,1.0,1.0,1.0,1.0,0.0
1839,vhap,1.0,1.0,1.0,1.0,0.0
1840,via,3.0,3.0,3.0,3.0,0.0
1841,vice,14.0,14.0,14.0,14.0,0.0
1842,video,38.0,38.0,38.0,38.0,0.0
1843,videos,6.0,6.0,6.0,6.0,0.0
1844,view,12.0,12.0,12.0,13.0,0.0
1845,virtual,2.0,2.0,2.0,2.0,0.0
1846,visa,1.0,1.0,1.0,1.0,0.0
1847,visible,1.0,1.0,1.0,1.0,0.0
1848,visit,11.0,11.0,11.0,9.0,0.0
1849,visiting,0.0,0.0,0.0,1.0,0.0
1850,visual,1.0,1.0,1.0,1.0,0.0
1851,vital,4.0,4.0,4.0,4.0,0.0
1852,void,8.0,8.0,8.0,8.0,0.0
1853,volunteer,9.0,9.0,9.0,9.0,0.0
1854,volunteering,5.0,5.0,5.0,5.0,0.0
1855,volunteers,1.0,1.0,1.0,1.0,0.0
1856,voting,2.0,2.0,2.0,2.0,0.0
1857,vulva,2.0,2.0,2.0,2.0,0.0
1858,wade,1.0,1.0,1.0,1.0,0.0
1859,wait,1.0,1.0,1.0,1.0,0.0
1860,waiting,1.0,1.0,1.0,2.0,0.0
1861,want,13.0,13.0,13.0,13.0,0.0
1862,washington,3.0,3.0,3.0,16.0,0.0
1863,watch,1.0,1.0,1.0,1.0,0.0
1864,watching,1.0,1.0,1.0,1.0,0.0
1865,way,3.0,3.0,3.0,3.0,0.0
1866,ways,5.0,5.0,5.0,5.0,0.0
1867,we'll,3.0,3.0,3.0,3.0,0.0
1868,we're,2.0,2.0,2.0,2.0,0.0
1869,wear,1.0,1.0,1.0,1.0,0.0
1870,web,1.0,1.0,1.0,1.0,0.0
1871,website,10.0,10.0,10.0,10.0,0.0
1872,website's,2.0,2.0,2.0,2.0,0.0
1873,wed,1.0,1.0,1.0,1.0,0.0
1874,weekday,1.0,1.0,1.0,1.0,0.0
1875,weeks,10.0,10.0,10.0,10.0,0.0
1876,welcome,2.0,2.0,2.0,2.0,0.0
1877,well,5.0,5.0,5.0,5.0,0.0
1878,wellness,6.0,6.0,6.0,6.0,0.0
1879,went,1.0,1.0,1.0,1.0,0.0
1880,weren't,1.0,1.0,1.0,1.0,0.0
1881,west,0.0,0.0,0.0,1.0,0.0
1882,we’ll,3.0,3.0,3.0,3.0,0.0
1883,we’re,2.0,2.0,2.0,2.0,0.0
1884,we’ve,1.0,1.0,1.0,1.0,0.0
1885,what,21.0,21.0,21.0,21.0,0.0
1886,whatever,2.0,2.0,2.0,2.0,0.0
1887,when,38.0,38.0,38.0,41.0,0.0
1888,whenever,1.0,1.0,1.0,1.0,0.0
1889,where,2.0,2.0,2.0,2.0,0.0
1890,wherever,1.0,1.0,1.0,1.0,0.0
1891,whether,1.0,1.0,1.0,1.0,0.0
1892,which,2.0,2.0,2.0,2.0,0.0
1893,while,6.0,6.0,6.0,6.0,0.0
1894,who,10.0,10.0,10.0,10.0,0.0
1895,why,3.0,3.0,3.0,3.0,0.0
1896,width,5.0,5.0,5.0,5.0,0.0
1897,willamette,2.0,2.0,2.0,2.0,0.0
1898,williamette,1.0,1.0,1.0,1.0,0.0
1899,willing,3.0,3.0,3.0,3.0,0.0
1900,williston,0.0,3.0,0.0,0.0,0.0
1901,win,1.0,1.0,1.0,1.0,0.0
1902,window,3.0,3.0,3.0,3.0,0.0
1903,wish,3.0,3.0,3.0,3.0,0.0
1904,withdrawal,2.0,2.0,2.0,2.0,0.0
1905,within,3.0,3.0,3.0,3.0,0.0
1906,without,6.0,6.0,6.0,6.0,0.0
1907,women,2.0,2.0,2.0,2.0,0.0
1908,women's,15.0,15.0,15.0,15.0,0.0
1909,won't,4.0,4.0,4.0,4.0,0.0
1910,word,1.0,1.0,1.0,1.0,0.0
1911,wordexp,1.0,1.0,1.0,1.0,0.0
1912,words,2.0,2.0,2.0,2.0,0.0
1913,work,6.0,6.0,6.0,6.0,0.0
1914,works,3.0,3.0,3.0,3.0,0.0
1915,workstest,1.0,1.0,1.0,1.0,0.0
1916,world,1.0,1.0,1.0,1.0,0.0
1917,worried,1.0,1.0,1.0,1.0,0.0
1918,would,3.0,3.0,3.0,3.0,0.0
1919,wrap,1.0,1.0,1.0,1.0,0.0
1920,write,1.0,1.0,1.0,1.0,0.0
1921,writing,1.0,1.0,1.0,1.0,0.0
1922,yard,1.0,1.0,1.0,1.0,0.0
1923,year,18.0,18.0,18.0,18.0,0.0
1924,year's,1.0,1.0,1.0,1.0,0.0
1925,years,61.0,61.0,61.0,61.0,0.0
1926,yellow,1.0,1.0,1.0,1.0,0.0
1927,york,2.0,2.0,2.0,2.0,0.0
1928,you,174.0,176.0,175.0,185.0,0.0
1929,you'll,1.0,1.0,1.0,1.0,0.0
1930,you're,0.0,0.0,0.0,3.0,0.0
1931,younextclear,1.0,1.0,1.0,1.0,0.0
1932,young,1.0,1.0,1.0,1.0,0.0
1933,your,249.0,249.0,249.0,254.0,0.0
1934,yourself,1.0,1.0,1.0,1.0,0.0
1935,youtube,2.0,2.0,2.0,2.0,0.0
1936,you’re,1.0,1.0,1.0,1.0,0.0
1937,ytinitialdata,1.0,1.0,1.0,1.0,0.0
1938,zip,18.0,18.0,18.0,18.0,0.0
